name,source_file,column
вычисления внутри сенсора для носимого мониторинга здоровья,positive_weak_signals_global.csv,name_ru
вычисления внутри сенсора,positive_weak_signals_global.csv,technology_ru
in-sensor computing for wearable health monitoring,positive_weak_signals_global.csv,name_original
органоидный интеллект для скрининга лекарств,positive_weak_signals_global.csv,name_ru
органоидный интеллект,positive_weak_signals_global.csv,technology_ru
organoid intelligence for drug screening,positive_weak_signals_global.csv,name_original
защита памяти ИИ-агентов от отравления для оборонных систем,positive_weak_signals_global.csv,name_ru
защита памяти ИИ-агентов от отравления,positive_weak_signals_global.csv,technology_ru
memory poisoning defense for AI agents for defense systems,positive_weak_signals_global.csv,name_original
обучение с подкреплением на промышленных контроллерах для производства цемента,positive_weak_signals_global.csv,name_ru
обучение с подкреплением на промышленных контроллерах,positive_weak_signals_global.csv,technology_ru
reinforcement learning on industrial controllers for cement production,positive_weak_signals_global.csv,name_original
нейроморфные процессоры для крупномасштабных рекомендательных систем,positive_weak_signals_global.csv,name_ru
нейроморфные процессоры,positive_weak_signals_global.csv,technology_ru
neuromorphic processors for large-scale recommendation systems,positive_weak_signals_global.csv,name_original
квантовые процессоры на нейтральных атомах для оптимизации электрических сетей,positive_weak_signals_global.csv,name_ru
квантовые процессоры на нейтральных атомах,positive_weak_signals_global.csv,technology_ru
neutral-atom quantum processors for electric grid optimization,positive_weak_signals_global.csv,name_original
автономные подводные сенсорные сети для мониторинга углерода в океане,positive_weak_signals_global.csv,name_ru
автономные подводные сенсорные сети,positive_weak_signals_global.csv,technology_ru
autonomous underwater sensor networks for ocean carbon monitoring,positive_weak_signals_global.csv,name_original
самовосстанавливающаяся электронная кожа для мягких робототехнических систем,positive_weak_signals_global.csv,name_ru
самовосстанавливающаяся электронная кожа,positive_weak_signals_global.csv,technology_ru
self-healing electronic skin for soft robotic systems,positive_weak_signals_global.csv,name_original
прецизионная ферментация для альтернативных белков,positive_weak_signals_global.csv,name_ru
прецизионная ферментация,positive_weak_signals_global.csv,technology_ru
fermentación de precisión para proteínas alternativas,positive_weak_signals_global.csv,name_original
электрогидравлические мягкие приводы для гибкого производства,positive_weak_signals_global.csv,name_ru
электрогидравлические мягкие приводы,positive_weak_signals_global.csv,technology_ru
electrohydraulic soft actuators for flexible manufacturing,positive_weak_signals_global.csv,name_original
токенизированные депозиты коммерческих банков для программируемых расчётов,positive_weak_signals_global.csv,name_ru
токенизированные депозиты коммерческих банков,positive_weak_signals_global.csv,technology_ru
tokenized commercial bank deposits for programmable settlement,positive_weak_signals_global.csv,name_original
натрий-ионные аккумуляторы для накопления энергии,positive_weak_signals_global.csv,name_ru
натрий-ионные аккумуляторы,positive_weak_signals_global.csv,technology_ru
натрий-ионные аккумуляторы для накопления энергии,positive_weak_signals_global.csv,name_original
событийные сенсоры машинного зрения для мониторинга промышленного оборудования,positive_weak_signals_global.csv,name_ru
событийные сенсоры машинного зрения,positive_weak_signals_global.csv,technology_ru
event-based vision sensors for factory machine monitoring,positive_weak_signals_global.csv,name_original
магнитоуправляемые медицинские микророботы для адресной доставки лекарств,positive_weak_signals_global.csv,name_ru
магнитоуправляемые медицинские микророботы,positive_weak_signals_global.csv,technology_ru
magnetically guided medical microrobots for targeted drug delivery,positive_weak_signals_global.csv,name_original
провенанс моделей ИИ и ведомости компонентов для автономной разработки программного обеспечения,positive_weak_signals_global.csv,name_ru
провенанс моделей ИИ и ведомости компонентов,positive_weak_signals_global.csv,technology_ru
AI model provenance and software bills of materials for autonomous software engineering,positive_weak_signals_global.csv,name_original
фундаментальные модели промышленных временных рядов для нефтегазовых операций,positive_weak_signals_global.csv,name_ru
фундаментальные модели промышленных временных рядов,positive_weak_signals_global.csv,technology_ru
foundation models for industrial time series for oil and gas operations,positive_weak_signals_global.csv,name_original
фотонные нейросетевые ускорители для энергоэффективных центров обработки данных ИИ,positive_weak_signals_global.csv,name_ru
фотонные нейросетевые ускорители,positive_weak_signals_global.csv,technology_ru
photonic neural accelerators for low-energy AI data centers,positive_weak_signals_global.csv,name_original
сети квантовых повторителей для квантовой химии,positive_weak_signals_global.csv,name_ru
сети квантовых повторителей,positive_weak_signals_global.csv,technology_ru
quantum repeater networks for quantum chemistry,positive_weak_signals_global.csv,name_original
автономные подводные сенсорные сети для морской безопасности,positive_weak_signals_global.csv,name_ru
автономные подводные сенсорные сети,positive_weak_signals_global.csv,technology_ru
autonomous underwater sensor networks for maritime security,positive_weak_signals_global.csv,name_original
самовосстанавливающаяся электронная кожа для гибких медицинских устройств,positive_weak_signals_global.csv,name_ru
самовосстанавливающаяся электронная кожа,positive_weak_signals_global.csv,technology_ru
self-healing electronic skin for flexible medical devices,positive_weak_signals_global.csv,name_original
прецизионная ферментация для альтернативного производства молочных продуктов,positive_weak_signals_global.csv,name_ru
прецизионная ферментация,positive_weak_signals_global.csv,technology_ru
precision fermentation for alternative dairy production,positive_weak_signals_global.csv,name_original
тактильные vision-language-action модели для автоматизации строительства,positive_weak_signals_global.csv,name_ru
тактильные vision-language-action модели,positive_weak_signals_global.csv,technology_ru
tactile vision-language-action models for construction automation,positive_weak_signals_global.csv,name_original
токенизированные депозиты коммерческих банков для хранения цифровых активов,positive_weak_signals_global.csv,name_ru
токенизированные депозиты коммерческих банков,positive_weak_signals_global.csv,technology_ru
tokenized commercial bank deposits for digital asset custody,positive_weak_signals_global.csv,name_original
электрохимический синтез аммиака для производства зелёного водорода,positive_weak_signals_global.csv,name_ru
электрохимический синтез аммиака,positive_weak_signals_global.csv,technology_ru
electrochemical ammonia synthesis for green hydrogen production,positive_weak_signals_global.csv,name_original
дообучение моделей на устройстве для персонализированных мобильных ассистентов,positive_weak_signals_global.csv,name_ru
дообучение моделей на устройстве,positive_weak_signals_global.csv,technology_ru
on-device model fine-tuning for personalized mobile assistants,positive_weak_signals_global.csv,name_original
федеративное обучение между клиническими учреждениями для лечения редких заболеваний,positive_weak_signals_global.csv,name_ru
федеративное обучение между клиническими учреждениями,positive_weak_signals_global.csv,technology_ru
federated learning across clinical institutions for rare disease treatment,positive_weak_signals_global.csv,name_original
провенанс моделей ИИ и ведомости компонентов для автономных цепочек поставок,positive_weak_signals_global.csv,name_ru
провенанс моделей ИИ и ведомости компонентов,positive_weak_signals_global.csv,technology_ru
AI model provenance and software bills of materials for autonomous supply chains,positive_weak_signals_global.csv,name_original
адаптивная роботизированная сварка с машинным зрением для целлюлозно-бумажного производства,positive_weak_signals_global.csv,name_ru
адаптивная роботизированная сварка с машинным зрением,positive_weak_signals_global.csv,technology_ru
adaptive vision-guided robotic welding for pulp and paper production,positive_weak_signals_global.csv,name_original
аналоговые вычисления в памяти для энергоэффективного edge-инференса,positive_weak_signals_global.csv,name_ru
аналоговые вычисления в памяти,positive_weak_signals_global.csv,technology_ru
analog in-memory computing for energy-efficient edge inference,positive_weak_signals_global.csv,name_original
алмазные квантовые сенсоры для медицинской визуализации,positive_weak_signals_global.csv,name_ru
алмазные квантовые сенсоры,positive_weak_signals_global.csv,technology_ru
diamond quantum sensors for medical imaging,positive_weak_signals_global.csv,name_original
автономные подводные сенсорные сети для мониторинга рыболовства,positive_weak_signals_global.csv,name_ru
автономные подводные сенсорные сети,positive_weak_signals_global.csv,technology_ru
autonomous underwater sensor networks for fisheries monitoring,positive_weak_signals_global.csv,name_original
самовосстанавливающаяся электронная кожа для сетевых накопителей энергии,positive_weak_signals_global.csv,name_ru
самовосстанавливающаяся электронная кожа,positive_weak_signals_global.csv,technology_ru
self-healing electronic skin for grid-scale energy storage,positive_weak_signals_global.csv,name_original
электрохимическое производство удобрений для альтернативного производства молочных продуктов,positive_weak_signals_global.csv,name_ru
электрохимическое производство удобрений,positive_weak_signals_global.csv,technology_ru
electrochemical fertilizer production for alternative dairy production,positive_weak_signals_global.csv,name_original
zero-shot перенос из симуляции в реальность для гибкого производства,positive_weak_signals_global.csv,name_ru
zero-shot перенос из симуляции в реальность,positive_weak_signals_global.csv,technology_ru
zero-shot simulation-to-reality transfer for flexible manufacturing,positive_weak_signals_global.csv,name_original
протоколы авторизации платежей ИИ-агентов для цифровых валют центральных банков,positive_weak_signals_global.csv,name_ru
протоколы авторизации платежей ИИ-агентов,positive_weak_signals_global.csv,technology_ru
AI agent payment authorization protocols for central bank digital currency,positive_weak_signals_global.csv,name_original
электрохимический прямой захват углерода из воздуха для производства авиационного топлива,positive_weak_signals_global.csv,name_ru
электрохимический прямой захват углерода из воздуха,positive_weak_signals_global.csv,technology_ru
electrochemical direct air carbon capture for aviation fuel production,positive_weak_signals_global.csv,name_original
нейропроцессоры tinyML для мониторинга дикой природы,positive_weak_signals_global.csv,name_ru
нейропроцессоры tinyML,positive_weak_signals_global.csv,technology_ru
tinyML neural processing units for wildlife monitoring,positive_weak_signals_global.csv,name_original
органоидный интеллект для персонализированной терапии рака,positive_weak_signals_global.csv,name_ru
органоидный интеллект,positive_weak_signals_global.csv,technology_ru
organoid intelligence for personalized cancer therapy,positive_weak_signals_global.csv,name_original
идентичность ИИ-агентов и делегированная авторизация для эксплуатации критической инфраструктуры,positive_weak_signals_global.csv,name_ru
идентичность ИИ-агентов и делегированная авторизация,positive_weak_signals_global.csv,technology_ru
AI agent identity and delegated authorization for critical infrastructure operations,positive_weak_signals_global.csv,name_original
обучение с подкреплением на промышленных контроллерах для целлюлозно-бумажного производства,positive_weak_signals_global.csv,name_ru
обучение с подкреплением на промышленных контроллерах,positive_weak_signals_global.csv,technology_ru
reinforcement learning on industrial controllers for pulp and paper production,positive_weak_signals_global.csv,name_original
фотонные нейросетевые ускорители для высокопроизводительных научных вычислений,positive_weak_signals_global.csv,name_ru
фотонные нейросетевые ускорители,positive_weak_signals_global.csv,technology_ru
photonic neural accelerators for high-performance scientific computing,positive_weak_signals_global.csv,name_original
алмазные квантовые сенсоры для квантовой химии,positive_weak_signals_global.csv,name_ru
алмазные квантовые сенсоры,positive_weak_signals_global.csv,technology_ru
diamond quantum sensors for quantum chemistry,positive_weak_signals_global.csv,name_original
космическая солнечная энергетика для морской безопасности,positive_weak_signals_global.csv,name_ru
космическая солнечная энергетика,positive_weak_signals_global.csv,technology_ru
space-based solar power for maritime security,positive_weak_signals_global.csv,name_original
программируемые механические метаматериалы для мягких робототехнических систем,positive_weak_signals_global.csv,name_ru
программируемые механические метаматериалы,positive_weak_signals_global.csv,technology_ru
programmable mechanical metamaterials for soft robotic systems,positive_weak_signals_global.csv,name_original
электрохимическое производство удобрений для измерения углерода в сельском хозяйстве,positive_weak_signals_global.csv,name_ru
электрохимическое производство удобрений,positive_weak_signals_global.csv,technology_ru
electrochemical fertilizer production for agricultural carbon measurement,positive_weak_signals_global.csv,name_original
платформы телеоперационных данных для обучения роботов для автоматизации строительства,positive_weak_signals_global.csv,name_ru
платформы телеоперационных данных для обучения роботов,positive_weak_signals_global.csv,technology_ru
teleoperation data engines for robot learning for construction automation,positive_weak_signals_global.csv,name_original
протоколы авторизации платежей ИИ-агентов для трансграничных расчётов,positive_weak_signals_global.csv,name_ru
протоколы авторизации платежей ИИ-агентов,positive_weak_signals_global.csv,technology_ru
AI agent payment authorization protocols for cross-border settlement,positive_weak_signals_global.csv,name_original
электрохимический прямой захват углерода из воздуха для производства зелёного водорода,positive_weak_signals_global.csv,name_ru
электрохимический прямой захват углерода из воздуха,positive_weak_signals_global.csv,technology_ru
electrochemical direct air carbon capture for green hydrogen production,positive_weak_signals_global.csv,name_original
вычисления внутри сенсора для мониторинга дикой природы,positive_weak_signals_global.csv,name_ru
вычисления внутри сенсора,positive_weak_signals_global.csv,technology_ru
in-sensor computing for wildlife monitoring,positive_weak_signals_global.csv,name_original
программируемое редактирование эпигенома для доставки генотерапевтических препаратов,positive_weak_signals_global.csv,name_ru
программируемое редактирование эпигенома,positive_weak_signals_global.csv,technology_ru
programmable epigenome editing for gene therapy delivery,positive_weak_signals_global.csv,name_original
машинное разобучение для оборонных систем,positive_weak_signals_global.csv,name_ru
машинное разобучение,positive_weak_signals_global.csv,technology_ru
machine unlearning for defense systems,positive_weak_signals_global.csv,name_original
обучение с подкреплением на промышленных контроллерах для химических производств,positive_weak_signals_global.csv,name_ru
обучение с подкреплением на промышленных контроллерах,positive_weak_signals_global.csv,technology_ru
reinforcement learning on industrial controllers for chemical process plants,positive_weak_signals_global.csv,name_original
оптическая коммутация каналов для распределённого обслуживания моделей,positive_weak_signals_global.csv,name_ru
оптическая коммутация каналов,positive_weak_signals_global.csv,technology_ru
optical circuit switching for distributed model serving,positive_weak_signals_global.csv,name_original
квантовые процессоры на нейтральных атомах для квантовой химии,positive_weak_signals_global.csv,name_ru
квантовые процессоры на нейтральных атомах,positive_weak_signals_global.csv,technology_ru
neutral-atom quantum processors for quantum chemistry,positive_weak_signals_global.csv,name_original
космическая солнечная энергетика для строительства на Луне,positive_weak_signals_global.csv,name_ru
космическая солнечная энергетика,positive_weak_signals_global.csv,technology_ru
space-based solar power for lunar construction,positive_weak_signals_global.csv,name_original
программируемые механические метаматериалы для гибких медицинских устройств,positive_weak_signals_global.csv,name_ru
программируемые механические метаматериалы,positive_weak_signals_global.csv,technology_ru
programmable mechanical metamaterials for flexible medical devices,positive_weak_signals_global.csv,name_original
прецизионная ферментация для низкоуглеродного производства белка,positive_weak_signals_global.csv,name_ru
прецизионная ферментация,positive_weak_signals_global.csv,technology_ru
precision fermentation for low-carbon protein production,positive_weak_signals_global.csv,name_original
децентрализованные рои роботов для гибкого производства,positive_weak_signals_global.csv,name_ru
децентрализованные рои роботов,positive_weak_signals_global.csv,technology_ru
decentralized robot swarms for flexible manufacturing,positive_weak_signals_global.csv,name_original
федеративное обучение для выявления финансовых преступлений для противодействия отмыванию денег,positive_weak_signals_global.csv,name_ru
федеративное обучение для выявления финансовых преступлений,positive_weak_signals_global.csv,technology_ru
federated learning for financial crime detection for anti-money laundering,positive_weak_signals_global.csv,name_original
электрохимический синтез аммиака для производства зелёной стали,positive_weak_signals_global.csv,name_ru
электрохимический синтез аммиака,positive_weak_signals_global.csv,technology_ru
electrochemical ammonia synthesis for green steel production,positive_weak_signals_global.csv,name_original
событийные сенсоры машинного зрения для точного земледелия,positive_weak_signals_global.csv,name_ru
событийные сенсоры машинного зрения,positive_weak_signals_global.csv,technology_ru
event-based vision sensors for precision agriculture,positive_weak_signals_global.csv,name_original
магнитоуправляемые медицинские микророботы для доставки генотерапевтических препаратов,positive_weak_signals_global.csv,name_ru
магнитоуправляемые медицинские микророботы,positive_weak_signals_global.csv,technology_ru
magnetically guided medical microrobots for gene therapy delivery,positive_weak_signals_global.csv,name_original
идентичность ИИ-агентов и делегированная авторизация для периферийных систем ИИ,positive_weak_signals_global.csv,name_ru
идентичность ИИ-агентов и делегированная авторизация,positive_weak_signals_global.csv,technology_ru
AI agent identity and delegated authorization for edge AI systems,positive_weak_signals_global.csv,name_original
обучение с подкреплением на промышленных контроллерах для пищевого производства,positive_weak_signals_global.csv,name_ru
обучение с подкреплением на промышленных контроллерах,positive_weak_signals_global.csv,technology_ru
reinforcement learning on industrial controllers for food manufacturing,positive_weak_signals_global.csv,name_original
аналоговые вычисления в памяти для высокопроизводительных научных вычислений,positive_weak_signals_global.csv,name_ru
аналоговые вычисления в памяти,positive_weak_signals_global.csv,technology_ru
analog in-memory computing for high-performance scientific computing,positive_weak_signals_global.csv,name_original
квантово-инспирированная тензорная оптимизация для поиска новых материалов,positive_weak_signals_global.csv,name_ru
квантово-инспирированная тензорная оптимизация,positive_weak_signals_global.csv,technology_ru
quantum-inspired tensor optimization for materials discovery,positive_weak_signals_global.csv,name_original
космическая солнечная энергетика для полярных исследований,positive_weak_signals_global.csv,name_ru
космическая солнечная энергетика,positive_weak_signals_global.csv,technology_ru
space-based solar power for polar research,positive_weak_signals_global.csv,name_original
устройства на двумерных полупроводниках для гибких медицинских устройств,positive_weak_signals_global.csv,name_ru
устройства на двумерных полупроводниках,positive_weak_signals_global.csv,technology_ru
two-dimensional semiconductor devices for flexible medical devices,positive_weak_signals_global.csv,name_original
прецизионная ферментация для измерения углерода в сельском хозяйстве,positive_weak_signals_global.csv,name_ru
прецизионная ферментация,positive_weak_signals_global.csv,technology_ru
precision fermentation for agricultural carbon measurement,positive_weak_signals_global.csv,name_original
децентрализованные рои роботов для автоматизации лабораторий,positive_weak_signals_global.csv,name_ru
децентрализованные рои роботов,positive_weak_signals_global.csv,technology_ru
decentralized robot swarms for laboratory automation,positive_weak_signals_global.csv,name_original
токенизированные депозиты коммерческих банков для трансграничных расчётов,positive_weak_signals_global.csv,name_ru
токенизированные депозиты коммерческих банков,positive_weak_signals_global.csv,technology_ru
tokenized commercial bank deposits for cross-border settlement,positive_weak_signals_global.csv,name_original
натрий-ионные аккумуляторы для сезонного хранения энергии,positive_weak_signals_global.csv,name_ru
натрий-ионные аккумуляторы,positive_weak_signals_global.csv,technology_ru
sodium-ion batteries for seasonal energy storage,positive_weak_signals_global.csv,name_original
событийные сенсоры машинного зрения для мониторинга дикой природы,positive_weak_signals_global.csv,name_ru
событийные сенсоры машинного зрения,positive_weak_signals_global.csv,technology_ru
event-based vision sensors for wildlife monitoring,positive_weak_signals_global.csv,name_original
программируемое редактирование эпигенома для адресной доставки лекарств,positive_weak_signals_global.csv,name_ru
программируемое редактирование эпигенома,positive_weak_signals_global.csv,technology_ru
programmable epigenome editing for targeted drug delivery,positive_weak_signals_global.csv,name_original
идентичность ИИ-агентов и делегированная авторизация для агентов финансовых сервисов,positive_weak_signals_global.csv,name_ru
идентичность ИИ-агентов и делегированная авторизация,positive_weak_signals_global.csv,technology_ru
AI agent identity and delegated authorization for financial service agents,positive_weak_signals_global.csv,name_original
обучение с подкреплением на промышленных контроллерах для станций водоочистки,positive_weak_signals_global.csv,name_ru
обучение с подкреплением на промышленных контроллерах,positive_weak_signals_global.csv,technology_ru
reinforcement learning on industrial controllers for water treatment plants,positive_weak_signals_global.csv,name_original
нейроморфные процессоры для энергоэффективного edge-инференса,positive_weak_signals_global.csv,name_ru
нейроморфные процессоры,positive_weak_signals_global.csv,technology_ru
neuromorphic processors for energy-efficient edge inference,positive_weak_signals_global.csv,name_original
квантово-инспирированная тензорная оптимизация для квантовой химии,positive_weak_signals_global.csv,name_ru
квантово-инспирированная тензорная оптимизация,positive_weak_signals_global.csv,technology_ru
quantum-inspired tensor optimization for quantum chemistry,positive_weak_signals_global.csv,name_original
автономные подводные сенсорные сети для мониторинга климата,positive_weak_signals_global.csv,name_ru
автономные подводные сенсорные сети,positive_weak_signals_global.csv,technology_ru
autonomous underwater sensor networks for climate monitoring,positive_weak_signals_global.csv,name_original
самовосстанавливающаяся электронная кожа для малопотребляющих сенсоров,positive_weak_signals_global.csv,name_ru
самовосстанавливающаяся электронная кожа,positive_weak_signals_global.csv,technology_ru
self-healing electronic skin for low-power sensing,positive_weak_signals_global.csv,name_original
прецизионная ферментация для устойчивой аквакультуры,positive_weak_signals_global.csv,name_ru
прецизионная ферментация,positive_weak_signals_global.csv,technology_ru
precision fermentation for sustainable aquaculture,positive_weak_signals_global.csv,name_original
тактильные vision-language-action модели для гибкого производства,positive_weak_signals_global.csv,name_ru
тактильные vision-language-action модели,positive_weak_signals_global.csv,technology_ru
tactile vision-language-action models for flexible manufacturing,positive_weak_signals_global.csv,name_original
токенизированные депозиты коммерческих банков для цифровых валют центральных банков,positive_weak_signals_global.csv,name_ru
токенизированные депозиты коммерческих банков,positive_weak_signals_global.csv,technology_ru
tokenized commercial bank deposits for central bank digital currency,positive_weak_signals_global.csv,name_original
электрохимический синтез аммиака для производства авиационного топлива,positive_weak_signals_global.csv,name_ru
электрохимический синтез аммиака,positive_weak_signals_global.csv,technology_ru
electrochemical ammonia synthesis for aviation fuel production,positive_weak_signals_global.csv,name_original
вычисления внутри сенсора для IoT-устройств с батарейным питанием,positive_weak_signals_global.csv,name_ru
вычисления внутри сенсора,positive_weak_signals_global.csv,technology_ru
in-sensor computing for battery-powered IoT,positive_weak_signals_global.csv,name_original
органоидный интеллект для лечения редких заболеваний,positive_weak_signals_global.csv,name_ru
органоидный интеллект,positive_weak_signals_global.csv,technology_ru
organoid intelligence for rare disease treatment,positive_weak_signals_global.csv,name_original
защита памяти ИИ-агентов от отравления для периферийных систем ИИ,positive_weak_signals_global.csv,name_ru
защита памяти ИИ-агентов от отравления,positive_weak_signals_global.csv,technology_ru
memory poisoning defense for AI agents for edge AI systems,positive_weak_signals_global.csv,name_original
фундаментальные модели промышленных временных рядов для промышленных микросетей,positive_weak_signals_global.csv,name_ru
фундаментальные модели промышленных временных рядов,positive_weak_signals_global.csv,technology_ru
foundation models for industrial time series for industrial microgrids,positive_weak_signals_global.csv,name_original
фотонные нейросетевые ускорители для энергоэффективного edge-инференса,positive_weak_signals_global.csv,name_ru
фотонные нейросетевые ускорители,positive_weak_signals_global.csv,technology_ru
photonic neural accelerators for energy-efficient edge inference,positive_weak_signals_global.csv,name_original
сети квантовых повторителей для защищённой телекоммуникации,positive_weak_signals_global.csv,name_ru
сети квантовых повторителей,positive_weak_signals_global.csv,technology_ru
quantum repeater networks for secure telecommunications,positive_weak_signals_global.csv,name_original
автономные подводные сенсорные сети для полярных исследований,positive_weak_signals_global.csv,name_ru
автономные подводные сенсорные сети,positive_weak_signals_global.csv,technology_ru
autonomous underwater sensor networks for polar research,positive_weak_signals_global.csv,name_original
самовосстанавливающаяся электронная кожа для аэрокосмических конструкций,positive_weak_signals_global.csv,name_ru
самовосстанавливающаяся электронная кожа,positive_weak_signals_global.csv,technology_ru
self-healing electronic skin for aerospace structures,positive_weak_signals_global.csv,name_original
прецизионная ферментация для земледелия в контролируемой среде,positive_weak_signals_global.csv,name_ru
прецизионная ферментация,positive_weak_signals_global.csv,technology_ru
precision fermentation for controlled-environment agriculture,positive_weak_signals_global.csv,name_original
тактильные vision-language-action модели для физической реабилитации,positive_weak_signals_global.csv,name_ru
тактильные vision-language-action модели,positive_weak_signals_global.csv,technology_ru
tactile vision-language-action models for physical rehabilitation,positive_weak_signals_global.csv,name_original
токенизированные депозиты коммерческих банков для финансовой доступности на развивающихся рынках,positive_weak_signals_global.csv,name_ru
токенизированные депозиты коммерческих банков,positive_weak_signals_global.csv,technology_ru
tokenized commercial bank deposits for emerging market financial inclusion,positive_weak_signals_global.csv,name_original
электрохимический синтез аммиака для сезонного хранения энергии,positive_weak_signals_global.csv,name_ru
электрохимический синтез аммиака,positive_weak_signals_global.csv,technology_ru
electrochemical ammonia synthesis for seasonal energy storage,positive_weak_signals_global.csv,name_original
событийные сенсоры машинного зрения для автономного транспорта,positive_weak_signals_global.csv,name_ru
событийные сенсоры машинного зрения,positive_weak_signals_global.csv,technology_ru
event-based vision sensors for autonomous vehicles,positive_weak_signals_global.csv,name_original
органоидный интеллект для регенерации тканей,positive_weak_signals_global.csv,name_ru
органоидный интеллект,positive_weak_signals_global.csv,technology_ru
organoid intelligence for tissue regeneration,positive_weak_signals_global.csv,name_original
защита памяти ИИ-агентов от отравления для агентов научных исследований,positive_weak_signals_global.csv,name_ru
защита памяти ИИ-агентов от отравления,positive_weak_signals_global.csv,technology_ru
memory poisoning defense for AI agents for scientific research agents,positive_weak_signals_global.csv,name_original
обучение с подкреплением на промышленных контроллерах для промышленных микросетей,positive_weak_signals_global.csv,name_ru
обучение с подкреплением на промышленных контроллерах,positive_weak_signals_global.csv,technology_ru
reinforcement learning on industrial controllers for industrial microgrids,positive_weak_signals_global.csv,name_original
фотонные нейросетевые ускорители для обслуживания генеративного ИИ,positive_weak_signals_global.csv,name_ru
фотонные нейросетевые ускорители,positive_weak_signals_global.csv,technology_ru
photonic neural accelerators for generative AI serving,positive_weak_signals_global.csv,name_original
алмазные квантовые сенсоры для мониторинга подземной инфраструктуры,positive_weak_signals_global.csv,name_ru
алмазные квантовые сенсоры,positive_weak_signals_global.csv,technology_ru
diamond quantum sensors for underground infrastructure sensing,positive_weak_signals_global.csv,name_original
орбитальные периферийные вычисления для мониторинга климата,positive_weak_signals_global.csv,name_ru
орбитальные периферийные вычисления,positive_weak_signals_global.csv,technology_ru
orbital edge computing for climate monitoring,positive_weak_signals_global.csv,name_original
самовосстанавливающаяся электронная кожа для биоразлагаемой электроники,positive_weak_signals_global.csv,name_ru
самовосстанавливающаяся электронная кожа,positive_weak_signals_global.csv,technology_ru
self-healing electronic skin for biodegradable electronics,positive_weak_signals_global.csv,name_original
прецизионная ферментация для малых фермерских хозяйств,positive_weak_signals_global.csv,name_ru
прецизионная ферментация,positive_weak_signals_global.csv,technology_ru
precision fermentation for smallholder farming,positive_weak_signals_global.csv,name_original
электрогидравлические мягкие приводы для сбора урожая,positive_weak_signals_global.csv,name_ru
электрогидравлические мягкие приводы,positive_weak_signals_global.csv,technology_ru
electrohydraulic soft actuators for crop harvesting,positive_weak_signals_global.csv,name_original
программируемые деньги с целевыми ограничениями для финансовой доступности на развивающихся рынках,positive_weak_signals_global.csv,name_ru
программируемые деньги с целевыми ограничениями,positive_weak_signals_global.csv,technology_ru
purpose-bound programmable money for emerging market financial inclusion,positive_weak_signals_global.csv,name_original
электрохимический прямой захват углерода из воздуха для производства зелёной стали,positive_weak_signals_global.csv,name_ru
электрохимический прямой захват углерода из воздуха,positive_weak_signals_global.csv,technology_ru
electrochemical direct air carbon capture for green steel production,positive_weak_signals_global.csv,name_original
нейропроцессоры tinyML для мониторинга промышленного оборудования,positive_weak_signals_global.csv,name_ru
нейропроцессоры tinyML,positive_weak_signals_global.csv,technology_ru
tinyML neural processing units for factory machine monitoring,positive_weak_signals_global.csv,name_original
органоидный интеллект для цифровой патологии,positive_weak_signals_global.csv,name_ru
органоидный интеллект,positive_weak_signals_global.csv,technology_ru
organoid intelligence for digital pathology,positive_weak_signals_global.csv,name_original
провенанс моделей ИИ и ведомости компонентов для периферийных систем ИИ,positive_weak_signals_global.csv,name_ru
провенанс моделей ИИ и ведомости компонентов,positive_weak_signals_global.csv,technology_ru
AI model provenance and software bills of materials for edge AI systems,positive_weak_signals_global.csv,name_original
адаптивная роботизированная сварка с машинным зрением для промышленных микросетей,positive_weak_signals_global.csv,name_ru
адаптивная роботизированная сварка с машинным зрением,positive_weak_signals_global.csv,technology_ru
adaptive vision-guided robotic welding for industrial microgrids,positive_weak_signals_global.csv,name_original
нейроморфные процессоры для высокопроизводительных научных вычислений,positive_weak_signals_global.csv,name_ru
нейроморфные процессоры,positive_weak_signals_global.csv,technology_ru
neuromorphic processors for high-performance scientific computing,positive_weak_signals_global.csv,name_original
квантово-инспирированная тензорная оптимизация для оптимизации электрических сетей,positive_weak_signals_global.csv,name_ru
квантово-инспирированная тензорная оптимизация,positive_weak_signals_global.csv,technology_ru
quantum-inspired tensor optimization for electric grid optimization,positive_weak_signals_global.csv,name_original
орбитальные периферийные вычисления для выявления лесных пожаров,positive_weak_signals_global.csv,name_ru
орбитальные периферийные вычисления,positive_weak_signals_global.csv,technology_ru
orbital edge computing for wildfire detection,positive_weak_signals_global.csv,name_original
самовосстанавливающаяся электронная кожа для носимой электроники,positive_weak_signals_global.csv,name_ru
самовосстанавливающаяся электронная кожа,positive_weak_signals_global.csv,technology_ru
self-healing electronic skin for wearable electronics,positive_weak_signals_global.csv,name_original
прецизионная ферментация для вертикального земледелия,positive_weak_signals_global.csv,name_ru
прецизионная ферментация,positive_weak_signals_global.csv,technology_ru
precision fermentation for vertical farming,positive_weak_signals_global.csv,name_original
децентрализованные рои роботов для складской комплектации,positive_weak_signals_global.csv,name_ru
децентрализованные рои роботов,positive_weak_signals_global.csv,technology_ru
decentralized robot swarms for warehouse fulfillment,positive_weak_signals_global.csv,name_original
программируемые деньги с целевыми ограничениями для программируемых расчётов,positive_weak_signals_global.csv,name_ru
программируемые деньги с целевыми ограничениями,positive_weak_signals_global.csv,technology_ru
purpose-bound programmable money for programmable settlement,positive_weak_signals_global.csv,name_original
натрий-ионные аккумуляторы для производства зелёной стали,positive_weak_signals_global.csv,name_ru
натрий-ионные аккумуляторы,positive_weak_signals_global.csv,technology_ru
sodium-ion batteries for green steel production,positive_weak_signals_global.csv,name_original
адаптивная маршрутизация инференса между устройством и облаком для носимого мониторинга здоровья,positive_weak_signals_global.csv,name_ru
адаптивная маршрутизация инференса между устройством и облаком,positive_weak_signals_global.csv,technology_ru
adaptive edge-to-cloud inference routing for wearable health monitoring,positive_weak_signals_global.csv,name_original
органоидный интеллект для интерфейсов мозг–компьютер,positive_weak_signals_global.csv,name_ru
органоидный интеллект,positive_weak_signals_global.csv,technology_ru
organoid intelligence for brain-computer interfaces,positive_weak_signals_global.csv,name_original
идентичность ИИ-агентов и делегированная авторизация для агентов промышленного управления,positive_weak_signals_global.csv,name_ru
идентичность ИИ-агентов и делегированная авторизация,positive_weak_signals_global.csv,technology_ru
AI agent identity and delegated authorization for industrial control agents,positive_weak_signals_global.csv,name_original
адаптивная роботизированная сварка с машинным зрением для пищевого производства,positive_weak_signals_global.csv,name_ru
адаптивная роботизированная сварка с машинным зрением,positive_weak_signals_global.csv,technology_ru
adaptive vision-guided robotic welding for food manufacturing,positive_weak_signals_global.csv,name_original
нейроморфные процессоры для научных фундаментальных моделей,positive_weak_signals_global.csv,name_ru
нейроморфные процессоры,positive_weak_signals_global.csv,technology_ru
neuromorphic processors for scientific foundation models,positive_weak_signals_global.csv,name_original
квантово-инспирированная тензорная оптимизация для моделирования финансовых рисков,positive_weak_signals_global.csv,name_ru
квантово-инспирированная тензорная оптимизация,positive_weak_signals_global.csv,technology_ru
quantum-inspired tensor optimization for financial risk simulation,positive_weak_signals_global.csv,name_original
орбитальные периферийные вычисления для мониторинга рыболовства,positive_weak_signals_global.csv,name_ru
орбитальные периферийные вычисления,positive_weak_signals_global.csv,technology_ru
orbital edge computing for fisheries monitoring,positive_weak_signals_global.csv,name_original
самовосстанавливающаяся электронная кожа для защиты от коррозии,positive_weak_signals_global.csv,name_ru
самовосстанавливающаяся электронная кожа,positive_weak_signals_global.csv,technology_ru
self-healing electronic skin for corrosion protection,positive_weak_signals_global.csv,name_original
прецизионная ферментация для раннего выявления болезней растений,positive_weak_signals_global.csv,name_ru
прецизионная ферментация,positive_weak_signals_global.csv,technology_ru
precision fermentation for early crop disease detection,positive_weak_signals_global.csv,name_original
электрогидравлические мягкие приводы для физической реабилитации,positive_weak_signals_global.csv,name_ru
электрогидравлические мягкие приводы,positive_weak_signals_global.csv,technology_ru
electrohydraulic soft actuators for physical rehabilitation,positive_weak_signals_global.csv,name_original
федеративное обучение для выявления финансовых преступлений для трансграничных расчётов,positive_weak_signals_global.csv,name_ru
федеративное обучение для выявления финансовых преступлений,positive_weak_signals_global.csv,technology_ru
federated learning for financial crime detection for cross-border settlement,positive_weak_signals_global.csv,name_original
натрий-ионные аккумуляторы для производства зелёного водорода,positive_weak_signals_global.csv,name_ru
натрий-ионные аккумуляторы,positive_weak_signals_global.csv,technology_ru
sodium-ion batteries for green hydrogen production,positive_weak_signals_global.csv,name_original
дообучение моделей на устройстве для мониторинга промышленного оборудования,positive_weak_signals_global.csv,name_ru
дообучение моделей на устройстве,positive_weak_signals_global.csv,technology_ru
on-device model fine-tuning for factory machine monitoring,positive_weak_signals_global.csv,name_original
органоидный интеллект для точной диагностики,positive_weak_signals_global.csv,name_ru
органоидный интеллект,positive_weak_signals_global.csv,technology_ru
organoid intelligence for precision diagnostics,positive_weak_signals_global.csv,name_original
идентичность ИИ-агентов и делегированная авторизация для агентов государственных сервисов,positive_weak_signals_global.csv,name_ru
идентичность ИИ-агентов и делегированная авторизация,positive_weak_signals_global.csv,technology_ru
AI agent identity and delegated authorization for government service agents,positive_weak_signals_global.csv,name_original
адаптивная роботизированная сварка с машинным зрением для фармацевтического производства,positive_weak_signals_global.csv,name_ru
адаптивная роботизированная сварка с машинным зрением,positive_weak_signals_global.csv,technology_ru
adaptive vision-guided robotic welding for pharmaceutical manufacturing,positive_weak_signals_global.csv,name_original
аналоговые вычисления в памяти для крупномасштабных рекомендательных систем,positive_weak_signals_global.csv,name_ru
аналоговые вычисления в памяти,positive_weak_signals_global.csv,technology_ru
analog in-memory computing for large-scale recommendation systems,positive_weak_signals_global.csv,name_original
квантово-инспирированная тензорная оптимизация для медицинской визуализации,positive_weak_signals_global.csv,name_ru
квантово-инспирированная тензорная оптимизация,positive_weak_signals_global.csv,technology_ru
quantum-inspired tensor optimization for medical imaging,positive_weak_signals_global.csv,name_original
космическая солнечная энергетика для реагирования на стихийные бедствия,positive_weak_signals_global.csv,name_ru
космическая солнечная энергетика,positive_weak_signals_global.csv,technology_ru
space-based solar power for disaster response,positive_weak_signals_global.csv,name_original
программируемые механические метаматериалы для защиты от коррозии,positive_weak_signals_global.csv,name_ru
программируемые механические метаматериалы,positive_weak_signals_global.csv,technology_ru
programmable mechanical metamaterials for corrosion protection,positive_weak_signals_global.csv,name_original
инженерные микробные биостимуляторы для мониторинга здоровья почв,positive_weak_signals_global.csv,name_ru
инженерные микробные биостимуляторы,positive_weak_signals_global.csv,technology_ru
engineered microbial biostimulants for soil health monitoring,positive_weak_signals_global.csv,name_original
zero-shot перенос из симуляции в реальность для подводной инспекции,positive_weak_signals_global.csv,name_ru
zero-shot перенос из симуляции в реальность,positive_weak_signals_global.csv,technology_ru
zero-shot simulation-to-reality transfer for subsea inspection,positive_weak_signals_global.csv,name_original
федеративное обучение для выявления финансовых преступлений для финансовой доступности на развивающихся рынках,positive_weak_signals_global.csv,name_ru
федеративное обучение для выявления финансовых преступлений,positive_weak_signals_global.csv,technology_ru
federated learning for financial crime detection for emerging market financial inclusion,positive_weak_signals_global.csv,name_original
электрохимический прямой захват углерода из воздуха для углеродно-нейтрального производства химикатов,positive_weak_signals_global.csv,name_ru
электрохимический прямой захват углерода из воздуха,positive_weak_signals_global.csv,technology_ru
electrochemical direct air carbon capture for carbon-neutral chemicals,positive_weak_signals_global.csv,name_original
дообучение моделей на устройстве для мониторинга удалённой инфраструктуры,positive_weak_signals_global.csv,name_ru
дообучение моделей на устройстве,positive_weak_signals_global.csv,technology_ru
on-device model fine-tuning for remote infrastructure monitoring,positive_weak_signals_global.csv,name_original
федеративное обучение между клиническими учреждениями для цифровой патологии,positive_weak_signals_global.csv,name_ru
федеративное обучение между клиническими учреждениями,positive_weak_signals_global.csv,technology_ru
federated learning across clinical institutions for digital pathology,positive_weak_signals_global.csv,name_original
защита памяти ИИ-агентов от отравления для агентов финансовых сервисов,positive_weak_signals_global.csv,name_ru
защита памяти ИИ-агентов от отравления,positive_weak_signals_global.csv,technology_ru
memory poisoning defense for AI agents for financial service agents,positive_weak_signals_global.csv,name_original
адаптивная роботизированная сварка с машинным зрением для производства стали,positive_weak_signals_global.csv,name_ru
адаптивная роботизированная сварка с машинным зрением,positive_weak_signals_global.csv,technology_ru
adaptive vision-guided robotic welding for steel production,positive_weak_signals_global.csv,name_original
фотонные нейросетевые ускорители для конфиденциального инференса,positive_weak_signals_global.csv,name_ru
фотонные нейросетевые ускорители,positive_weak_signals_global.csv,technology_ru
photonic neural accelerators for privacy-preserving inference,positive_weak_signals_global.csv,name_original
квантово-инспирированная тензорная оптимизация для моделирования материалов аккумуляторов,positive_weak_signals_global.csv,name_ru
квантово-инспирированная тензорная оптимизация,positive_weak_signals_global.csv,technology_ru
quantum-inspired tensor optimization for battery material simulation,positive_weak_signals_global.csv,name_original
космическая солнечная энергетика для разведки полезных ископаемых,positive_weak_signals_global.csv,name_ru
космическая солнечная энергетика,positive_weak_signals_global.csv,technology_ru
space-based solar power for mineral exploration,positive_weak_signals_global.csv,name_original
программируемые механические метаматериалы для аэрокосмических конструкций,positive_weak_signals_global.csv,name_ru
программируемые механические метаматериалы,positive_weak_signals_global.csv,technology_ru
programmable mechanical metamaterials for aerospace structures,positive_weak_signals_global.csv,name_original
инженерные микробные биостимуляторы для низкоуглеродного производства белка,positive_weak_signals_global.csv,name_ru
инженерные микробные биостимуляторы,positive_weak_signals_global.csv,technology_ru
engineered microbial biostimulants for low-carbon protein production,positive_weak_signals_global.csv,name_original
тактильные vision-language-action модели для автоматизации лабораторий,positive_weak_signals_global.csv,name_ru
тактильные vision-language-action модели,positive_weak_signals_global.csv,technology_ru
tactile vision-language-action models for laboratory automation,positive_weak_signals_global.csv,name_original
федеративное обучение для выявления финансовых преступлений для торгового финансирования,positive_weak_signals_global.csv,name_ru
федеративное обучение для выявления финансовых преступлений,positive_weak_signals_global.csv,technology_ru
federated learning for financial crime detection for trade finance,positive_weak_signals_global.csv,name_original
электрохимический синтез аммиака для утилизации промышленного сбросного тепла,positive_weak_signals_global.csv,name_ru
электрохимический синтез аммиака,positive_weak_signals_global.csv,technology_ru
electrochemical ammonia synthesis for industrial waste heat recovery,positive_weak_signals_global.csv,name_original
нейропроцессоры tinyML для автономного транспорта,positive_weak_signals_global.csv,name_ru
нейропроцессоры tinyML,positive_weak_signals_global.csv,technology_ru
tinyML neural processing units for autonomous vehicles,positive_weak_signals_global.csv,name_original
магнитоуправляемые медицинские микророботы для скрининга лекарств,positive_weak_signals_global.csv,name_ru
магнитоуправляемые медицинские микророботы,positive_weak_signals_global.csv,technology_ru
magnetically guided medical microrobots for drug screening,positive_weak_signals_global.csv,name_original
защита памяти ИИ-агентов от отравления для агентов промышленного управления,positive_weak_signals_global.csv,name_ru
защита памяти ИИ-агентов от отравления,positive_weak_signals_global.csv,technology_ru
memory poisoning defense for AI agents for industrial control agents,positive_weak_signals_global.csv,name_original
адаптивная роботизированная сварка с машинным зрением для производства цемента,positive_weak_signals_global.csv,name_ru
адаптивная роботизированная сварка с машинным зрением,positive_weak_signals_global.csv,technology_ru
adaptive vision-guided robotic welding for cement production,positive_weak_signals_global.csv,name_original
оптическая коммутация каналов для энергоэффективных центров обработки данных ИИ,positive_weak_signals_global.csv,name_ru
оптическая коммутация каналов,positive_weak_signals_global.csv,technology_ru
optical circuit switching for low-energy AI data centers,positive_weak_signals_global.csv,name_original
квантовые процессоры на нейтральных атомах для моделирования материалов аккумуляторов,positive_weak_signals_global.csv,name_ru
квантовые процессоры на нейтральных атомах,positive_weak_signals_global.csv,technology_ru
neutral-atom quantum processors for battery material simulation,positive_weak_signals_global.csv,name_original
роботизированное производство в космосе для устойчивой связи,positive_weak_signals_global.csv,name_ru
роботизированное производство в космосе,positive_weak_signals_global.csv,technology_ru
in-space robotic manufacturing for resilient communications,positive_weak_signals_global.csv,name_original
программируемые механические метаматериалы для циклического производства,positive_weak_signals_global.csv,name_ru
программируемые механические метаматериалы,positive_weak_signals_global.csv,technology_ru
programmable mechanical metamaterials for circular manufacturing,positive_weak_signals_global.csv,name_original
биоэлектронные интерфейсы растений для мониторинга здоровья почв,positive_weak_signals_global.csv,name_ru
биоэлектронные интерфейсы растений,positive_weak_signals_global.csv,technology_ru
plant bioelectronic interfaces for soil health monitoring,positive_weak_signals_global.csv,name_original
zero-shot перенос из симуляции в реальность для физической реабилитации,positive_weak_signals_global.csv,name_ru
zero-shot перенос из симуляции в реальность,positive_weak_signals_global.csv,technology_ru
zero-shot simulation-to-reality transfer for physical rehabilitation,positive_weak_signals_global.csv,name_original
федеративное обучение для выявления финансовых преступлений для цифровых валют центральных банков,positive_weak_signals_global.csv,name_ru
федеративное обучение для выявления финансовых преступлений,positive_weak_signals_global.csv,technology_ru
federated learning for financial crime detection for central bank digital currency,positive_weak_signals_global.csv,name_original
электрохимический синтез аммиака для углеродно-нейтрального производства химикатов,positive_weak_signals_global.csv,name_ru
электрохимический синтез аммиака,positive_weak_signals_global.csv,technology_ru
electrochemical ammonia synthesis for carbon-neutral chemicals,positive_weak_signals_global.csv,name_original
нейропроцессоры tinyML для точного земледелия,positive_weak_signals_global.csv,name_ru
нейропроцессоры tinyML,positive_weak_signals_global.csv,technology_ru
tinyML neural processing units for precision agriculture,positive_weak_signals_global.csv,name_original
магнитоуправляемые медицинские микророботы для антимикробной терапии,positive_weak_signals_global.csv,name_ru
магнитоуправляемые медицинские микророботы,positive_weak_signals_global.csv,technology_ru
magnetically guided medical microrobots for antimicrobial therapy,positive_weak_signals_global.csv,name_original
машинное разобучение для периферийных систем ИИ,positive_weak_signals_global.csv,name_ru
машинное разобучение,positive_weak_signals_global.csv,technology_ru
machine unlearning for edge AI systems,positive_weak_signals_global.csv,name_original
фундаментальные модели промышленных временных рядов для обогащения полезных ископаемых,positive_weak_signals_global.csv,name_ru
фундаментальные модели промышленных временных рядов,positive_weak_signals_global.csv,technology_ru
foundation models for industrial time series for mineral processing,positive_weak_signals_global.csv,name_original
аналоговые вычисления в памяти для инференса языковых моделей с длинным контекстом,positive_weak_signals_global.csv,name_ru
аналоговые вычисления в памяти,positive_weak_signals_global.csv,technology_ru
analog in-memory computing for long-context language model inference,positive_weak_signals_global.csv,name_original
интегральные фотонные квантовые процессоры для медицинской визуализации,positive_weak_signals_global.csv,name_ru
интегральные фотонные квантовые процессоры,positive_weak_signals_global.csv,technology_ru
integrated photonic quantum processors for medical imaging,positive_weak_signals_global.csv,name_original
роботизированное производство в космосе для полярных исследований,positive_weak_signals_global.csv,name_ru
роботизированное производство в космосе,positive_weak_signals_global.csv,technology_ru
in-space robotic manufacturing for polar research,positive_weak_signals_global.csv,name_original
цементные материалы с отрицательным углеродным следом для хранения водорода,positive_weak_signals_global.csv,name_ru
цементные материалы с отрицательным углеродным следом,positive_weak_signals_global.csv,technology_ru
carbon-negative cementitious materials for hydrogen storage,positive_weak_signals_global.csv,name_original
биоэлектронные интерфейсы растений для мониторинга здоровья сельскохозяйственных животных,positive_weak_signals_global.csv,name_ru
биоэлектронные интерфейсы растений,positive_weak_signals_global.csv,technology_ru
plant bioelectronic interfaces for livestock health monitoring,positive_weak_signals_global.csv,name_original
децентрализованные рои роботов для доставки последней мили,positive_weak_signals_global.csv,name_ru
децентрализованные рои роботов,positive_weak_signals_global.csv,technology_ru
decentralized robot swarms for last-mile delivery,positive_weak_signals_global.csv,name_original
программируемые деньги с целевыми ограничениями для трансграничных расчётов,positive_weak_signals_global.csv,name_ru
программируемые деньги с целевыми ограничениями,positive_weak_signals_global.csv,technology_ru
purpose-bound programmable money for cross-border settlement,positive_weak_signals_global.csv,name_original
термохимические тепловые аккумуляторы для центров обработки данных ИИ,positive_weak_signals_global.csv,name_ru
термохимические тепловые аккумуляторы,positive_weak_signals_global.csv,technology_ru
thermochemical heat batteries for AI data centers,positive_weak_signals_global.csv,name_original
дообучение моделей на устройстве для IoT-устройств с батарейным питанием,positive_weak_signals_global.csv,name_ru
дообучение моделей на устройстве,positive_weak_signals_global.csv,technology_ru
on-device model fine-tuning for battery-powered IoT,positive_weak_signals_global.csv,name_original
магнитоуправляемые медицинские микророботы для интерфейсов мозг–компьютер,positive_weak_signals_global.csv,name_ru
магнитоуправляемые медицинские микророботы,positive_weak_signals_global.csv,technology_ru
magnetically guided medical microrobots for brain-computer interfaces,positive_weak_signals_global.csv,name_original
машинное разобучение для автономных цепочек поставок,positive_weak_signals_global.csv,name_ru
машинное разобучение,positive_weak_signals_global.csv,technology_ru
machine unlearning for autonomous supply chains,positive_weak_signals_global.csv,name_original
фундаментальные модели промышленных временных рядов для пищевого производства,positive_weak_signals_global.csv,name_ru
фундаментальные модели промышленных временных рядов,positive_weak_signals_global.csv,technology_ru
foundation models for industrial time series for food manufacturing,positive_weak_signals_global.csv,name_original
аналоговые вычисления в памяти для конфиденциального инференса,positive_weak_signals_global.csv,name_ru
аналоговые вычисления в памяти,positive_weak_signals_global.csv,technology_ru
analog in-memory computing for privacy-preserving inference,positive_weak_signals_global.csv,name_original
интегральные фотонные квантовые процессоры для защищённой телекоммуникации,positive_weak_signals_global.csv,name_ru
интегральные фотонные квантовые процессоры,positive_weak_signals_global.csv,technology_ru
integrated photonic quantum processors for secure telecommunications,positive_weak_signals_global.csv,name_original
космическая солнечная энергетика для мониторинга климата,positive_weak_signals_global.csv,name_ru
космическая солнечная энергетика,positive_weak_signals_global.csv,technology_ru
space-based solar power for climate monitoring,positive_weak_signals_global.csv,name_original
твердотельные электролиты для аккумуляторов для аэрокосмических конструкций,positive_weak_signals_global.csv,name_ru
твердотельные электролиты для аккумуляторов,positive_weak_signals_global.csv,technology_ru
solid-state battery electrolytes for aerospace structures,positive_weak_signals_global.csv,name_original
роботизированная прополка с машинным зрением для мониторинга здоровья почв,positive_weak_signals_global.csv,name_ru
роботизированная прополка с машинным зрением,positive_weak_signals_global.csv,technology_ru
vision-guided robotic weeding for soil health monitoring,positive_weak_signals_global.csv,name_original
децентрализованные рои роботов для автоматизации строительства,positive_weak_signals_global.csv,name_ru
децентрализованные рои роботов,positive_weak_signals_global.csv,technology_ru
decentralized robot swarms for construction automation,positive_weak_signals_global.csv,name_original
программируемые деньги с целевыми ограничениями для цифровых валют центральных банков,positive_weak_signals_global.csv,name_ru
программируемые деньги с целевыми ограничениями,positive_weak_signals_global.csv,technology_ru
purpose-bound programmable money for central bank digital currency,positive_weak_signals_global.csv,name_original
термохимические тепловые аккумуляторы для утилизации промышленного сбросного тепла,positive_weak_signals_global.csv,name_ru
термохимические тепловые аккумуляторы,positive_weak_signals_global.csv,technology_ru
thermochemical heat batteries for industrial waste heat recovery,positive_weak_signals_global.csv,name_original
дообучение моделей на устройстве для автономного транспорта,positive_weak_signals_global.csv,name_ru
дообучение моделей на устройстве,positive_weak_signals_global.csv,technology_ru
on-device model fine-tuning for autonomous vehicles,positive_weak_signals_global.csv,name_original
органоидный интеллект для антимикробной терапии,positive_weak_signals_global.csv,name_ru
органоидный интеллект,positive_weak_signals_global.csv,technology_ru
organoid intelligence for antimicrobial therapy,positive_weak_signals_global.csv,name_original
идентичность ИИ-агентов и делегированная авторизация для многоагентных корпоративных процессов,positive_weak_signals_global.csv,name_ru
идентичность ИИ-агентов и делегированная авторизация,positive_weak_signals_global.csv,technology_ru
AI agent identity and delegated authorization for multi-agent enterprise workflows,positive_weak_signals_global.csv,name_original
фундаментальные модели промышленных временных рядов для фармацевтического производства,positive_weak_signals_global.csv,name_ru
фундаментальные модели промышленных временных рядов,positive_weak_signals_global.csv,technology_ru
foundation models for industrial time series for pharmaceutical manufacturing,positive_weak_signals_global.csv,name_original
оптическая коммутация каналов для инференса языковых моделей с длинным контекстом,positive_weak_signals_global.csv,name_ru
оптическая коммутация каналов,positive_weak_signals_global.csv,technology_ru
optical circuit switching for long-context language model inference,positive_weak_signals_global.csv,name_original
квантово-инспирированная тензорная оптимизация для защищённой телекоммуникации,positive_weak_signals_global.csv,name_ru
квантово-инспирированная тензорная оптимизация,positive_weak_signals_global.csv,technology_ru
quantum-inspired tensor optimization for secure telecommunications,positive_weak_signals_global.csv,name_original
автономные подводные сенсорные сети для инспекции морской энергетической инфраструктуры,positive_weak_signals_global.csv,name_ru
автономные подводные сенсорные сети,positive_weak_signals_global.csv,technology_ru
autonomous underwater sensor networks for offshore energy inspection,positive_weak_signals_global.csv,name_original
самовосстанавливающаяся электронная кожа для хранения водорода,positive_weak_signals_global.csv,name_ru
самовосстанавливающаяся электронная кожа,positive_weak_signals_global.csv,technology_ru
self-healing electronic skin for hydrogen storage,positive_weak_signals_global.csv,name_original
инженерные микробные биостимуляторы для альтернативного производства молочных продуктов,positive_weak_signals_global.csv,name_ru
инженерные микробные биостимуляторы,positive_weak_signals_global.csv,technology_ru
engineered microbial biostimulants for alternative dairy production,positive_weak_signals_global.csv,name_original
децентрализованные рои роботов для физической реабилитации,positive_weak_signals_global.csv,name_ru
децентрализованные рои роботов,positive_weak_signals_global.csv,technology_ru
decentralized robot swarms for physical rehabilitation,positive_weak_signals_global.csv,name_original
протоколы авторизации платежей ИИ-агентов для хранения цифровых активов,positive_weak_signals_global.csv,name_ru
протоколы авторизации платежей ИИ-агентов,positive_weak_signals_global.csv,technology_ru
AI agent payment authorization protocols for digital asset custody,positive_weak_signals_global.csv,name_original
электрохимический прямой захват углерода из воздуха для утилизации промышленного сбросного тепла,positive_weak_signals_global.csv,name_ru
электрохимический прямой захват углерода из воздуха,positive_weak_signals_global.csv,technology_ru
electrochemical direct air carbon capture for industrial waste heat recovery,positive_weak_signals_global.csv,name_original
дообучение моделей на устройстве для точного земледелия,positive_weak_signals_global.csv,name_ru
дообучение моделей на устройстве,positive_weak_signals_global.csv,technology_ru
on-device model fine-tuning for precision agriculture,positive_weak_signals_global.csv,name_original
органоидный интеллект для трансплантации органов,positive_weak_signals_global.csv,name_ru
органоидный интеллект,positive_weak_signals_global.csv,technology_ru
organoid intelligence for organ transplantation,positive_weak_signals_global.csv,name_original
идентичность ИИ-агентов и делегированная авторизация для автономных цепочек поставок,positive_weak_signals_global.csv,name_ru
идентичность ИИ-агентов и делегированная авторизация,positive_weak_signals_global.csv,technology_ru
AI agent identity and delegated authorization for autonomous supply chains,positive_weak_signals_global.csv,name_original
обучение с подкреплением на промышленных контроллерах для производства стали,positive_weak_signals_global.csv,name_ru
обучение с подкреплением на промышленных контроллерах,positive_weak_signals_global.csv,technology_ru
reinforcement learning on industrial controllers for steel production,positive_weak_signals_global.csv,name_original
оптическая коммутация каналов для конфиденциального инференса,positive_weak_signals_global.csv,name_ru
оптическая коммутация каналов,positive_weak_signals_global.csv,technology_ru
optical circuit switching for privacy-preserving inference,positive_weak_signals_global.csv,name_original
квантовые процессоры на нейтральных атомах для поиска новых материалов,positive_weak_signals_global.csv,name_ru
квантовые процессоры на нейтральных атомах,positive_weak_signals_global.csv,technology_ru
neutral-atom quantum processors for materials discovery,positive_weak_signals_global.csv,name_original
бортовой ИИ для гиперспектральных спутников для точного земледелия,positive_weak_signals_global.csv,name_ru
бортовой ИИ для гиперспектральных спутников,positive_weak_signals_global.csv,technology_ru
onboard hyperspectral satellite AI for precision agriculture,positive_weak_signals_global.csv,name_original
программируемые механические метаматериалы для малопотребляющих сенсоров,positive_weak_signals_global.csv,name_ru
программируемые механические метаматериалы,positive_weak_signals_global.csv,technology_ru
programmable mechanical metamaterials for low-power sensing,positive_weak_signals_global.csv,name_original
электрохимическое производство удобрений для мониторинга здоровья почв,positive_weak_signals_global.csv,name_ru
электрохимическое производство удобрений,positive_weak_signals_global.csv,technology_ru
electrochemical fertilizer production for soil health monitoring,positive_weak_signals_global.csv,name_original
электрогидравлические мягкие приводы для доставки последней мили,positive_weak_signals_global.csv,name_ru
электрогидравлические мягкие приводы,positive_weak_signals_global.csv,technology_ru
electrohydraulic soft actuators for last-mile delivery,positive_weak_signals_global.csv,name_original
федеративное обучение для выявления финансовых преступлений для офлайн-розничных платежей,positive_weak_signals_global.csv,name_ru
федеративное обучение для выявления финансовых преступлений,positive_weak_signals_global.csv,technology_ru
federated learning for financial crime detection for offline retail payments,positive_weak_signals_global.csv,name_original
термохимические тепловые аккумуляторы для управления теплом в зданиях,positive_weak_signals_global.csv,name_ru
термохимические тепловые аккумуляторы,positive_weak_signals_global.csv,technology_ru
thermochemical heat batteries for building heat management,positive_weak_signals_global.csv,name_original
дообучение моделей на устройстве для мониторинга дикой природы,positive_weak_signals_global.csv,name_ru
дообучение моделей на устройстве,positive_weak_signals_global.csv,technology_ru
on-device model fine-tuning for wildlife monitoring,positive_weak_signals_global.csv,name_original
программируемое редактирование эпигенома для антимикробной терапии,positive_weak_signals_global.csv,name_ru
программируемое редактирование эпигенома,positive_weak_signals_global.csv,technology_ru
programmable epigenome editing for antimicrobial therapy,positive_weak_signals_global.csv,name_original
идентичность ИИ-агентов и делегированная авторизация для оборонных систем,positive_weak_signals_global.csv,name_ru
идентичность ИИ-агентов и делегированная авторизация,positive_weak_signals_global.csv,technology_ru
AI agent identity and delegated authorization for defense systems,positive_weak_signals_global.csv,name_original
фундаментальные модели промышленных временных рядов для производства стали,positive_weak_signals_global.csv,name_ru
фундаментальные модели промышленных временных рядов,positive_weak_signals_global.csv,technology_ru
foundation models for industrial time series for steel production,positive_weak_signals_global.csv,name_original
нейроморфные процессоры для конфиденциального инференса,positive_weak_signals_global.csv,name_ru
нейроморфные процессоры,positive_weak_signals_global.csv,technology_ru
neuromorphic processors for privacy-preserving inference,positive_weak_signals_global.csv,name_original
квантово-инспирированная тензорная оптимизация для геофизической разведки,positive_weak_signals_global.csv,name_ru
квантово-инспирированная тензорная оптимизация,positive_weak_signals_global.csv,technology_ru
quantum-inspired tensor optimization for geophysical exploration,positive_weak_signals_global.csv,name_original
бортовой ИИ для гиперспектральных спутников для мониторинга климата,positive_weak_signals_global.csv,name_ru
бортовой ИИ для гиперспектральных спутников,positive_weak_signals_global.csv,technology_ru
onboard hyperspectral satellite AI for climate monitoring,positive_weak_signals_global.csv,name_original
программируемые механические метаматериалы для хранения водорода,positive_weak_signals_global.csv,name_ru
программируемые механические метаматериалы,positive_weak_signals_global.csv,technology_ru
programmable mechanical metamaterials for hydrogen storage,positive_weak_signals_global.csv,name_original
инженерные микробные биостимуляторы для мониторинга здоровья сельскохозяйственных животных,positive_weak_signals_global.csv,name_ru
инженерные микробные биостимуляторы,positive_weak_signals_global.csv,technology_ru
engineered microbial biostimulants for livestock health monitoring,positive_weak_signals_global.csv,name_original
платформы телеоперационных данных для обучения роботов для физической реабилитации,positive_weak_signals_global.csv,name_ru
платформы телеоперационных данных для обучения роботов,positive_weak_signals_global.csv,technology_ru
teleoperation data engines for robot learning for physical rehabilitation,positive_weak_signals_global.csv,name_original
протоколы авторизации платежей ИИ-агентов для машинной коммерции,positive_weak_signals_global.csv,name_ru
протоколы авторизации платежей ИИ-агентов,positive_weak_signals_global.csv,technology_ru
AI agent payment authorization protocols for machine-to-machine commerce,positive_weak_signals_global.csv,name_original
термохимические тепловые аккумуляторы для сезонного хранения энергии,positive_weak_signals_global.csv,name_ru
термохимические тепловые аккумуляторы,positive_weak_signals_global.csv,technology_ru
thermochemical heat batteries for seasonal energy storage,positive_weak_signals_global.csv,name_original
дообучение моделей на устройстве для навигации беспилотников,positive_weak_signals_global.csv,name_ru
дообучение моделей на устройстве,positive_weak_signals_global.csv,technology_ru
on-device model fine-tuning for drone navigation,positive_weak_signals_global.csv,name_original
магнитоуправляемые медицинские микророботы для точной диагностики,positive_weak_signals_global.csv,name_ru
магнитоуправляемые медицинские микророботы,positive_weak_signals_global.csv,technology_ru
magnetically guided medical microrobots for precision diagnostics,positive_weak_signals_global.csv,name_original
машинное разобучение для медицинских копилотов,positive_weak_signals_global.csv,name_ru
машинное разобучение,positive_weak_signals_global.csv,technology_ru
machine unlearning for healthcare copilots,positive_weak_signals_global.csv,name_original
фундаментальные модели промышленных временных рядов для производства цемента,positive_weak_signals_global.csv,name_ru
фундаментальные модели промышленных временных рядов,positive_weak_signals_global.csv,technology_ru
foundation models for industrial time series for cement production,positive_weak_signals_global.csv,name_original
фотонные нейросетевые ускорители для инференса языковых моделей с длинным контекстом,positive_weak_signals_global.csv,name_ru
фотонные нейросетевые ускорители,positive_weak_signals_global.csv,technology_ru
photonic neural accelerators for long-context language model inference,positive_weak_signals_global.csv,name_original
сети квантовых повторителей для высокоточной синхронизации времени,positive_weak_signals_global.csv,name_ru
сети квантовых повторителей,positive_weak_signals_global.csv,technology_ru
quantum repeater networks for high-precision timing,positive_weak_signals_global.csv,name_original
бортовой ИИ для гиперспектральных спутников для выявления лесных пожаров,positive_weak_signals_global.csv,name_ru
бортовой ИИ для гиперспектральных спутников,positive_weak_signals_global.csv,technology_ru
onboard hyperspectral satellite AI for wildfire detection,positive_weak_signals_global.csv,name_original
твердотельные электролиты для аккумуляторов для циклического производства,positive_weak_signals_global.csv,name_ru
твердотельные электролиты для аккумуляторов,positive_weak_signals_global.csv,technology_ru
solid-state battery electrolytes for circular manufacturing,positive_weak_signals_global.csv,name_original
инженерные микробные биостимуляторы для малых фермерских хозяйств,positive_weak_signals_global.csv,name_ru
инженерные микробные биостимуляторы,positive_weak_signals_global.csv,technology_ru
engineered microbial biostimulants for smallholder farming,positive_weak_signals_global.csv,name_original
протоколы авторизации платежей ИИ-агентов для программируемых расчётов,positive_weak_signals_global.csv,name_ru
протоколы авторизации платежей ИИ-агентов,positive_weak_signals_global.csv,technology_ru
AI agent payment authorization protocols for programmable settlement,positive_weak_signals_global.csv,name_original
термохимические тепловые аккумуляторы для производства зелёного водорода,positive_weak_signals_global.csv,name_ru
термохимические тепловые аккумуляторы,positive_weak_signals_global.csv,technology_ru
thermochemical heat batteries for green hydrogen production,positive_weak_signals_global.csv,name_original
событийные сенсоры машинного зрения для навигации беспилотников,positive_weak_signals_global.csv,name_ru
событийные сенсоры машинного зрения,positive_weak_signals_global.csv,technology_ru
event-based vision sensors for drone navigation,positive_weak_signals_global.csv,name_original
программируемое редактирование эпигенома для точной диагностики,positive_weak_signals_global.csv,name_ru
программируемое редактирование эпигенома,positive_weak_signals_global.csv,technology_ru
programmable epigenome editing for precision diagnostics,positive_weak_signals_global.csv,name_original
провенанс моделей ИИ и ведомости компонентов для оборонных систем,positive_weak_signals_global.csv,name_ru
провенанс моделей ИИ и ведомости компонентов,positive_weak_signals_global.csv,technology_ru
AI model provenance and software bills of materials for defense systems,positive_weak_signals_global.csv,name_original
обучение с подкреплением на промышленных контроллерах для фармацевтического производства,positive_weak_signals_global.csv,name_ru
обучение с подкреплением на промышленных контроллерах,positive_weak_signals_global.csv,technology_ru
reinforcement learning on industrial controllers for pharmaceutical manufacturing,positive_weak_signals_global.csv,name_original
аналоговые вычисления в памяти для энергоэффективных центров обработки данных ИИ,positive_weak_signals_global.csv,name_ru
аналоговые вычисления в памяти,positive_weak_signals_global.csv,technology_ru
analog in-memory computing for low-energy AI data centers,positive_weak_signals_global.csv,name_original
квантовые процессоры на нейтральных атомах для геофизической разведки,positive_weak_signals_global.csv,name_ru
квантовые процессоры на нейтральных атомах,positive_weak_signals_global.csv,technology_ru
neutral-atom quantum processors for geophysical exploration,positive_weak_signals_global.csv,name_original
автономные подводные сенсорные сети для реагирования на стихийные бедствия,positive_weak_signals_global.csv,name_ru
автономные подводные сенсорные сети,positive_weak_signals_global.csv,technology_ru
autonomous underwater sensor networks for disaster response,positive_weak_signals_global.csv,name_original
программируемые механические метаматериалы для носимой электроники,positive_weak_signals_global.csv,name_ru
программируемые механические метаматериалы,positive_weak_signals_global.csv,technology_ru
programmable mechanical metamaterials for wearable electronics,positive_weak_signals_global.csv,name_original
инженерные микробные биостимуляторы для вертикального земледелия,positive_weak_signals_global.csv,name_ru
инженерные микробные биостимуляторы,positive_weak_signals_global.csv,technology_ru
engineered microbial biostimulants for vertical farming,positive_weak_signals_global.csv,name_original
протоколы авторизации платежей ИИ-агентов для торгового финансирования,positive_weak_signals_global.csv,name_ru
протоколы авторизации платежей ИИ-агентов,positive_weak_signals_global.csv,technology_ru
AI agent payment authorization protocols for trade finance,positive_weak_signals_global.csv,name_original
термохимические тепловые аккумуляторы для производства зелёной стали,positive_weak_signals_global.csv,name_ru
термохимические тепловые аккумуляторы,positive_weak_signals_global.csv,technology_ru
thermochemical heat batteries for green steel production,positive_weak_signals_global.csv,name_original
адаптивная маршрутизация инференса между устройством и облаком для предиктивного обслуживания оборудования,positive_weak_signals_global.csv,name_ru
адаптивная маршрутизация инференса между устройством и облаком,positive_weak_signals_global.csv,technology_ru
adaptive edge-to-cloud inference routing for industrial predictive maintenance,positive_weak_signals_global.csv,name_original
федеративное обучение между клиническими учреждениями для регенерации тканей,positive_weak_signals_global.csv,name_ru
федеративное обучение между клиническими учреждениями,positive_weak_signals_global.csv,technology_ru
federated learning across clinical institutions for tissue regeneration,positive_weak_signals_global.csv,name_original
защита памяти ИИ-агентов от отравления для агентов государственных сервисов,positive_weak_signals_global.csv,name_ru
защита памяти ИИ-агентов от отравления,positive_weak_signals_global.csv,technology_ru
memory poisoning defense for AI agents for government service agents,positive_weak_signals_global.csv,name_original
генерация кода ПЛК языковыми моделями с проверкой компилятором для химических производств,positive_weak_signals_global.csv,name_ru
генерация кода ПЛК языковыми моделями с проверкой компилятором,positive_weak_signals_global.csv,technology_ru
compiler-verified language model generated PLC code for chemical process plants,positive_weak_signals_global.csv,name_original
фотонные нейросетевые ускорители для распределённого обслуживания моделей,positive_weak_signals_global.csv,name_ru
фотонные нейросетевые ускорители,positive_weak_signals_global.csv,technology_ru
photonic neural accelerators for distributed model serving,positive_weak_signals_global.csv,name_original
интегральные фотонные квантовые процессоры для геофизической разведки,positive_weak_signals_global.csv,name_ru
интегральные фотонные квантовые процессоры,positive_weak_signals_global.csv,technology_ru
integrated photonic quantum processors for geophysical exploration,positive_weak_signals_global.csv,name_original
автономные подводные сенсорные сети для разведки полезных ископаемых,positive_weak_signals_global.csv,name_ru
автономные подводные сенсорные сети,positive_weak_signals_global.csv,technology_ru
autonomous underwater sensor networks for mineral exploration,positive_weak_signals_global.csv,name_original
устройства на двумерных полупроводниках для аэрокосмических конструкций,positive_weak_signals_global.csv,name_ru
устройства на двумерных полупроводниках,positive_weak_signals_global.csv,technology_ru
two-dimensional semiconductor devices for aerospace structures,positive_weak_signals_global.csv,name_original
биоэлектронные интерфейсы растений для устойчивой аквакультуры,positive_weak_signals_global.csv,name_ru
биоэлектронные интерфейсы растений,positive_weak_signals_global.csv,technology_ru
plant bioelectronic interfaces for sustainable aquaculture,positive_weak_signals_global.csv,name_original
протоколы авторизации платежей ИИ-агентов для финансовой доступности на развивающихся рынках,positive_weak_signals_global.csv,name_ru
протоколы авторизации платежей ИИ-агентов,positive_weak_signals_global.csv,technology_ru
AI agent payment authorization protocols for emerging market financial inclusion,positive_weak_signals_global.csv,name_original
электрохимический прямой захват углерода из воздуха для безуглеродного судоходства,positive_weak_signals_global.csv,name_ru
электрохимический прямой захват углерода из воздуха,positive_weak_signals_global.csv,technology_ru
electrochemical direct air carbon capture for zero-carbon shipping,positive_weak_signals_global.csv,name_original
адаптивная маршрутизация инференса между устройством и облаком для мониторинга промышленного оборудования,positive_weak_signals_global.csv,name_ru
адаптивная маршрутизация инференса между устройством и облаком,positive_weak_signals_global.csv,technology_ru
adaptive edge-to-cloud inference routing for factory machine monitoring,positive_weak_signals_global.csv,name_original
биогибридные приводы из живой ткани для интерфейсов мозг–компьютер,positive_weak_signals_global.csv,name_ru
биогибридные приводы из живой ткани,positive_weak_signals_global.csv,technology_ru
biohybrid living actuators for brain-computer interfaces,positive_weak_signals_global.csv,name_original
защита памяти ИИ-агентов от отравления для многоагентных корпоративных процессов,positive_weak_signals_global.csv,name_ru
защита памяти ИИ-агентов от отравления,positive_weak_signals_global.csv,technology_ru
memory poisoning defense for AI agents for multi-agent enterprise workflows,positive_weak_signals_global.csv,name_original
адаптивная роботизированная сварка с машинным зрением для аэрокосмической сборки,positive_weak_signals_global.csv,name_ru
адаптивная роботизированная сварка с машинным зрением,positive_weak_signals_global.csv,technology_ru
adaptive vision-guided robotic welding for aerospace assembly,positive_weak_signals_global.csv,name_original
дезагрегированное хранение KV-кэша для крупномасштабных рекомендательных систем,positive_weak_signals_global.csv,name_ru
дезагрегированное хранение KV-кэша,positive_weak_signals_global.csv,technology_ru
disaggregated KV-cache storage for large-scale recommendation systems,positive_weak_signals_global.csv,name_original
автономные подводные сенсорные сети для точного земледелия,positive_weak_signals_global.csv,name_ru
автономные подводные сенсорные сети,positive_weak_signals_global.csv,technology_ru
autonomous underwater sensor networks for precision agriculture,positive_weak_signals_global.csv,name_original
устройства на двумерных полупроводниках для биоразлагаемой электроники,positive_weak_signals_global.csv,name_ru
устройства на двумерных полупроводниках,positive_weak_signals_global.csv,technology_ru
two-dimensional semiconductor devices for biodegradable electronics,positive_weak_signals_global.csv,name_original
роботизированная прополка с машинным зрением для земледелия в контролируемой среде,positive_weak_signals_global.csv,name_ru
роботизированная прополка с машинным зрением,positive_weak_signals_global.csv,technology_ru
vision-guided robotic weeding for controlled-environment agriculture,positive_weak_signals_global.csv,name_original
протоколы авторизации платежей ИИ-агентов для противодействия отмыванию денег,positive_weak_signals_global.csv,name_ru
протоколы авторизации платежей ИИ-агентов,positive_weak_signals_global.csv,technology_ru
AI agent payment authorization protocols for anti-money laundering,positive_weak_signals_global.csv,name_original
нейропроцессоры tinyML для носимого мониторинга здоровья,positive_weak_signals_global.csv,name_ru
нейропроцессоры tinyML,positive_weak_signals_global.csv,technology_ru
tinyML neural processing units for wearable health monitoring,positive_weak_signals_global.csv,name_original
биогибридные приводы из живой ткани для регенерации тканей,positive_weak_signals_global.csv,name_ru
биогибридные приводы из живой ткани,positive_weak_signals_global.csv,technology_ru
biohybrid living actuators for tissue regeneration,positive_weak_signals_global.csv,name_original
непрерывный автоматизированный red teaming ИИ для эксплуатации критической инфраструктуры,positive_weak_signals_global.csv,name_ru
непрерывный автоматизированный red teaming ИИ,positive_weak_signals_global.csv,technology_ru
continuous automated AI red teaming for critical infrastructure operations,positive_weak_signals_global.csv,name_original
обучение с подкреплением на промышленных контроллерах для обогащения полезных ископаемых,positive_weak_signals_global.csv,name_ru
обучение с подкреплением на промышленных контроллерах,positive_weak_signals_global.csv,technology_ru
reinforcement learning on industrial controllers for mineral processing,positive_weak_signals_global.csv,name_original
дезагрегированное хранение KV-кэша для энергоэффективного edge-инференса,positive_weak_signals_global.csv,name_ru
дезагрегированное хранение KV-кэша,positive_weak_signals_global.csv,technology_ru
disaggregated KV-cache storage for energy-efficient edge inference,positive_weak_signals_global.csv,name_original
автономные подводные сенсорные сети для выявления лесных пожаров,positive_weak_signals_global.csv,name_ru
автономные подводные сенсорные сети,positive_weak_signals_global.csv,technology_ru
autonomous underwater sensor networks for wildfire detection,positive_weak_signals_global.csv,name_original
устройства на двумерных полупроводниках для носимой электроники,positive_weak_signals_global.csv,name_ru
устройства на двумерных полупроводниках,positive_weak_signals_global.csv,technology_ru
two-dimensional semiconductor devices for wearable electronics,positive_weak_signals_global.csv,name_original
роботизированная прополка с машинным зрением для раннего выявления болезней растений,positive_weak_signals_global.csv,name_ru
роботизированная прополка с машинным зрением,positive_weak_signals_global.csv,technology_ru
vision-guided robotic weeding for early crop disease detection,positive_weak_signals_global.csv,name_original
программируемые деньги с целевыми ограничениями для хранения цифровых активов,positive_weak_signals_global.csv,name_ru
программируемые деньги с целевыми ограничениями,positive_weak_signals_global.csv,technology_ru
purpose-bound programmable money for digital asset custody,positive_weak_signals_global.csv,name_original
адаптивная маршрутизация инференса между устройством и облаком для IoT-устройств с батарейным питанием,positive_weak_signals_global.csv,name_ru
адаптивная маршрутизация инференса между устройством и облаком,positive_weak_signals_global.csv,technology_ru
adaptive edge-to-cloud inference routing for battery-powered IoT,positive_weak_signals_global.csv,name_original
биогибридные приводы из живой ткани для адресной доставки лекарств,positive_weak_signals_global.csv,name_ru
биогибридные приводы из живой ткани,positive_weak_signals_global.csv,technology_ru
biohybrid living actuators for targeted drug delivery,positive_weak_signals_global.csv,name_original
непрерывный автоматизированный red teaming ИИ для агентов научных исследований,positive_weak_signals_global.csv,name_ru
непрерывный автоматизированный red teaming ИИ,positive_weak_signals_global.csv,technology_ru
continuous automated AI red teaming for scientific research agents,positive_weak_signals_global.csv,name_original
адаптивная роботизированная сварка с машинным зрением для полупроводниковых фабрик,positive_weak_signals_global.csv,name_ru
адаптивная роботизированная сварка с машинным зрением,positive_weak_signals_global.csv,technology_ru
adaptive vision-guided robotic welding for semiconductor fabrication,positive_weak_signals_global.csv,name_original
дезагрегированное хранение KV-кэша для энергоэффективных центров обработки данных ИИ,positive_weak_signals_global.csv,name_ru
дезагрегированное хранение KV-кэша,positive_weak_signals_global.csv,technology_ru
disaggregated KV-cache storage for low-energy AI data centers,positive_weak_signals_global.csv,name_original
автономные подводные сенсорные сети для устойчивой связи,positive_weak_signals_global.csv,name_ru
автономные подводные сенсорные сети,positive_weak_signals_global.csv,technology_ru
autonomous underwater sensor networks for resilient communications,positive_weak_signals_global.csv,name_original
устройства на двумерных полупроводниках для управления высокими тепловыми потоками,positive_weak_signals_global.csv,name_ru
устройства на двумерных полупроводниках,positive_weak_signals_global.csv,technology_ru
two-dimensional semiconductor devices for high-flux thermal management,positive_weak_signals_global.csv,name_original
роботизированная прополка с машинным зрением для устойчивой аквакультуры,positive_weak_signals_global.csv,name_ru
роботизированная прополка с машинным зрением,positive_weak_signals_global.csv,technology_ru
vision-guided robotic weeding for sustainable aquaculture,positive_weak_signals_global.csv,name_original
переиспользуемые идентификационные данные с доказательствами с нулевым разглашением для цифровых валют центральных банков,positive_weak_signals_global.csv,name_ru
переиспользуемые идентификационные данные с доказательствами с нулевым разглашением,positive_weak_signals_global.csv,technology_ru
zero-knowledge reusable identity credentials for central bank digital currency,positive_weak_signals_global.csv,name_original
адаптивная маршрутизация инференса между устройством и облаком для автономного транспорта,positive_weak_signals_global.csv,name_ru
адаптивная маршрутизация инференса между устройством и облаком,positive_weak_signals_global.csv,technology_ru
adaptive edge-to-cloud inference routing for autonomous vehicles,positive_weak_signals_global.csv,name_original
органоидный интеллект для доставки генотерапевтических препаратов,positive_weak_signals_global.csv,name_ru
органоидный интеллект,positive_weak_signals_global.csv,technology_ru
organoid intelligence for gene therapy delivery,positive_weak_signals_global.csv,name_original
идентичность ИИ-агентов и делегированная авторизация для автономной разработки программного обеспечения,positive_weak_signals_global.csv,name_ru
идентичность ИИ-агентов и делегированная авторизация,positive_weak_signals_global.csv,technology_ru
AI agent identity and delegated authorization for autonomous software engineering,positive_weak_signals_global.csv,name_original
генерация кода ПЛК языковыми моделями с проверкой компилятором для промышленных микросетей,positive_weak_signals_global.csv,name_ru
генерация кода ПЛК языковыми моделями с проверкой компилятором,positive_weak_signals_global.csv,technology_ru
compiler-verified language model generated PLC code for industrial microgrids,positive_weak_signals_global.csv,name_original
нейроморфные процессоры для энергоэффективных центров обработки данных ИИ,positive_weak_signals_global.csv,name_ru
нейроморфные процессоры,positive_weak_signals_global.csv,technology_ru
neuromorphic processors for low-energy AI data centers,positive_weak_signals_global.csv,name_original
роботизированное производство в космосе для точного земледелия,positive_weak_signals_global.csv,name_ru
роботизированное производство в космосе,positive_weak_signals_global.csv,technology_ru
in-space robotic manufacturing for precision agriculture,positive_weak_signals_global.csv,name_original
устройства на двумерных полупроводниках для сетевых накопителей энергии,positive_weak_signals_global.csv,name_ru
устройства на двумерных полупроводниках,positive_weak_signals_global.csv,technology_ru
two-dimensional semiconductor devices for grid-scale energy storage,positive_weak_signals_global.csv,name_original
роботизированная прополка с машинным зрением для малых фермерских хозяйств,positive_weak_signals_global.csv,name_ru
роботизированная прополка с машинным зрением,positive_weak_signals_global.csv,technology_ru
vision-guided robotic weeding for smallholder farming,positive_weak_signals_global.csv,name_original
токенизированные депозиты коммерческих банков для торгового финансирования,positive_weak_signals_global.csv,name_ru
токенизированные депозиты коммерческих банков,positive_weak_signals_global.csv,technology_ru
tokenized commercial bank deposits for trade finance,positive_weak_signals_global.csv,name_original
адаптивная маршрутизация инференса между устройством и облаком для мониторинга дикой природы,positive_weak_signals_global.csv,name_ru
адаптивная маршрутизация инференса между устройством и облаком,positive_weak_signals_global.csv,technology_ru
adaptive edge-to-cloud inference routing for wildlife monitoring,positive_weak_signals_global.csv,name_original
программируемое редактирование эпигенома для лечения редких заболеваний,positive_weak_signals_global.csv,name_ru
программируемое редактирование эпигенома,positive_weak_signals_global.csv,technology_ru
programmable epigenome editing for rare disease treatment,positive_weak_signals_global.csv,name_original
идентичность ИИ-агентов и делегированная авторизация для автономных решений в здравоохранении,positive_weak_signals_global.csv,name_ru
идентичность ИИ-агентов и делегированная авторизация,positive_weak_signals_global.csv,technology_ru
AI agent identity and delegated authorization for autonomous healthcare decisions,positive_weak_signals_global.csv,name_original
генерация кода ПЛК языковыми моделями с проверкой компилятором для пищевого производства,positive_weak_signals_global.csv,name_ru
генерация кода ПЛК языковыми моделями с проверкой компилятором,positive_weak_signals_global.csv,technology_ru
compiler-verified language model generated PLC code for food manufacturing,positive_weak_signals_global.csv,name_original
нейроморфные процессоры для инференса языковых моделей с длинным контекстом,positive_weak_signals_global.csv,name_ru
нейроморфные процессоры,positive_weak_signals_global.csv,technology_ru
neuromorphic processors for long-context language model inference,positive_weak_signals_global.csv,name_original
роботизированное производство в космосе для разведки полезных ископаемых,positive_weak_signals_global.csv,name_ru
роботизированное производство в космосе,positive_weak_signals_global.csv,technology_ru
in-space robotic manufacturing for mineral exploration,positive_weak_signals_global.csv,name_original
устройства на двумерных полупроводниках для циклического производства,positive_weak_signals_global.csv,name_ru
устройства на двумерных полупроводниках,positive_weak_signals_global.csv,technology_ru
two-dimensional semiconductor devices for circular manufacturing,positive_weak_signals_global.csv,name_original
роботизированная прополка с машинным зрением для вертикального земледелия,positive_weak_signals_global.csv,name_ru
роботизированная прополка с машинным зрением,positive_weak_signals_global.csv,technology_ru
vision-guided robotic weeding for vertical farming,positive_weak_signals_global.csv,name_original
токенизированные депозиты коммерческих банков для страхового андеррайтинга,positive_weak_signals_global.csv,name_ru
токенизированные депозиты коммерческих банков,positive_weak_signals_global.csv,technology_ru
tokenized commercial bank deposits for insurance underwriting,positive_weak_signals_global.csv,name_original
адаптивная маршрутизация инференса между устройством и облаком для диагностики непосредственно у пациента,positive_weak_signals_global.csv,name_ru
адаптивная маршрутизация инференса между устройством и облаком,positive_weak_signals_global.csv,technology_ru
adaptive edge-to-cloud inference routing for point-of-care diagnostics,positive_weak_signals_global.csv,name_original
биогибридные приводы из живой ткани для лечения редких заболеваний,positive_weak_signals_global.csv,name_ru
биогибридные приводы из живой ткани,positive_weak_signals_global.csv,technology_ru
biohybrid living actuators for rare disease treatment,positive_weak_signals_global.csv,name_original
защита памяти ИИ-агентов от отравления для автономной разработки программного обеспечения,positive_weak_signals_global.csv,name_ru
защита памяти ИИ-агентов от отравления,positive_weak_signals_global.csv,technology_ru
memory poisoning defense for AI agents for autonomous software engineering,positive_weak_signals_global.csv,name_original
генерация кода ПЛК языковыми моделями с проверкой компилятором для фармацевтического производства,positive_weak_signals_global.csv,name_ru
генерация кода ПЛК языковыми моделями с проверкой компилятором,positive_weak_signals_global.csv,technology_ru
compiler-verified language model generated PLC code for pharmaceutical manufacturing,positive_weak_signals_global.csv,name_original
орбитальные периферийные вычисления для устойчивой связи,positive_weak_signals_global.csv,name_ru
орбитальные периферийные вычисления,positive_weak_signals_global.csv,technology_ru
orbital edge computing for resilient communications,positive_weak_signals_global.csv,name_original
цементные материалы с отрицательным углеродным следом для очистки воды,positive_weak_signals_global.csv,name_ru
цементные материалы с отрицательным углеродным следом,positive_weak_signals_global.csv,technology_ru
carbon-negative cementitious materials for water purification,positive_weak_signals_global.csv,name_original
прецизионная ферментация для мониторинга здоровья сельскохозяйственных животных,positive_weak_signals_global.csv,name_ru
прецизионная ферментация,positive_weak_signals_global.csv,technology_ru
precision fermentation for livestock health monitoring,positive_weak_signals_global.csv,name_original
токенизированные депозиты коммерческих банков для кредитования малого и среднего бизнеса,positive_weak_signals_global.csv,name_ru
токенизированные депозиты коммерческих банков,positive_weak_signals_global.csv,technology_ru
tokenized commercial bank deposits for SME lending,positive_weak_signals_global.csv,name_original
нейропроцессоры tinyML для IoT-устройств с батарейным питанием,positive_weak_signals_global.csv,name_ru
нейропроцессоры tinyML,positive_weak_signals_global.csv,technology_ru
tinyML neural processing units for battery-powered IoT,positive_weak_signals_global.csv,name_original
федеративное обучение между клиническими учреждениями для скрининга лекарств,positive_weak_signals_global.csv,name_ru
федеративное обучение между клиническими учреждениями,positive_weak_signals_global.csv,technology_ru
federated learning across clinical institutions for drug screening,positive_weak_signals_global.csv,name_original
непрерывный автоматизированный red teaming ИИ для оборонных систем,positive_weak_signals_global.csv,name_ru
непрерывный автоматизированный red teaming ИИ,positive_weak_signals_global.csv,technology_ru
continuous automated AI red teaming for defense systems,positive_weak_signals_global.csv,name_original
адаптивная роботизированная сварка с машинным зрением для обогащения полезных ископаемых,positive_weak_signals_global.csv,name_ru
адаптивная роботизированная сварка с машинным зрением,positive_weak_signals_global.csv,technology_ru
adaptive vision-guided robotic welding for mineral processing,positive_weak_signals_global.csv,name_original
роботизированное производство в космосе для строительства на Луне,positive_weak_signals_global.csv,name_ru
роботизированное производство в космосе,positive_weak_signals_global.csv,technology_ru
in-space robotic manufacturing for lunar construction,positive_weak_signals_global.csv,name_original
устройства на двумерных полупроводниках для малопотребляющих сенсоров,positive_weak_signals_global.csv,name_ru
устройства на двумерных полупроводниках,positive_weak_signals_global.csv,technology_ru
two-dimensional semiconductor devices for low-power sensing,positive_weak_signals_global.csv,name_original
программируемые деньги с целевыми ограничениями для торгового финансирования,positive_weak_signals_global.csv,name_ru
программируемые деньги с целевыми ограничениями,positive_weak_signals_global.csv,technology_ru
purpose-bound programmable money for trade finance,positive_weak_signals_global.csv,name_original
адаптивная маршрутизация инференса между устройством и облаком для навигации беспилотников,positive_weak_signals_global.csv,name_ru
адаптивная маршрутизация инференса между устройством и облаком,positive_weak_signals_global.csv,technology_ru
adaptive edge-to-cloud inference routing for drone navigation,positive_weak_signals_global.csv,name_original
федеративное обучение между клиническими учреждениями для точной диагностики,positive_weak_signals_global.csv,name_ru
федеративное обучение между клиническими учреждениями,positive_weak_signals_global.csv,technology_ru
federated learning across clinical institutions for precision diagnostics,positive_weak_signals_global.csv,name_original
защита памяти ИИ-агентов от отравления для эксплуатации критической инфраструктуры,positive_weak_signals_global.csv,name_ru
защита памяти ИИ-агентов от отравления,positive_weak_signals_global.csv,technology_ru
memory poisoning defense for AI agents for critical infrastructure operations,positive_weak_signals_global.csv,name_original
генерация кода ПЛК языковыми моделями с проверкой компилятором для обогащения полезных ископаемых,positive_weak_signals_global.csv,name_ru
генерация кода ПЛК языковыми моделями с проверкой компилятором,positive_weak_signals_global.csv,technology_ru
compiler-verified language model generated PLC code for mineral processing,positive_weak_signals_global.csv,name_original
орбитальные периферийные вычисления для морской безопасности,positive_weak_signals_global.csv,name_ru
орбитальные периферийные вычисления,positive_weak_signals_global.csv,technology_ru
orbital edge computing for maritime security,positive_weak_signals_global.csv,name_original
устройства на двумерных полупроводниках для очистки воды,positive_weak_signals_global.csv,name_ru
устройства на двумерных полупроводниках,positive_weak_signals_global.csv,technology_ru
two-dimensional semiconductor devices for water purification,positive_weak_signals_global.csv,name_original
федеративное обучение для выявления финансовых преступлений для страхового андеррайтинга,positive_weak_signals_global.csv,name_ru
федеративное обучение для выявления финансовых преступлений,positive_weak_signals_global.csv,technology_ru
federated learning for financial crime detection for insurance underwriting,positive_weak_signals_global.csv,name_original
биогибридные приводы из живой ткани для скрининга лекарств,positive_weak_signals_global.csv,name_ru
биогибридные приводы из живой ткани,positive_weak_signals_global.csv,technology_ru
biohybrid living actuators for drug screening,positive_weak_signals_global.csv,name_original
идентичность ИИ-агентов и делегированная авторизация для медицинских копилотов,positive_weak_signals_global.csv,name_ru
идентичность ИИ-агентов и делегированная авторизация,positive_weak_signals_global.csv,technology_ru
AI agent identity and delegated authorization for healthcare copilots,positive_weak_signals_global.csv,name_original
обучение с подкреплением на промышленных контроллерах для полупроводниковых фабрик,positive_weak_signals_global.csv,name_ru
обучение с подкреплением на промышленных контроллерах,positive_weak_signals_global.csv,technology_ru
reinforcement learning on industrial controllers for semiconductor fabrication,positive_weak_signals_global.csv,name_original
орбитальные периферийные вычисления для полярных исследований,positive_weak_signals_global.csv,name_ru
орбитальные периферийные вычисления,positive_weak_signals_global.csv,technology_ru
orbital edge computing for polar research,positive_weak_signals_global.csv,name_original
устройства на двумерных полупроводниках для защиты от коррозии,positive_weak_signals_global.csv,name_ru
устройства на двумерных полупроводниках,positive_weak_signals_global.csv,technology_ru
two-dimensional semiconductor devices for corrosion protection,positive_weak_signals_global.csv,name_original
переиспользуемые идентификационные данные с доказательствами с нулевым разглашением для хранения цифровых активов,positive_weak_signals_global.csv,name_ru
переиспользуемые идентификационные данные с доказательствами с нулевым разглашением,positive_weak_signals_global.csv,technology_ru
zero-knowledge reusable identity credentials for digital asset custody,positive_weak_signals_global.csv,name_original
программируемое редактирование эпигенома для регенерации тканей,positive_weak_signals_global.csv,name_ru
программируемое редактирование эпигенома,positive_weak_signals_global.csv,technology_ru
programmable epigenome editing for tissue regeneration,positive_weak_signals_global.csv,name_original
провенанс моделей ИИ и ведомости компонентов для эксплуатации критической инфраструктуры,positive_weak_signals_global.csv,name_ru
провенанс моделей ИИ и ведомости компонентов,positive_weak_signals_global.csv,technology_ru
AI model provenance and software bills of materials for critical infrastructure operations,positive_weak_signals_global.csv,name_original
бортовой ИИ для гиперспектральных спутников для мониторинга углерода в океане,positive_weak_signals_global.csv,name_ru
бортовой ИИ для гиперспектральных спутников,positive_weak_signals_global.csv,technology_ru
onboard hyperspectral satellite AI for ocean carbon monitoring,positive_weak_signals_global.csv,name_original
цементные материалы с отрицательным углеродным следом для циклического производства,positive_weak_signals_global.csv,name_ru
цементные материалы с отрицательным углеродным следом,positive_weak_signals_global.csv,technology_ru
carbon-negative cementitious materials for circular manufacturing,positive_weak_signals_global.csv,name_original
токенизированные депозиты коммерческих банков для офлайн-розничных платежей,positive_weak_signals_global.csv,name_ru
токенизированные депозиты коммерческих банков,positive_weak_signals_global.csv,technology_ru
tokenized commercial bank deposits for offline retail payments,positive_weak_signals_global.csv,name_original
биогибридные приводы из живой ткани для антимикробной терапии,positive_weak_signals_global.csv,name_ru
биогибридные приводы из живой ткани,positive_weak_signals_global.csv,technology_ru
biohybrid living actuators for antimicrobial therapy,positive_weak_signals_global.csv,name_original
провенанс моделей ИИ и ведомости компонентов для агентов финансовых сервисов,positive_weak_signals_global.csv,name_ru
провенанс моделей ИИ и ведомости компонентов,positive_weak_signals_global.csv,technology_ru
AI model provenance and software bills of materials for financial service agents,positive_weak_signals_global.csv,name_original
бортовой ИИ для гиперспектральных спутников для строительства на Луне,positive_weak_signals_global.csv,name_ru
бортовой ИИ для гиперспектральных спутников,positive_weak_signals_global.csv,technology_ru
onboard hyperspectral satellite AI for lunar construction,positive_weak_signals_global.csv,name_original
устройства на двумерных полупроводниках для хранения водорода,positive_weak_signals_global.csv,name_ru
устройства на двумерных полупроводниках,positive_weak_signals_global.csv,technology_ru
two-dimensional semiconductor devices for hydrogen storage,positive_weak_signals_global.csv,name_original
переиспользуемые идентификационные данные с доказательствами с нулевым разглашением для финансовой доступности на развивающихся рынках,positive_weak_signals_global.csv,name_ru
переиспользуемые идентификационные данные с доказательствами с нулевым разглашением,positive_weak_signals_global.csv,technology_ru
zero-knowledge reusable identity credentials for emerging market financial inclusion,positive_weak_signals_global.csv,name_original
органоидный интеллект для адресной доставки лекарств,positive_weak_signals_global.csv,name_ru
органоидный интеллект,positive_weak_signals_global.csv,technology_ru
organoid intelligence for targeted drug delivery,positive_weak_signals_global.csv,name_original
провенанс моделей ИИ и ведомости компонентов для агентов научных исследований,positive_weak_signals_global.csv,name_ru
провенанс моделей ИИ и ведомости компонентов,positive_weak_signals_global.csv,technology_ru
AI model provenance and software bills of materials for scientific research agents,positive_weak_signals_global.csv,name_original
бортовой ИИ для гиперспектральных спутников для мониторинга рыболовства,positive_weak_signals_global.csv,name_ru
бортовой ИИ для гиперспектральных спутников,positive_weak_signals_global.csv,technology_ru
onboard hyperspectral satellite AI for fisheries monitoring,positive_weak_signals_global.csv,name_original
цементные материалы с отрицательным углеродным следом для защиты от коррозии,positive_weak_signals_global.csv,name_ru
цементные материалы с отрицательным углеродным следом,positive_weak_signals_global.csv,technology_ru
carbon-negative cementitious materials for corrosion protection,positive_weak_signals_global.csv,name_original
переиспользуемые идентификационные данные с доказательствами с нулевым разглашением для торгового финансирования,positive_weak_signals_global.csv,name_ru
переиспользуемые идентификационные данные с доказательствами с нулевым разглашением,positive_weak_signals_global.csv,technology_ru
zero-knowledge reusable identity credentials for trade finance,positive_weak_signals_global.csv,name_original
магнитоуправляемые медицинские микророботы для персонализированной терапии рака,positive_weak_signals_global.csv,name_ru
магнитоуправляемые медицинские микророботы,positive_weak_signals_global.csv,technology_ru
magnetically guided medical microrobots for personalized cancer therapy,positive_weak_signals_global.csv,name_original
ИИ-юрист как полноценная замена консультации человека,negative_weak_signals_global.csv,name_ru
ИИ-юрист,negative_weak_signals_global.csv,technology_ru
AI lawyer equivalent to human legal advice,negative_weak_signals_global.csv,name_original
ИИ-детектор контента с заявленной точностью 98%,negative_weak_signals_global.csv,name_ru
ИИ-детектор контента,negative_weak_signals_global.csv,technology_ru
AI content detector with claimed 98 percent accuracy,negative_weak_signals_global.csv,name_original
ИИ-плагин с гарантией соответствия WCAG,negative_weak_signals_global.csv,name_ru
ИИ-плагин доступности,negative_weak_signals_global.csv,technology_ru
AI website plugin guaranteeing WCAG compliance,negative_weak_signals_global.csv,name_original
ИИ-сканер с заявлением об обнаружении любого оружия,negative_weak_signals_global.csv,name_ru
ИИ-сканер оружия,negative_weak_signals_global.csv,technology_ru
AI weapons scanner detecting all weapons,negative_weak_signals_global.csv,name_original
Распознавание лиц с заявленным отсутствием демографической ошибки,negative_weak_signals_global.csv,name_ru
распознавание лиц,negative_weak_signals_global.csv,technology_ru
Facial recognition claimed free of demographic bias,negative_weak_signals_global.csv,name_original
ИИ-модерация с заявленным предотвращением кибербуллинга,negative_weak_signals_global.csv,name_ru
ИИ-модерация контента,negative_weak_signals_global.csv,technology_ru
AI moderation claimed to prevent cyberbullying,negative_weak_signals_global.csv,name_original
ИИ-советник с заявленным использованием данных клиентов,negative_weak_signals_global.csv,name_ru
ИИ-инвестиционные советы,negative_weak_signals_global.csv,technology_ru
AI investment adviser using client data,negative_weak_signals_global.csv,name_original
Анализатор по капле крови с обещанием комплексных тестов,negative_weak_signals_global.csv,name_ru
анализатор крови по капле,negative_weak_signals_global.csv,technology_ru
Finger-prick analyzer promising comprehensive blood tests,negative_weak_signals_global.csv,name_original
ИИ-магазин с обещанием пассивного дохода,negative_weak_signals_global.csv,name_ru
ИИ-автоматизация магазина,negative_weak_signals_global.csv,technology_ru
AI storefront promising passive income,negative_weak_signals_global.csv,name_original
Разговорный ИИ с обещанием гарантированной прибыли,negative_weak_signals_global.csv,name_ru
разговорный ИИ,negative_weak_signals_global.csv,technology_ru
Conversational AI promising guaranteed business returns,negative_weak_signals_global.csv,name_original
ruflo (программный продукт),negative_weak_signals_global.csv,name_ru
ruflo,negative_weak_signals_global.csv,technology_ru
ruflo (software product),negative_weak_signals_global.csv,name_original
chatbox (программный продукт),negative_weak_signals_global.csv,name_ru
chatbox,negative_weak_signals_global.csv,technology_ru
chatbox (software product),negative_weak_signals_global.csv,name_original
openhuman (программный продукт),negative_weak_signals_global.csv,name_ru
openhuman,negative_weak_signals_global.csv,technology_ru
openhuman (software product),negative_weak_signals_global.csv,name_original
quivr (программный продукт),negative_weak_signals_global.csv,name_ru
quivr,negative_weak_signals_global.csv,technology_ru
quivr (software product),negative_weak_signals_global.csv,name_original
QwenPaw (программный продукт),negative_weak_signals_global.csv,name_ru
QwenPaw,negative_weak_signals_global.csv,technology_ru
QwenPaw (software product),negative_weak_signals_global.csv,name_original
AionUi (программный продукт),negative_weak_signals_global.csv,name_ru
AionUi,negative_weak_signals_global.csv,technology_ru
AionUi (software product),negative_weak_signals_global.csv,name_original
sim (программный продукт),negative_weak_signals_global.csv,name_ru
sim,negative_weak_signals_global.csv,technology_ru
sim (software product),negative_weak_signals_global.csv,name_original
WeKnora (программный продукт),negative_weak_signals_global.csv,name_ru
WeKnora,negative_weak_signals_global.csv,technology_ru
WeKnora (software product),negative_weak_signals_global.csv,name_original
nocobase (программный продукт),negative_weak_signals_global.csv,name_ru
nocobase,negative_weak_signals_global.csv,technology_ru
nocobase (software product),negative_weak_signals_global.csv,name_original
MaxKB (программный продукт),negative_weak_signals_global.csv,name_ru
MaxKB,negative_weak_signals_global.csv,technology_ru
MaxKB (software product),negative_weak_signals_global.csv,name_original
eliza (программный продукт),negative_weak_signals_global.csv,name_ru
eliza,negative_weak_signals_global.csv,technology_ru
eliza (software product),negative_weak_signals_global.csv,name_original
leon (программный продукт),negative_weak_signals_global.csv,name_ru
leon,negative_weak_signals_global.csv,technology_ru
leon (software product),negative_weak_signals_global.csv,name_original
hermes-desktop (программный продукт),negative_weak_signals_global.csv,name_ru
hermes-desktop,negative_weak_signals_global.csv,technology_ru
hermes-desktop (software product),negative_weak_signals_global.csv,name_original
bisheng (программный продукт),negative_weak_signals_global.csv,name_ru
bisheng,negative_weak_signals_global.csv,technology_ru
bisheng (software product),negative_weak_signals_global.csv,name_original
dolly (программный продукт),negative_weak_signals_global.csv,name_ru
dolly,negative_weak_signals_global.csv,technology_ru
dolly (software product),negative_weak_signals_global.csv,name_original
typebot.io (программный продукт),negative_weak_signals_global.csv,name_ru
typebot.io,negative_weak_signals_global.csv,technology_ru
typebot.io (software product),negative_weak_signals_global.csv,name_original
HuLa (программный продукт),negative_weak_signals_global.csv,name_ru
HuLa,negative_weak_signals_global.csv,technology_ru
HuLa (software product),negative_weak_signals_global.csv,name_original
aidea (программный продукт),negative_weak_signals_global.csv,name_ru
aidea,negative_weak_signals_global.csv,technology_ru
aidea (software product),negative_weak_signals_global.csv,name_original
venom (программный продукт),negative_weak_signals_global.csv,name_ru
venom,negative_weak_signals_global.csv,technology_ru
venom (software product),negative_weak_signals_global.csv,name_original
deepchat (программный продукт),negative_weak_signals_global.csv,name_ru
deepchat,negative_weak_signals_global.csv,technology_ru
deepchat (software product),negative_weak_signals_global.csv,name_original
Kun (программный продукт),negative_weak_signals_global.csv,name_ru
Kun,negative_weak_signals_global.csv,technology_ru
Kun (software product),negative_weak_signals_global.csv,name_original
MaiBot (программный продукт),negative_weak_signals_global.csv,name_ru
MaiBot,negative_weak_signals_global.csv,technology_ru
MaiBot (software product),negative_weak_signals_global.csv,name_original
Red-DiscordBot (программный продукт),negative_weak_signals_global.csv,name_ru
Red-DiscordBot,negative_weak_signals_global.csv,technology_ru
Red-DiscordBot (software product),negative_weak_signals_global.csv,name_original
openagent (программный продукт),negative_weak_signals_global.csv,name_ru
openagent,negative_weak_signals_global.csv,technology_ru
openagent (software product),negative_weak_signals_global.csv,name_original
chatgpt_telegram_bot (программный продукт),negative_weak_signals_global.csv,name_ru
chatgpt_telegram_bot,negative_weak_signals_global.csv,technology_ru
chatgpt_telegram_bot (software product),negative_weak_signals_global.csv,name_original
gaianet-node (программный продукт),negative_weak_signals_global.csv,name_ru
gaianet-node,negative_weak_signals_global.csv,technology_ru
gaianet-node (software product),negative_weak_signals_global.csv,name_original
gptme (программный продукт),negative_weak_signals_global.csv,name_ru
gptme,negative_weak_signals_global.csv,technology_ru
gptme (software product),negative_weak_signals_global.csv,name_original
kelivo (программный продукт),negative_weak_signals_global.csv,name_ru
kelivo,negative_weak_signals_global.csv,technology_ru
kelivo (software product),negative_weak_signals_global.csv,name_original
Streamer-Sales (программный продукт),negative_weak_signals_global.csv,name_ru
Streamer-Sales,negative_weak_signals_global.csv,technology_ru
Streamer-Sales (software product),negative_weak_signals_global.csv,name_original
deep-chat (программный продукт),negative_weak_signals_global.csv,name_ru
deep-chat,negative_weak_signals_global.csv,technology_ru
deep-chat (software product),negative_weak_signals_global.csv,name_original
Telegram.Bot (программный продукт),negative_weak_signals_global.csv,name_ru
Telegram.Bot,negative_weak_signals_global.csv,technology_ru
Telegram.Bot (software product),negative_weak_signals_global.csv,name_original
goclaw (программный продукт),negative_weak_signals_global.csv,name_ru
goclaw,negative_weak_signals_global.csv,technology_ru
goclaw (software product),negative_weak_signals_global.csv,name_original
chaskiq (программный продукт),negative_weak_signals_global.csv,name_ru
chaskiq,negative_weak_signals_global.csv,technology_ru
chaskiq (software product),negative_weak_signals_global.csv,name_original
Gemini-API (программный продукт),negative_weak_signals_global.csv,name_ru
Gemini-API,negative_weak_signals_global.csv,technology_ru
Gemini-API (software product),negative_weak_signals_global.csv,name_original
mercury-agent (программный продукт),negative_weak_signals_global.csv,name_ru
mercury-agent,negative_weak_signals_global.csv,technology_ru
mercury-agent (software product),negative_weak_signals_global.csv,name_original
clawpanel (программный продукт),negative_weak_signals_global.csv,name_ru
clawpanel,negative_weak_signals_global.csv,technology_ru
clawpanel (software product),negative_weak_signals_global.csv,name_original
cindy (программный продукт),negative_weak_signals_global.csv,name_ru
cindy,negative_weak_signals_global.csv,technology_ru
cindy (software product),negative_weak_signals_global.csv,name_original
pluely (программный продукт),negative_weak_signals_global.csv,name_ru
pluely,negative_weak_signals_global.csv,technology_ru
pluely (software product),negative_weak_signals_global.csv,name_original
natively-cluely-ai-assistant (программный продукт),negative_weak_signals_global.csv,name_ru
natively-cluely-ai-assistant,negative_weak_signals_global.csv,technology_ru
natively-cluely-ai-assistant (software product),negative_weak_signals_global.csv,name_original
VCPToolBox (программный продукт),negative_weak_signals_global.csv,name_ru
VCPToolBox,negative_weak_signals_global.csv,technology_ru
VCPToolBox (software product),negative_weak_signals_global.csv,name_original
conduit (программный продукт),negative_weak_signals_global.csv,name_ru
conduit,negative_weak_signals_global.csv,technology_ru
conduit (software product),negative_weak_signals_global.csv,name_original
Orkas (программный продукт),negative_weak_signals_global.csv,name_ru
Orkas,negative_weak_signals_global.csv,technology_ru
Orkas (software product),negative_weak_signals_global.csv,name_original
waku-agent (программный продукт),negative_weak_signals_global.csv,name_ru
waku-agent,negative_weak_signals_global.csv,technology_ru
waku-agent (software product),negative_weak_signals_global.csv,name_original
workany (программный продукт),negative_weak_signals_global.csv,name_ru
workany,negative_weak_signals_global.csv,technology_ru
workany (software product),negative_weak_signals_global.csv,name_original
row-bot (программный продукт),negative_weak_signals_global.csv,name_ru
row-bot,negative_weak_signals_global.csv,technology_ru
row-bot (software product),negative_weak_signals_global.csv,name_original
vellum-assistant (программный продукт),negative_weak_signals_global.csv,name_ru
vellum-assistant,negative_weak_signals_global.csv,technology_ru
vellum-assistant (software product),negative_weak_signals_global.csv,name_original
fyagent (программный продукт),negative_weak_signals_global.csv,name_ru
fyagent,negative_weak_signals_global.csv,technology_ru
fyagent (software product),negative_weak_signals_global.csv,name_original
blurr (программный продукт),negative_weak_signals_global.csv,name_ru
blurr,negative_weak_signals_global.csv,technology_ru
blurr (software product),negative_weak_signals_global.csv,name_original
PiDeck (программный продукт),negative_weak_signals_global.csv,name_ru
PiDeck,negative_weak_signals_global.csv,technology_ru
PiDeck (software product),negative_weak_signals_global.csv,name_original
jarvis (программный продукт),negative_weak_signals_global.csv,name_ru
jarvis,negative_weak_signals_global.csv,technology_ru
jarvis (software product),negative_weak_signals_global.csv,name_original
clawe (программный продукт),negative_weak_signals_global.csv,name_ru
clawe,negative_weak_signals_global.csv,technology_ru
clawe (software product),negative_weak_signals_global.csv,name_original
memex (программный продукт),negative_weak_signals_global.csv,name_ru
memex,negative_weak_signals_global.csv,technology_ru
memex (software product),negative_weak_signals_global.csv,name_original
zeptoclaw (программный продукт),negative_weak_signals_global.csv,name_ru
zeptoclaw,negative_weak_signals_global.csv,technology_ru
zeptoclaw (software product),negative_weak_signals_global.csv,name_original
openbrowserclaw (программный продукт),negative_weak_signals_global.csv,name_ru
openbrowserclaw,negative_weak_signals_global.csv,technology_ru
openbrowserclaw (software product),negative_weak_signals_global.csv,name_original
AI-Studio (программный продукт),negative_weak_signals_global.csv,name_ru
AI-Studio,negative_weak_signals_global.csv,technology_ru
AI-Studio (software product),negative_weak_signals_global.csv,name_original
rome (программный продукт),negative_weak_signals_global.csv,name_ru
rome,negative_weak_signals_global.csv,technology_ru
rome (software product),negative_weak_signals_global.csv,name_original
manifold (программный продукт),negative_weak_signals_global.csv,name_ru
manifold,negative_weak_signals_global.csv,technology_ru
manifold (software product),negative_weak_signals_global.csv,name_original
catai (программный продукт),negative_weak_signals_global.csv,name_ru
catai,negative_weak_signals_global.csv,technology_ru
catai (software product),negative_weak_signals_global.csv,name_original
mira (программный продукт),negative_weak_signals_global.csv,name_ru
mira,negative_weak_signals_global.csv,technology_ru
mira (software product),negative_weak_signals_global.csv,name_original
clawapp (программный продукт),negative_weak_signals_global.csv,name_ru
clawapp,negative_weak_signals_global.csv,technology_ru
clawapp (software product),negative_weak_signals_global.csv,name_original
мобильная связь 4G LTE для мобильный интернет,negative_weak_signals_global.csv,name_ru
мобильная связь 4G LTE,negative_weak_signals_global.csv,technology_ru
4G LTE for mobile broadband,negative_weak_signals_global.csv,name_original
мобильная связь 4G LTE для телемедицина,negative_weak_signals_global.csv,name_ru
мобильная связь 4G LTE,negative_weak_signals_global.csv,technology_ru
4G LTE for telemedicine,negative_weak_signals_global.csv,name_original
мобильная связь 4G LTE для видеотрансляция,negative_weak_signals_global.csv,name_ru
мобильная связь 4G LTE,negative_weak_signals_global.csv,technology_ru
4G LTE for video streaming,negative_weak_signals_global.csv,name_original
Bluetooth для учёт активов,negative_weak_signals_global.csv,name_ru
Bluetooth,negative_weak_signals_global.csv,technology_ru
Bluetooth for asset tracking,negative_weak_signals_global.csv,name_original
Bluetooth для позиционирование в помещениях,negative_weak_signals_global.csv,name_ru
Bluetooth,negative_weak_signals_global.csv,technology_ru
Bluetooth for indoor positioning,negative_weak_signals_global.csv,name_original
Bluetooth для промышленные датчики,negative_weak_signals_global.csv,name_ru
Bluetooth,negative_weak_signals_global.csv,technology_ru
Bluetooth for industrial sensors,negative_weak_signals_global.csv,name_original
Bluetooth для медицинские устройства,negative_weak_signals_global.csv,name_ru
Bluetooth,negative_weak_signals_global.csv,technology_ru
Bluetooth for medical devices,negative_weak_signals_global.csv,name_original
Bluetooth для умные дома,negative_weak_signals_global.csv,name_ru
Bluetooth,negative_weak_signals_global.csv,technology_ru
Bluetooth for smart homes,negative_weak_signals_global.csv,name_original
обработка на станках с ЧПУ для точное производство,negative_weak_signals_global.csv,name_ru
обработка на станках с ЧПУ,negative_weak_signals_global.csv,technology_ru
CNC machining for precision manufacturing,negative_weak_signals_global.csv,name_original
обработка на станках с ЧПУ для изготовление инструментов,negative_weak_signals_global.csv,name_ru
обработка на станках с ЧПУ,negative_weak_signals_global.csv,technology_ru
CNC machining for tool manufacturing,negative_weak_signals_global.csv,name_original
спутниковое отслеживание GPS для учёт активов,negative_weak_signals_global.csv,name_ru
спутниковое отслеживание GPS,negative_weak_signals_global.csv,technology_ru
GPS tracking for asset tracking,negative_weak_signals_global.csv,name_original
спутниковое отслеживание GPS для управление автопарком,negative_weak_signals_global.csv,name_ru
спутниковое отслеживание GPS,negative_weak_signals_global.csv,technology_ru
GPS tracking for fleet management,negative_weak_signals_global.csv,name_original
спутниковое отслеживание GPS для общественный транспорт,negative_weak_signals_global.csv,name_ru
спутниковое отслеживание GPS,negative_weak_signals_global.csv,technology_ru
GPS tracking for public transport,negative_weak_signals_global.csv,name_original
спутниковое отслеживание GPS для навигация транспорта,negative_weak_signals_global.csv,name_ru
спутниковое отслеживание GPS,negative_weak_signals_global.csv,technology_ru
GPS tracking for vehicle navigation,negative_weak_signals_global.csv,name_original
светодиодное освещение для архитектурное освещение,negative_weak_signals_global.csv,name_ru
светодиодное освещение,negative_weak_signals_global.csv,technology_ru
LED lighting for architectural lighting,negative_weak_signals_global.csv,name_original
светодиодное освещение для коммерческие здания,negative_weak_signals_global.csv,name_ru
светодиодное освещение,negative_weak_signals_global.csv,technology_ru
LED lighting for commercial buildings,negative_weak_signals_global.csv,name_original
светодиодное освещение для освещение теплиц,negative_weak_signals_global.csv,name_ru
светодиодное освещение,negative_weak_signals_global.csv,technology_ru
LED lighting for greenhouse lighting,negative_weak_signals_global.csv,name_original
светодиодное освещение для домашнее освещение,negative_weak_signals_global.csv,name_ru
светодиодное освещение,negative_weak_signals_global.csv,technology_ru
LED lighting for home lighting,negative_weak_signals_global.csv,name_original
светодиодное освещение для промышленные объекты,negative_weak_signals_global.csv,name_ru
светодиодное освещение,negative_weak_signals_global.csv,technology_ru
LED lighting for industrial facilities,negative_weak_signals_global.csv,name_original
светодиодное освещение для уличное освещение,negative_weak_signals_global.csv,name_ru
светодиодное освещение,negative_weak_signals_global.csv,technology_ru
LED lighting for street lighting,negative_weak_signals_global.csv,name_original
магнитно-резонансная томография для визуализация мозга,negative_weak_signals_global.csv,name_ru
магнитно-резонансная томография,negative_weak_signals_global.csv,technology_ru
MRI for brain imaging,negative_weak_signals_global.csv,name_original
магнитно-резонансная томография для визуализация молочной желез,negative_weak_signals_global.csv,name_ru
магнитно-резонансная томография,negative_weak_signals_global.csv,technology_ru
MRI for breast imaging,negative_weak_signals_global.csv,name_original
магнитно-резонансная томография для диагностика рака,negative_weak_signals_global.csv,name_ru
магнитно-резонансная томография,negative_weak_signals_global.csv,technology_ru
MRI for cancer diagnosis,negative_weak_signals_global.csv,name_original
магнитно-резонансная томография для визуализация сердца,negative_weak_signals_global.csv,name_ru
магнитно-резонансная томография,negative_weak_signals_global.csv,technology_ru
MRI for cardiac imaging,negative_weak_signals_global.csv,name_original
магнитно-резонансная томография для визуализация суставов,negative_weak_signals_global.csv,name_ru
магнитно-резонансная томография,negative_weak_signals_global.csv,technology_ru
MRI for joint imaging,negative_weak_signals_global.csv,name_original
магнитно-резонансная томография для визуализация печени,negative_weak_signals_global.csv,name_ru
магнитно-резонансная томография,negative_weak_signals_global.csv,technology_ru
MRI for liver imaging,negative_weak_signals_global.csv,name_original
магнитно-резонансная томография для визуализация опорно-двигательной системы,negative_weak_signals_global.csv,name_ru
магнитно-резонансная томография,negative_weak_signals_global.csv,technology_ru
MRI for musculoskeletal imaging,negative_weak_signals_global.csv,name_original
магнитно-резонансная томография для детская визуализация,negative_weak_signals_global.csv,name_ru
магнитно-резонансная томография,negative_weak_signals_global.csv,technology_ru
MRI for pediatric imaging,negative_weak_signals_global.csv,name_original
магнитно-резонансная томография для визуализация позвоночника,negative_weak_signals_global.csv,name_ru
магнитно-резонансная томография,negative_weak_signals_global.csv,technology_ru
MRI for spinal imaging,negative_weak_signals_global.csv,name_original
магнитно-резонансная томография для диагностика инсульта,negative_weak_signals_global.csv,name_ru
магнитно-резонансная томография,negative_weak_signals_global.csv,technology_ru
MRI for stroke diagnosis,negative_weak_signals_global.csv,name_original
бесконтактная связь NFC для контроль доступа,negative_weak_signals_global.csv,name_ru
бесконтактная связь NFC,negative_weak_signals_global.csv,technology_ru
NFC for access control,negative_weak_signals_global.csv,name_original
бесконтактная связь NFC для бесконтактные платежи,negative_weak_signals_global.csv,name_ru
бесконтактная связь NFC,negative_weak_signals_global.csv,technology_ru
NFC for contactless payments,negative_weak_signals_global.csv,name_original
бесконтактная связь NFC для мобильные кошельки,negative_weak_signals_global.csv,name_ru
бесконтактная связь NFC,negative_weak_signals_global.csv,technology_ru
NFC for mobile wallets,negative_weak_signals_global.csv,name_original
бесконтактная связь NFC для идентификация пациентов,negative_weak_signals_global.csv,name_ru
бесконтактная связь NFC,negative_weak_signals_global.csv,technology_ru
NFC for patient identification,negative_weak_signals_global.csv,name_original
бесконтактная связь NFC для кассовая продажа,negative_weak_signals_global.csv,name_ru
бесконтактная связь NFC,negative_weak_signals_global.csv,technology_ru
NFC for retail checkout,negative_weak_signals_global.csv,name_original
бесконтактная связь NFC для умные плакаты,negative_weak_signals_global.csv,name_ru
бесконтактная связь NFC,negative_weak_signals_global.csv,technology_ru
NFC for smart posters,negative_weak_signals_global.csv,name_original
бесконтактная связь NFC для оплата транспорта,negative_weak_signals_global.csv,name_ru
бесконтактная связь NFC,negative_weak_signals_global.csv,technology_ru
NFC for transit ticketing,negative_weak_signals_global.csv,name_original
полимеразная цепная реакция для скрининг крови,negative_weak_signals_global.csv,name_ru
полимеразная цепная реакция,negative_weak_signals_global.csv,technology_ru
PCR for blood screening,negative_weak_signals_global.csv,name_original
полимеразная цепная реакция для диагностика рака,negative_weak_signals_global.csv,name_ru
полимеразная цепная реакция,negative_weak_signals_global.csv,technology_ru
PCR for cancer diagnostics,negative_weak_signals_global.csv,name_original
полимеразная цепная реакция для экологический мониторинг,negative_weak_signals_global.csv,name_ru
полимеразная цепная реакция,negative_weak_signals_global.csv,technology_ru
PCR for environmental monitoring,negative_weak_signals_global.csv,name_original
полимеразная цепная реакция для безопасность пищевых продуктов,negative_weak_signals_global.csv,name_ru
полимеразная цепная реакция,negative_weak_signals_global.csv,technology_ru
PCR for food safety,negative_weak_signals_global.csv,name_original
полимеразная цепная реакция для криминалистический анализ,negative_weak_signals_global.csv,name_ru
полимеразная цепная реакция,negative_weak_signals_global.csv,technology_ru
PCR for forensic analysis,negative_weak_signals_global.csv,name_original
полимеразная цепная реакция для генетическое тестирование,negative_weak_signals_global.csv,name_ru
полимеразная цепная реакция,negative_weak_signals_global.csv,technology_ru
PCR for genetic testing,negative_weak_signals_global.csv,name_original
полимеразная цепная реакция для диагностика инфекций,negative_weak_signals_global.csv,name_ru
полимеразная цепная реакция,negative_weak_signals_global.csv,technology_ru
PCR for infectious disease diagnosis,negative_weak_signals_global.csv,name_original
полимеразная цепная реакция для обнаружение патогенов,negative_weak_signals_global.csv,name_ru
полимеразная цепная реакция,negative_weak_signals_global.csv,technology_ru
PCR for pathogen detection,negative_weak_signals_global.csv,name_original
полимеразная цепная реакция для ветеринарная диагностика,negative_weak_signals_global.csv,name_ru
полимеразная цепная реакция,negative_weak_signals_global.csv,technology_ru
PCR for veterinary diagnostics,negative_weak_signals_global.csv,name_original
полимеразная цепная реакция для качество воды,negative_weak_signals_global.csv,name_ru
полимеразная цепная реакция,negative_weak_signals_global.csv,technology_ru
PCR for water quality,negative_weak_signals_global.csv,name_original
солнечная фотоэлектрика для производство электроэнергии,negative_weak_signals_global.csv,name_ru
солнечная фотоэлектрика,negative_weak_signals_global.csv,technology_ru
Photovoltaik — Stromerzeugung,negative_weak_signals_global.csv,name_original
QR-код для аутентификация товара,negative_weak_signals_global.csv,name_ru
QR-код,negative_weak_signals_global.csv,technology_ru
QR code for product authentication,negative_weak_signals_global.csv,name_original
радиочастотная идентификация для учёт активов,negative_weak_signals_global.csv,name_ru
радиочастотная идентификация,negative_weak_signals_global.csv,technology_ru
RFID for asset tracking,negative_weak_signals_global.csv,name_original
радиочастотная идентификация для управление запасами,negative_weak_signals_global.csv,name_ru
радиочастотная идентификация,negative_weak_signals_global.csv,technology_ru
RFID for inventory management,negative_weak_signals_global.csv,name_original
радиочастотная идентификация для управление библиотекой,negative_weak_signals_global.csv,name_ru
радиочастотная идентификация,negative_weak_signals_global.csv,technology_ru
RFID for library management,negative_weak_signals_global.csv,name_original
радиочастотная идентификация для прослеживаемость производства,negative_weak_signals_global.csv,name_ru
радиочастотная идентификация,negative_weak_signals_global.csv,technology_ru
RFID for manufacturing traceability,negative_weak_signals_global.csv,name_original
радиочастотная идентификация для розничные магазины,negative_weak_signals_global.csv,name_ru
радиочастотная идентификация,negative_weak_signals_global.csv,technology_ru
RFID for retail stores,negative_weak_signals_global.csv,name_original
радиочастотная идентификация для отслеживание поставок,negative_weak_signals_global.csv,name_ru
радиочастотная идентификация,negative_weak_signals_global.csv,technology_ru
RFID for supply chain tracking,negative_weak_signals_global.csv,name_original
радиочастотная идентификация для идентификация транспорта,negative_weak_signals_global.csv,name_ru
радиочастотная идентификация,negative_weak_signals_global.csv,technology_ru
RFID for vehicle identification,negative_weak_signals_global.csv,name_original
радиочастотная идентификация для складская логистика,negative_weak_signals_global.csv,name_ru
радиочастотная идентификация,negative_weak_signals_global.csv,technology_ru
RFID for warehouse logistics,negative_weak_signals_global.csv,name_original
Wi-Fi для общественные точки доступа,negative_weak_signals_global.csv,name_ru
Wi-Fi,negative_weak_signals_global.csv,technology_ru
Wi-Fi for public hotspots,negative_weak_signals_global.csv,name_original
Wi-Fi для умные здания,negative_weak_signals_global.csv,name_ru
Wi-Fi,negative_weak_signals_global.csv,technology_ru
Wi-Fi for smart buildings,negative_weak_signals_global.csv,name_original
Wi-Fi для университетский кампус,negative_weak_signals_global.csv,name_ru
Wi-Fi,negative_weak_signals_global.csv,technology_ru
Wi-Fi for university campus,negative_weak_signals_global.csv,name_original
активированный уголь для очистка питьевой воды,negative_weak_signals_global.csv,name_ru
активированный уголь,negative_weak_signals_global.csv,technology_ru
activated carbon for drinking water treatment,negative_weak_signals_global.csv,name_original
активированный уголь для пищевая промышленность,negative_weak_signals_global.csv,name_ru
активированный уголь,negative_weak_signals_global.csv,technology_ru
activated carbon for food processing,negative_weak_signals_global.csv,name_original
активированный уголь для удаление ртути,negative_weak_signals_global.csv,name_ru
активированный уголь,negative_weak_signals_global.csv,technology_ru
activated carbon for mercury removal,negative_weak_signals_global.csv,name_original
активированный уголь для удаление запахов,negative_weak_signals_global.csv,name_ru
активированный уголь,negative_weak_signals_global.csv,technology_ru
activated carbon for odor control,negative_weak_signals_global.csv,name_original
активированный уголь для очистка почвы,negative_weak_signals_global.csv,name_ru
активированный уголь,negative_weak_signals_global.csv,technology_ru
activated carbon for soil remediation,negative_weak_signals_global.csv,name_original
активированный уголь для очистка сточных вод,negative_weak_signals_global.csv,name_ru
активированный уголь,negative_weak_signals_global.csv,technology_ru
activated carbon for wastewater treatment,negative_weak_signals_global.csv,name_original
штрихкод для прослеживаемость продуктов,negative_weak_signals_global.csv,name_ru
штрихкод,negative_weak_signals_global.csv,technology_ru
barcode for food traceability,negative_weak_signals_global.csv,name_original
штрихкод для управление запасами,negative_weak_signals_global.csv,name_ru
штрихкод,negative_weak_signals_global.csv,technology_ru
barcode for inventory management,negative_weak_signals_global.csv,name_original
штрихкод для идентификация товара,negative_weak_signals_global.csv,name_ru
штрихкод,negative_weak_signals_global.csv,technology_ru
barcode for product identification,negative_weak_signals_global.csv,name_original
штрихкод для кассовая продажа,negative_weak_signals_global.csv,name_ru
штрихкод,negative_weak_signals_global.csv,technology_ru
barcode for retail checkout,negative_weak_signals_global.csv,name_original
штрихкод для складская логистика,negative_weak_signals_global.csv,name_ru
штрихкод,negative_weak_signals_global.csv,technology_ru
barcode for warehouse logistics,negative_weak_signals_global.csv,name_original
информационное моделирование зданий для строительство мостов,negative_weak_signals_global.csv,name_ru
информационное моделирование зданий,negative_weak_signals_global.csv,technology_ru
building information modeling for bridge construction,negative_weak_signals_global.csv,name_original
информационное моделирование зданий для проектирование зданий,negative_weak_signals_global.csv,name_ru
информационное моделирование зданий,negative_weak_signals_global.csv,technology_ru
building information modeling for building design,negative_weak_signals_global.csv,name_original
информационное моделирование зданий для планирование строительства,negative_weak_signals_global.csv,name_ru
информационное моделирование зданий,negative_weak_signals_global.csv,technology_ru
building information modeling for construction planning,negative_weak_signals_global.csv,name_original
информационное моделирование зданий для оценка стоимости,negative_weak_signals_global.csv,name_ru
информационное моделирование зданий,negative_weak_signals_global.csv,technology_ru
building information modeling for cost estimation,negative_weak_signals_global.csv,name_original
информационное моделирование зданий для энергетический анализ,negative_weak_signals_global.csv,name_ru
информационное моделирование зданий,negative_weak_signals_global.csv,technology_ru
building information modeling for energy analysis,negative_weak_signals_global.csv,name_original
информационное моделирование зданий для эксплуатация объектов,negative_weak_signals_global.csv,name_ru
информационное моделирование зданий,negative_weak_signals_global.csv,technology_ru
building information modeling for facility management,negative_weak_signals_global.csv,name_original
информационное моделирование зданий для сохранение наследия,negative_weak_signals_global.csv,name_ru
информационное моделирование зданий,negative_weak_signals_global.csv,technology_ru
building information modeling for heritage conservation,negative_weak_signals_global.csv,name_original
информационное моделирование зданий для инфраструктурные проекты,negative_weak_signals_global.csv,name_ru
информационное моделирование зданий,negative_weak_signals_global.csv,technology_ru
building information modeling for infrastructure projects,negative_weak_signals_global.csv,name_original
информационное моделирование зданий для строительное проектирование,negative_weak_signals_global.csv,name_ru
информационное моделирование зданий,negative_weak_signals_global.csv,technology_ru
building information modeling for structural engineering,negative_weak_signals_global.csv,name_original
компьютерная томография для визуализация брюшной полости,negative_weak_signals_global.csv,name_ru
компьютерная томография,negative_weak_signals_global.csv,technology_ru
computed tomography for abdominal imaging,negative_weak_signals_global.csv,name_original
компьютерная томография для визуализация костей,negative_weak_signals_global.csv,name_ru
компьютерная томография,negative_weak_signals_global.csv,technology_ru
computed tomography for bone imaging,negative_weak_signals_global.csv,name_original
компьютерная томография для визуализация мозга,negative_weak_signals_global.csv,name_ru
компьютерная томография,negative_weak_signals_global.csv,technology_ru
computed tomography for brain imaging,negative_weak_signals_global.csv,name_original
компьютерная томография для скрининг рака,negative_weak_signals_global.csv,name_ru
компьютерная томография,negative_weak_signals_global.csv,technology_ru
computed tomography for cancer screening,negative_weak_signals_global.csv,name_original
компьютерная томография для визуализация сердца,negative_weak_signals_global.csv,name_ru
компьютерная томография,negative_weak_signals_global.csv,technology_ru
computed tomography for cardiac imaging,negative_weak_signals_global.csv,name_original
компьютерная томография для визуализация лёгких,negative_weak_signals_global.csv,name_ru
компьютерная томография,negative_weak_signals_global.csv,technology_ru
computed tomography for lung imaging,negative_weak_signals_global.csv,name_original
компьютерная томография для диагностика инсульта,negative_weak_signals_global.csv,name_ru
компьютерная томография,negative_weak_signals_global.csv,technology_ru
computed tomography for stroke diagnosis,negative_weak_signals_global.csv,name_original
компьютерная томография для визуализация травм,negative_weak_signals_global.csv,name_ru
компьютерная томография,negative_weak_signals_global.csv,technology_ru
computed tomography for trauma imaging,negative_weak_signals_global.csv,name_original
компьютерная томография для визуализация сосудов,negative_weak_signals_global.csv,name_ru
компьютерная томография,negative_weak_signals_global.csv,technology_ru
computed tomography for vascular imaging,negative_weak_signals_global.csv,name_original
армирование бетона для строительство мостов,negative_weak_signals_global.csv,name_ru
армирование бетона,negative_weak_signals_global.csv,technology_ru
concrete reinforcement for bridge construction,negative_weak_signals_global.csv,name_original
армирование бетона для сейсмостойкость,negative_weak_signals_global.csv,name_ru
армирование бетона,negative_weak_signals_global.csv,technology_ru
concrete reinforcement for earthquake resistance,negative_weak_signals_global.csv,name_original
армирование бетона для морские сооружения,negative_weak_signals_global.csv,name_ru
армирование бетона,negative_weak_signals_global.csv,technology_ru
concrete reinforcement for marine structures,negative_weak_signals_global.csv,name_original
оркестрация контейнеров для периферийные вычисления,negative_weak_signals_global.csv,name_ru
оркестрация контейнеров,negative_weak_signals_global.csv,technology_ru
container orchestration for edge computing,negative_weak_signals_global.csv,name_original
капельное орошение для производство хлопка,negative_weak_signals_global.csv,name_ru
капельное орошение,negative_weak_signals_global.csv,technology_ru
drip irrigation for cotton production,negative_weak_signals_global.csv,name_original
капельное орошение для тепличное выращивание,negative_weak_signals_global.csv,name_ru
капельное орошение,negative_weak_signals_global.csv,technology_ru
drip irrigation for greenhouse cultivation,negative_weak_signals_global.csv,name_original
капельное орошение для орошение садов,negative_weak_signals_global.csv,name_ru
капельное орошение,negative_weak_signals_global.csv,technology_ru
drip irrigation for orchard irrigation,negative_weak_signals_global.csv,name_original
капельное орошение для производство овощей,negative_weak_signals_global.csv,name_ru
капельное орошение,negative_weak_signals_global.csv,technology_ru
drip irrigation for vegetable production,negative_weak_signals_global.csv,name_original
электрокардиография для помощь в скорой,negative_weak_signals_global.csv,name_ru
электрокардиография,negative_weak_signals_global.csv,technology_ru
electrocardiography for ambulance care,negative_weak_signals_global.csv,name_original
электрокардиография для мониторинг сердца,negative_weak_signals_global.csv,name_ru
электрокардиография,negative_weak_signals_global.csv,technology_ru
electrocardiography for cardiac monitoring,negative_weak_signals_global.csv,name_original
электрокардиография для обнаружение ишемии,negative_weak_signals_global.csv,name_ru
электрокардиография,negative_weak_signals_global.csv,technology_ru
electrocardiography for ischemia detection,negative_weak_signals_global.csv,name_original
электрокардиография для предоперационная оценка,negative_weak_signals_global.csv,name_ru
электрокардиография,negative_weak_signals_global.csv,technology_ru
electrocardiography for preoperative assessment,negative_weak_signals_global.csv,name_original
электрокардиография для носимый мониторинг,negative_weak_signals_global.csv,name_ru
электрокардиография,negative_weak_signals_global.csv,technology_ru
electrocardiography for wearable monitoring,negative_weak_signals_global.csv,name_original
солнечная фотоэлектрика для производство электроэнергии,negative_weak_signals_global.csv,name_ru
солнечная фотоэлектрика,negative_weak_signals_global.csv,technology_ru
energía solar fotovoltaica para generación eléctrica,negative_weak_signals_global.csv,name_original
волоконно-оптическая связь для широкополосный доступ,negative_weak_signals_global.csv,name_ru
волоконно-оптическая связь,negative_weak_signals_global.csv,technology_ru
fiber optic for broadband access,negative_weak_signals_global.csv,name_original
волоконно-оптическая связь для центры обработки данных,negative_weak_signals_global.csv,name_ru
волоконно-оптическая связь,negative_weak_signals_global.csv,technology_ru
fiber optic for data centers,negative_weak_signals_global.csv,name_original
волоконно-оптическая связь для медицинская визуализация,negative_weak_signals_global.csv,name_ru
волоконно-оптическая связь,negative_weak_signals_global.csv,technology_ru
fiber optic for medical imaging,negative_weak_signals_global.csv,name_original
волоконно-оптическая связь для мониторинг железных дорог,negative_weak_signals_global.csv,name_ru
волоконно-оптическая связь,negative_weak_signals_global.csv,technology_ru
fiber optic for railway monitoring,negative_weak_signals_global.csv,name_original
волоконно-оптическая связь для подводные кабели,negative_weak_signals_global.csv,name_ru
волоконно-оптическая связь,negative_weak_signals_global.csv,technology_ru
fiber optic for submarine cables,negative_weak_signals_global.csv,name_original
волоконно-оптическая связь для телекоммуникационные сети,negative_weak_signals_global.csv,name_ru
волоконно-оптическая связь,negative_weak_signals_global.csv,technology_ru
fiber optic for telecommunications networks,negative_weak_signals_global.csv,name_original
волоконно-оптическая связь для измерение температуры,negative_weak_signals_global.csv,name_ru
волоконно-оптическая связь,negative_weak_signals_global.csv,technology_ru
fiber optic for temperature sensing,negative_weak_signals_global.csv,name_original
межсетевой экран для облачные сервисы,negative_weak_signals_global.csv,name_ru
межсетевой экран,negative_weak_signals_global.csv,technology_ru
firewall for cloud services,negative_weak_signals_global.csv,name_original
межсетевой экран для центры обработки данных,negative_weak_signals_global.csv,name_ru
межсетевой экран,negative_weak_signals_global.csv,technology_ru
firewall for data centers,negative_weak_signals_global.csv,name_original
межсетевой экран для больничные сети,negative_weak_signals_global.csv,name_ru
межсетевой экран,negative_weak_signals_global.csv,technology_ru
firewall for hospital networks,negative_weak_signals_global.csv,name_original
межсетевой экран для промышленное управление,negative_weak_signals_global.csv,name_ru
межсетевой экран,negative_weak_signals_global.csv,technology_ru
firewall for industrial control,negative_weak_signals_global.csv,name_original
межсетевой экран для мобильные сети,negative_weak_signals_global.csv,name_ru
межсетевой экран,negative_weak_signals_global.csv,technology_ru
firewall for mobile networks,negative_weak_signals_global.csv,name_original
тепловой насос для коммерческие здания,negative_weak_signals_global.csv,name_ru
тепловой насос,negative_weak_signals_global.csv,technology_ru
heat pump for commercial buildings,negative_weak_signals_global.csv,name_original
тепловой насос для централизованное теплоснабжение,negative_weak_signals_global.csv,name_ru
тепловой насос,negative_weak_signals_global.csv,technology_ru
heat pump for district heating,negative_weak_signals_global.csv,name_original
тепловой насос для сушка пищевых продуктов,negative_weak_signals_global.csv,name_ru
тепловой насос,negative_weak_signals_global.csv,technology_ru
heat pump for food drying,negative_weak_signals_global.csv,name_original
тепловой насос для промышленное тепло,negative_weak_signals_global.csv,name_ru
тепловой насос,negative_weak_signals_global.csv,technology_ru
heat pump for industrial process heat,negative_weak_signals_global.csv,name_original
тепловой насос для отопление жилья,negative_weak_signals_global.csv,name_ru
тепловой насос,negative_weak_signals_global.csv,technology_ru
heat pump for residential heating,negative_weak_signals_global.csv,name_original
тепловой насос для охлаждение помещений,negative_weak_signals_global.csv,name_ru
тепловой насос,negative_weak_signals_global.csv,technology_ru
heat pump for space cooling,negative_weak_signals_global.csv,name_original
тепловой насос для бассейны,negative_weak_signals_global.csv,name_ru
тепловой насос,negative_weak_signals_global.csv,technology_ru
heat pump for swimming pools,negative_weak_signals_global.csv,name_original
тепловой насос для нагрев воды,negative_weak_signals_global.csv,name_ru
тепловой насос,negative_weak_signals_global.csv,technology_ru
heat pump for water heating,negative_weak_signals_global.csv,name_original
промышленный робот для сборочные линии,negative_weak_signals_global.csv,name_ru
промышленный робот,negative_weak_signals_global.csv,technology_ru
industrial robot for assembly lines,negative_weak_signals_global.csv,name_original
промышленный робот для сварка автомобилей,negative_weak_signals_global.csv,name_ru
промышленный робот,negative_weak_signals_global.csv,technology_ru
industrial robot for automotive welding,negative_weak_signals_global.csv,name_original
капельное орошение для сельскохозяйственное производство,negative_weak_signals_global.csv,name_ru
капельное орошение,negative_weak_signals_global.csv,technology_ru
irrigação por gotejamento para produção agrícola,negative_weak_signals_global.csv,name_original
лапароскопия для абдоминальная хирургия,negative_weak_signals_global.csv,name_ru
лапароскопия,negative_weak_signals_global.csv,technology_ru
laparoscopy for abdominal surgery,negative_weak_signals_global.csv,name_original
лапароскопия для аппендэктомия,negative_weak_signals_global.csv,name_ru
лапароскопия,negative_weak_signals_global.csv,technology_ru
laparoscopy for appendectomy,negative_weak_signals_global.csv,name_original
лапароскопия для бариатрическая хирургия,negative_weak_signals_global.csv,name_ru
лапароскопия,negative_weak_signals_global.csv,technology_ru
laparoscopy for bariatric surgery,negative_weak_signals_global.csv,name_original
лапароскопия для онкологическая хирургия,negative_weak_signals_global.csv,name_ru
лапароскопия,negative_weak_signals_global.csv,technology_ru
laparoscopy for cancer surgery,negative_weak_signals_global.csv,name_original
лапароскопия для операция на кишечнике,negative_weak_signals_global.csv,name_ru
лапароскопия,negative_weak_signals_global.csv,technology_ru
laparoscopy for colon surgery,negative_weak_signals_global.csv,name_original
лапароскопия для гинекологическая хирургия,negative_weak_signals_global.csv,name_ru
лапароскопия,negative_weak_signals_global.csv,technology_ru
laparoscopy for gynecological surgery,negative_weak_signals_global.csv,name_original
лапароскопия для лечение грыжи,negative_weak_signals_global.csv,name_ru
лапароскопия,negative_weak_signals_global.csv,technology_ru
laparoscopy for hernia repair,negative_weak_signals_global.csv,name_original
лапароскопия для детская хирургия,negative_weak_signals_global.csv,name_ru
лапароскопия,negative_weak_signals_global.csv,technology_ru
laparoscopy for pediatric surgery,negative_weak_signals_global.csv,name_original
лапароскопия для урологическая хирургия,negative_weak_signals_global.csv,name_ru
лапароскопия,negative_weak_signals_global.csv,technology_ru
laparoscopy for urological surgery,negative_weak_signals_global.csv,name_original
лазерная резка для детали авиации,negative_weak_signals_global.csv,name_ru
лазерная резка,negative_weak_signals_global.csv,technology_ru
laser cutting for aerospace parts,negative_weak_signals_global.csv,name_original
лазерная резка для детали автомобилей,negative_weak_signals_global.csv,name_ru
лазерная резка,negative_weak_signals_global.csv,technology_ru
laser cutting for automotive parts,negative_weak_signals_global.csv,name_original
лазерная резка для медицинские устройства,negative_weak_signals_global.csv,name_ru
лазерная резка,negative_weak_signals_global.csv,technology_ru
laser cutting for medical devices,negative_weak_signals_global.csv,name_original
лазерная резка для судостроение,negative_weak_signals_global.csv,name_ru
лазерная резка,negative_weak_signals_global.csv,technology_ru
laser cutting for shipbuilding,negative_weak_signals_global.csv,name_original
литий-ионный аккумулятор для электромобили,negative_weak_signals_global.csv,name_ru
литий-ионный аккумулятор,negative_weak_signals_global.csv,technology_ru
lithium ion battery for electric vehicles,negative_weak_signals_global.csv,name_original
литий-ионный аккумулятор для сетевое хранение энергии,negative_weak_signals_global.csv,name_ru
литий-ионный аккумулятор,negative_weak_signals_global.csv,technology_ru
lithium ion battery for grid storage,negative_weak_signals_global.csv,name_original
точное земледелие для мониторинг посевов,negative_weak_signals_global.csv,name_ru
точное земледелие,negative_weak_signals_global.csv,technology_ru
precision agriculture for crop monitoring,negative_weak_signals_global.csv,name_original
точное земледелие для производство зерна,negative_weak_signals_global.csv,name_ru
точное земледелие,negative_weak_signals_global.csv,technology_ru
precision agriculture for grain production,negative_weak_signals_global.csv,name_original
точное земледелие для управление орошением,negative_weak_signals_global.csv,name_ru
точное земледелие,negative_weak_signals_global.csv,technology_ru
precision agriculture for irrigation management,negative_weak_signals_global.csv,name_original
точное земледелие для картирование почвы,negative_weak_signals_global.csv,name_ru
точное земледелие,negative_weak_signals_global.csv,technology_ru
precision agriculture for soil mapping,negative_weak_signals_global.csv,name_original
точное земледелие для управление виноградниками,negative_weak_signals_global.csv,name_ru
точное земледелие,negative_weak_signals_global.csv,technology_ru
precision agriculture for vineyard management,negative_weak_signals_global.csv,name_original
точное земледелие для картирование урожайности,negative_weak_signals_global.csv,name_ru
точное земледелие,negative_weak_signals_global.csv,technology_ru
precision agriculture for yield mapping,negative_weak_signals_global.csv,name_original
полимеразная цепная реакция для диагностика заболеваний,negative_weak_signals_global.csv,name_ru
полимеразная цепная реакция,negative_weak_signals_global.csv,technology_ru
reacción en cadena de la polimerasa para diagnóstico de enfermedades,negative_weak_signals_global.csv,name_original
реляционная база данных для управление клиентами,negative_weak_signals_global.csv,name_ru
реляционная база данных,negative_weak_signals_global.csv,technology_ru
relational database for customer relationship management,negative_weak_signals_global.csv,name_original
магнитно-резонансная томография для диагностика мозга,negative_weak_signals_global.csv,name_ru
магнитно-резонансная томография,negative_weak_signals_global.csv,technology_ru
resonancia magnética para diagnóstico cerebral,negative_weak_signals_global.csv,name_original
обратный осмос для сельскохозяйственное орошение,negative_weak_signals_global.csv,name_ru
обратный осмос,negative_weak_signals_global.csv,technology_ru
reverse osmosis for agricultural irrigation,negative_weak_signals_global.csv,name_original
обратный осмос для очистка солоноватой воды,negative_weak_signals_global.csv,name_ru
обратный осмос,negative_weak_signals_global.csv,technology_ru
reverse osmosis for brackish water treatment,negative_weak_signals_global.csv,name_original
обратный осмос для переработка молока,negative_weak_signals_global.csv,name_ru
обратный осмос,negative_weak_signals_global.csv,technology_ru
reverse osmosis for dairy processing,negative_weak_signals_global.csv,name_original
обратный осмос для очистка питьевой воды,negative_weak_signals_global.csv,name_ru
обратный осмос,negative_weak_signals_global.csv,technology_ru
reverse osmosis for drinking water treatment,negative_weak_signals_global.csv,name_original
обратный осмос для промышленные сточные воды,negative_weak_signals_global.csv,name_ru
обратный осмос,negative_weak_signals_global.csv,technology_ru
reverse osmosis for industrial wastewater,negative_weak_signals_global.csv,name_original
обратный осмос для городские сточные воды,negative_weak_signals_global.csv,name_ru
обратный осмос,negative_weak_signals_global.csv,technology_ru
reverse osmosis for municipal wastewater,negative_weak_signals_global.csv,name_original
обратный осмос для вода для фармацевтики,negative_weak_signals_global.csv,name_ru
обратный осмос,negative_weak_signals_global.csv,technology_ru
reverse osmosis for pharmaceutical water,negative_weak_signals_global.csv,name_original
обратный осмос для опреснение морской воды,negative_weak_signals_global.csv,name_ru
обратный осмос,negative_weak_signals_global.csv,technology_ru
reverse osmosis for seawater desalination,negative_weak_signals_global.csv,name_original
оптимизация маршрутов для общественный транспорт,negative_weak_signals_global.csv,name_ru
оптимизация маршрутов,negative_weak_signals_global.csv,technology_ru
route optimization for public transport,negative_weak_signals_global.csv,name_original
оптимизация маршрутов для складской отбор,negative_weak_signals_global.csv,name_ru
оптимизация маршрутов,negative_weak_signals_global.csv,technology_ru
route optimization for warehouse picking,negative_weak_signals_global.csv,name_original
оптимизация маршрутов для сбор отходов,negative_weak_signals_global.csv,name_ru
оптимизация маршрутов,negative_weak_signals_global.csv,technology_ru
route optimization for waste collection,negative_weak_signals_global.csv,name_original
солнечная фотоэлектрика для электроснабжение зданий,negative_weak_signals_global.csv,name_ru
солнечная фотоэлектрика,negative_weak_signals_global.csv,technology_ru
solar photovoltaic for building electricity,negative_weak_signals_global.csv,name_original
солнечная фотоэлектрика для зарядка электромобилей,negative_weak_signals_global.csv,name_ru
солнечная фотоэлектрика,negative_weak_signals_global.csv,technology_ru
solar photovoltaic for electric vehicle charging,negative_weak_signals_global.csv,name_original
солнечная фотоэлектрика для электричество на крышах,negative_weak_signals_global.csv,name_ru
солнечная фотоэлектрика,negative_weak_signals_global.csv,technology_ru
solar photovoltaic for rooftop electricity,negative_weak_signals_global.csv,name_original
солнечная фотоэлектрика для уличное освещение,negative_weak_signals_global.csv,name_ru
солнечная фотоэлектрика,negative_weak_signals_global.csv,technology_ru
solar photovoltaic for street lighting,negative_weak_signals_global.csv,name_original
солнечная фотоэлектрика для перекачка воды,negative_weak_signals_global.csv,name_ru
солнечная фотоэлектрика,negative_weak_signals_global.csv,technology_ru
solar photovoltaic for water pumping,negative_weak_signals_global.csv,name_original
компьютерная томография для диагностика рака,negative_weak_signals_global.csv,name_ru
компьютерная томография,negative_weak_signals_global.csv,technology_ru
tomografia computadorizada para diagnóstico de câncer,negative_weak_signals_global.csv,name_original
ультразвуковая диагностика для визуализация брюшной полости,negative_weak_signals_global.csv,name_ru
ультразвуковая диагностика,negative_weak_signals_global.csv,technology_ru
ultrasound for abdominal imaging,negative_weak_signals_global.csv,name_original
ультразвуковая диагностика для визуализация молочной желез,negative_weak_signals_global.csv,name_ru
ультразвуковая диагностика,negative_weak_signals_global.csv,technology_ru
ultrasound for breast imaging,negative_weak_signals_global.csv,name_original
ультразвуковая диагностика для визуализация сердца,negative_weak_signals_global.csv,name_ru
ультразвуковая диагностика,negative_weak_signals_global.csv,technology_ru
ultrasound for cardiac imaging,negative_weak_signals_global.csv,name_original
ультразвуковая диагностика для экстренная медицина,negative_weak_signals_global.csv,name_ru
ультразвуковая диагностика,negative_weak_signals_global.csv,technology_ru
ultrasound for emergency medicine,negative_weak_signals_global.csv,name_original
ультразвуковая диагностика для визуализация печени,negative_weak_signals_global.csv,name_ru
ультразвуковая диагностика,negative_weak_signals_global.csv,technology_ru
ultrasound for liver imaging,negative_weak_signals_global.csv,name_original
ультразвуковая диагностика для визуализация опорно-двигательной системы,negative_weak_signals_global.csv,name_ru
ультразвуковая диагностика,negative_weak_signals_global.csv,technology_ru
ultrasound for musculoskeletal imaging,negative_weak_signals_global.csv,name_original
ультразвуковая диагностика для пренатальная визуализация,negative_weak_signals_global.csv,name_ru
ультразвуковая диагностика,negative_weak_signals_global.csv,technology_ru
ultrasound for prenatal imaging,negative_weak_signals_global.csv,name_original
ультразвуковая диагностика для визуализация простаты,negative_weak_signals_global.csv,name_ru
ультразвуковая диагностика,negative_weak_signals_global.csv,technology_ru
ultrasound for prostate imaging,negative_weak_signals_global.csv,name_original
ультразвуковая диагностика для визуализация щитовидной желез,negative_weak_signals_global.csv,name_ru
ультразвуковая диагностика,negative_weak_signals_global.csv,technology_ru
ultrasound for thyroid imaging,negative_weak_signals_global.csv,name_original
ультразвуковая диагностика для визуализация сосудов,negative_weak_signals_global.csv,name_ru
ультразвуковая диагностика,negative_weak_signals_global.csv,technology_ru
ultrasound for vascular imaging,negative_weak_signals_global.csv,name_original
ультразвуковая диагностика для диагностика сердца,negative_weak_signals_global.csv,name_ru
ультразвуковая диагностика,negative_weak_signals_global.csv,technology_ru
ultrassonografia para diagnóstico cardíaco,negative_weak_signals_global.csv,name_original
потоковое видео для дистанционный мониторинг,negative_weak_signals_global.csv,name_ru
потоковое видео,negative_weak_signals_global.csv,technology_ru
video streaming for remote monitoring,negative_weak_signals_global.csv,name_original
потоковое видео для телемедицина,negative_weak_signals_global.csv,name_ru
потоковое видео,negative_weak_signals_global.csv,technology_ru
video streaming for telemedicine,negative_weak_signals_global.csv,name_original
потоковое видео для видеоконференции,negative_weak_signals_global.csv,name_ru
потоковое видео,negative_weak_signals_global.csv,technology_ru
video streaming for video conferencing,negative_weak_signals_global.csv,name_original
ветровая турбина для распределённая генерация,negative_weak_signals_global.csv,name_ru
ветровая турбина,negative_weak_signals_global.csv,technology_ru
wind turbine for distributed generation,negative_weak_signals_global.csv,name_original
ветровая турбина для производство электроэнергии,negative_weak_signals_global.csv,name_ru
ветровая турбина,negative_weak_signals_global.csv,technology_ru
wind turbine for electricity generation,negative_weak_signals_global.csv,name_original
ветровая турбина для интеграция в сеть,negative_weak_signals_global.csv,name_ru
ветровая турбина,negative_weak_signals_global.csv,technology_ru
wind turbine for grid integration,negative_weak_signals_global.csv,name_original
ветровая турбина для электроснабжение островов,negative_weak_signals_global.csv,name_ru
ветровая турбина,negative_weak_signals_global.csv,technology_ru
wind turbine for island electricity,negative_weak_signals_global.csv,name_original
ветровая турбина для морские ветропарки,negative_weak_signals_global.csv,name_ru
ветровая турбина,negative_weak_signals_global.csv,technology_ru
wind turbine for offshore wind farms,negative_weak_signals_global.csv,name_original
ветровая турбина для электрификация сельской местности,negative_weak_signals_global.csv,name_ru
ветровая турбина,negative_weak_signals_global.csv,technology_ru
wind turbine for rural electrification,negative_weak_signals_global.csv,name_original
активированный уголь для очистка промышленных газов,negative_weak_signals_global.csv,name_ru
активированный уголь,negative_weak_signals_global.csv,technology_ru
activated carbon for industrial gas treatment,negative_weak_signals_global.csv,name_original
штрихкод для отслеживание поставок,negative_weak_signals_global.csv,name_ru
штрихкод,negative_weak_signals_global.csv,technology_ru
barcode for supply chain tracking,negative_weak_signals_global.csv,name_original
электрокардиография для диагностика сердечной недостаточности,negative_weak_signals_global.csv,name_ru
электрокардиография,negative_weak_signals_global.csv,technology_ru
electrocardiography for heart failure diagnosis,negative_weak_signals_global.csv,name_original
лазерная резка для изготовление листового металла,negative_weak_signals_global.csv,name_ru
лазерная резка,negative_weak_signals_global.csv,technology_ru
laser cutting for sheet metal fabrication,negative_weak_signals_global.csv,name_original
солнечная фотоэлектрика для автономные системы,negative_weak_signals_global.csv,name_ru
солнечная фотоэлектрика,negative_weak_signals_global.csv,technology_ru
solar photovoltaic for off grid systems,negative_weak_signals_global.csv,name_original
ветровая турбина для гибридные энергосистемы,negative_weak_signals_global.csv,name_ru
ветровая турбина,negative_weak_signals_global.csv,technology_ru
wind turbine for hybrid power systems,negative_weak_signals_global.csv,name_original
мобильная связь 4G LTE для мобильные платежи,negative_weak_signals_global.csv,name_ru
мобильная связь 4G LTE,negative_weak_signals_global.csv,technology_ru
4G LTE for mobile payments,negative_weak_signals_global.csv,name_original
Bluetooth для автомобильная связь,negative_weak_signals_global.csv,name_ru
Bluetooth,negative_weak_signals_global.csv,technology_ru
Bluetooth for automotive connectivity,negative_weak_signals_global.csv,name_original
Bluetooth для отслеживание фитнеса,negative_weak_signals_global.csv,name_ru
Bluetooth,negative_weak_signals_global.csv,technology_ru
Bluetooth for fitness tracking,negative_weak_signals_global.csv,name_original
Bluetooth для носимые устройства,negative_weak_signals_global.csv,name_ru
Bluetooth,negative_weak_signals_global.csv,technology_ru
Bluetooth for wearable devices,negative_weak_signals_global.csv,name_original
Bluetooth для беспроводные наушники,negative_weak_signals_global.csv,name_ru
Bluetooth,negative_weak_signals_global.csv,technology_ru
Bluetooth for wireless headphones,negative_weak_signals_global.csv,name_original
Bluetooth для беспроводные клавиатуры,negative_weak_signals_global.csv,name_ru
Bluetooth,negative_weak_signals_global.csv,technology_ru
Bluetooth for wireless keyboards,negative_weak_signals_global.csv,name_original
обработка на станках с ЧПУ для детали авиации,negative_weak_signals_global.csv,name_ru
обработка на станках с ЧПУ,negative_weak_signals_global.csv,technology_ru
CNC machining for aerospace parts,negative_weak_signals_global.csv,name_original
обработка на станках с ЧПУ для детали автомобилей,negative_weak_signals_global.csv,name_ru
обработка на станках с ЧПУ,negative_weak_signals_global.csv,technology_ru
CNC machining for automotive parts,negative_weak_signals_global.csv,name_original
обработка на станках с ЧПУ для резка металла,negative_weak_signals_global.csv,name_ru
обработка на станках с ЧПУ,negative_weak_signals_global.csv,technology_ru
CNC machining for metal cutting,negative_weak_signals_global.csv,name_original
обработка на станках с ЧПУ для изготовление пресс-форм,negative_weak_signals_global.csv,name_ru
обработка на станках с ЧПУ,negative_weak_signals_global.csv,technology_ru
CNC machining for mold making,negative_weak_signals_global.csv,name_original
спутниковое отслеживание GPS для строительная техника,negative_weak_signals_global.csv,name_ru
спутниковое отслеживание GPS,negative_weak_signals_global.csv,technology_ru
GPS tracking for construction equipment,negative_weak_signals_global.csv,name_original
спутниковое отслеживание GPS для морская навигация,negative_weak_signals_global.csv,name_ru
спутниковое отслеживание GPS,negative_weak_signals_global.csv,technology_ru
GPS tracking for maritime navigation,negative_weak_signals_global.csv,name_original
спутниковое отслеживание GPS для доставка посылок,negative_weak_signals_global.csv,name_ru
спутниковое отслеживание GPS,negative_weak_signals_global.csv,technology_ru
GPS tracking for parcel delivery,negative_weak_signals_global.csv,name_original
спутниковое отслеживание GPS для точное земледелие,negative_weak_signals_global.csv,name_ru
спутниковое отслеживание GPS,negative_weak_signals_global.csv,technology_ru
GPS tracking for precision agriculture,negative_weak_signals_global.csv,name_original
спутниковое отслеживание GPS для мониторинг животных,negative_weak_signals_global.csv,name_ru
спутниковое отслеживание GPS,negative_weak_signals_global.csv,technology_ru
GPS tracking for wildlife monitoring,negative_weak_signals_global.csv,name_original
светодиодное освещение для освещение самолётов,negative_weak_signals_global.csv,name_ru
светодиодное освещение,negative_weak_signals_global.csv,technology_ru
LED lighting for aircraft lighting,negative_weak_signals_global.csv,name_original
светодиодное освещение для автомобильные фары,negative_weak_signals_global.csv,name_ru
светодиодное освещение,negative_weak_signals_global.csv,technology_ru
LED lighting for automotive headlights,negative_weak_signals_global.csv,name_original
светодиодное освещение для освещение больниц,negative_weak_signals_global.csv,name_ru
светодиодное освещение,negative_weak_signals_global.csv,technology_ru
LED lighting for hospital lighting,negative_weak_signals_global.csv,name_original
светодиодное освещение для витрины магазинов,negative_weak_signals_global.csv,name_ru
светодиодное освещение,negative_weak_signals_global.csv,technology_ru
LED lighting for retail displays,negative_weak_signals_global.csv,name_original
бесконтактная связь NFC для сопряжение устройств,negative_weak_signals_global.csv,name_ru
бесконтактная связь NFC,negative_weak_signals_global.csv,technology_ru
NFC for device pairing,negative_weak_signals_global.csv,name_original
бесконтактная связь NFC для доступ в гостиницу,negative_weak_signals_global.csv,name_ru
бесконтактная связь NFC,negative_weak_signals_global.csv,technology_ru
NFC for hotel access,negative_weak_signals_global.csv,name_original
бесконтактная связь NFC для программы лояльности,negative_weak_signals_global.csv,name_ru
бесконтактная связь NFC,negative_weak_signals_global.csv,technology_ru
NFC for loyalty programs,negative_weak_signals_global.csv,name_original
QR-код для отслеживание контактов,negative_weak_signals_global.csv,name_ru
QR-код,negative_weak_signals_global.csv,technology_ru
QR code for contact tracing,negative_weak_signals_global.csv,name_original
QR-код для билеты на мероприятия,negative_weak_signals_global.csv,name_ru
QR-код,negative_weak_signals_global.csv,technology_ru
QR code for event tickets,negative_weak_signals_global.csv,name_original
QR-код для управление библиотекой,negative_weak_signals_global.csv,name_ru
QR-код,negative_weak_signals_global.csv,technology_ru
QR code for library management,negative_weak_signals_global.csv,name_original
QR-код для маркетинговые кампании,negative_weak_signals_global.csv,name_ru
QR-код,negative_weak_signals_global.csv,technology_ru
QR code for marketing campaigns,negative_weak_signals_global.csv,name_original
QR-код для мобильные платежи,negative_weak_signals_global.csv,name_ru
QR-код,negative_weak_signals_global.csv,technology_ru
QR code for mobile payments,negative_weak_signals_global.csv,name_original
QR-код для идентификация пациентов,negative_weak_signals_global.csv,name_ru
QR-код,negative_weak_signals_global.csv,technology_ru
QR code for patient identification,negative_weak_signals_global.csv,name_original
QR-код для общественный транспорт,negative_weak_signals_global.csv,name_ru
QR-код,negative_weak_signals_global.csv,technology_ru
QR code for public transport,negative_weak_signals_global.csv,name_original
QR-код для кассовая продажа,negative_weak_signals_global.csv,name_ru
QR-код,negative_weak_signals_global.csv,technology_ru
QR code for retail checkout,negative_weak_signals_global.csv,name_original
радиочастотная идентификация для отслеживание скота,negative_weak_signals_global.csv,name_ru
радиочастотная идентификация,negative_weak_signals_global.csv,technology_ru
RFID for livestock tracking,negative_weak_signals_global.csv,name_original
радиочастотная идентификация для идентификация пациентов,negative_weak_signals_global.csv,name_ru
радиочастотная идентификация,negative_weak_signals_global.csv,technology_ru
RFID for patient identification,negative_weak_signals_global.csv,name_original
Wi-Fi для домашние сети,negative_weak_signals_global.csv,name_ru
Wi-Fi,negative_weak_signals_global.csv,technology_ru
Wi-Fi for home networking,negative_weak_signals_global.csv,name_original
Wi-Fi для больничные сети,negative_weak_signals_global.csv,name_ru
Wi-Fi,negative_weak_signals_global.csv,technology_ru
Wi-Fi for hospital networks,negative_weak_signals_global.csv,name_original
Wi-Fi для промышленные сети,negative_weak_signals_global.csv,name_ru
Wi-Fi,negative_weak_signals_global.csv,technology_ru
Wi-Fi for industrial networks,negative_weak_signals_global.csv,name_original
Wi-Fi для розничные магазины,negative_weak_signals_global.csv,name_ru
Wi-Fi,negative_weak_signals_global.csv,technology_ru
Wi-Fi for retail stores,negative_weak_signals_global.csv,name_original
Wi-Fi для связь транспорта,negative_weak_signals_global.csv,name_ru
Wi-Fi,negative_weak_signals_global.csv,technology_ru
Wi-Fi for vehicle connectivity,negative_weak_signals_global.csv,name_original
Wi-Fi для складская связь,negative_weak_signals_global.csv,name_ru
Wi-Fi,negative_weak_signals_global.csv,technology_ru
Wi-Fi for warehouse connectivity,negative_weak_signals_global.csv,name_original
Wi-Fi для беспроводные датчики,negative_weak_signals_global.csv,name_ru
Wi-Fi,negative_weak_signals_global.csv,technology_ru
Wi-Fi for wireless sensing,negative_weak_signals_global.csv,name_original
активированный уголь для фильтрация воздуха,negative_weak_signals_global.csv,name_ru
активированный уголь,negative_weak_signals_global.csv,technology_ru
activated carbon for air filtration,negative_weak_signals_global.csv,name_original
активированный уголь для химическое разделение,negative_weak_signals_global.csv,name_ru
активированный уголь,negative_weak_signals_global.csv,technology_ru
activated carbon for chemical separation,negative_weak_signals_global.csv,name_original
активированный уголь для очистка фармацевтических веществ,negative_weak_signals_global.csv,name_ru
активированный уголь,negative_weak_signals_global.csv,technology_ru
activated carbon for pharmaceutical purification,negative_weak_signals_global.csv,name_original
штрихкод для управление библиотекой,negative_weak_signals_global.csv,name_ru
штрихкод,negative_weak_signals_global.csv,technology_ru
barcode for library management,negative_weak_signals_global.csv,name_original
штрихкод для прослеживаемость производства,negative_weak_signals_global.csv,name_ru
штрихкод,negative_weak_signals_global.csv,technology_ru
barcode for manufacturing traceability,negative_weak_signals_global.csv,name_original
штрихкод для сортировка посылок,negative_weak_signals_global.csv,name_ru
штрихкод,negative_weak_signals_global.csv,technology_ru
barcode for parcel sorting,negative_weak_signals_global.csv,name_original
штрихкод для отслеживание лекарств,negative_weak_signals_global.csv,name_ru
штрихкод,negative_weak_signals_global.csv,technology_ru
barcode for pharmaceutical tracking,negative_weak_signals_global.csv,name_original
тепловой насос для отопление жилья,negative_weak_signals_global.csv,name_ru
тепловой насос,negative_weak_signals_global.csv,technology_ru
bomba de calor para calefacción residencial,negative_weak_signals_global.csv,name_original
компьютерная томография для стоматологическая визуализация,negative_weak_signals_global.csv,name_ru
компьютерная томография,negative_weak_signals_global.csv,technology_ru
computed tomography for dental imaging,negative_weak_signals_global.csv,name_original
армирование бетона для строительство фундаментов,negative_weak_signals_global.csv,name_ru
армирование бетона,negative_weak_signals_global.csv,technology_ru
concrete reinforcement for foundation construction,negative_weak_signals_global.csv,name_original
армирование бетона для строительство дорог,negative_weak_signals_global.csv,name_ru
армирование бетона,negative_weak_signals_global.csv,technology_ru
concrete reinforcement for pavement construction,negative_weak_signals_global.csv,name_original
армирование бетона для сборные элементы,negative_weak_signals_global.csv,name_ru
армирование бетона,negative_weak_signals_global.csv,technology_ru
concrete reinforcement for precast elements,negative_weak_signals_global.csv,name_original
армирование бетона для строительство тоннелей,negative_weak_signals_global.csv,name_ru
армирование бетона,negative_weak_signals_global.csv,technology_ru
concrete reinforcement for tunnel construction,negative_weak_signals_global.csv,name_original
оркестрация контейнеров для облачные приложения,negative_weak_signals_global.csv,name_ru
оркестрация контейнеров,negative_weak_signals_global.csv,technology_ru
container orchestration for cloud applications,negative_weak_signals_global.csv,name_original
оркестрация контейнеров для телекоммуникационные сети,negative_weak_signals_global.csv,name_ru
оркестрация контейнеров,negative_weak_signals_global.csv,technology_ru
container orchestration for telecom networks,negative_weak_signals_global.csv,name_original
капельное орошение для земледелие в засушливых районах,negative_weak_signals_global.csv,name_ru
капельное орошение,negative_weak_signals_global.csv,technology_ru
drip irrigation for arid agriculture,negative_weak_signals_global.csv,name_original
капельное орошение для внесение удобрений,negative_weak_signals_global.csv,name_ru
капельное орошение,negative_weak_signals_global.csv,technology_ru
drip irrigation for fertilizer delivery,negative_weak_signals_global.csv,name_original
капельное орошение для выращивание оливок,negative_weak_signals_global.csv,name_ru
капельное орошение,negative_weak_signals_global.csv,technology_ru
drip irrigation for olive cultivation,negative_weak_signals_global.csv,name_original
капельное орошение для городское сельское хозяйство,negative_weak_signals_global.csv,name_ru
капельное орошение,negative_weak_signals_global.csv,technology_ru
drip irrigation for urban farming,negative_weak_signals_global.csv,name_original
капельное орошение для орошение виноградников,negative_weak_signals_global.csv,name_ru
капельное орошение,negative_weak_signals_global.csv,technology_ru
drip irrigation for vineyard irrigation,negative_weak_signals_global.csv,name_original
капельное орошение для экономия воды,negative_weak_signals_global.csv,name_ru
капельное орошение,negative_weak_signals_global.csv,technology_ru
drip irrigation for water conservation,negative_weak_signals_global.csv,name_original
электрокардиография для обнаружение аритмии,negative_weak_signals_global.csv,name_ru
электрокардиография,negative_weak_signals_global.csv,technology_ru
electrocardiography for arrhythmia detection,negative_weak_signals_global.csv,name_original
электрокардиография для мониторинг спортсменов,negative_weak_signals_global.csv,name_ru
электрокардиография,negative_weak_signals_global.csv,technology_ru
electrocardiography for athlete monitoring,negative_weak_signals_global.csv,name_original
электрокардиография для экстренная медицина,negative_weak_signals_global.csv,name_ru
электрокардиография,negative_weak_signals_global.csv,technology_ru
electrocardiography for emergency medicine,negative_weak_signals_global.csv,name_original
солнечная фотоэлектрика для производство электроэнергии,negative_weak_signals_global.csv,name_ru
солнечная фотоэлектрика,negative_weak_signals_global.csv,technology_ru
energia solar fotovoltaica para geração de eletricidade,negative_weak_signals_global.csv,name_original
волоконно-оптическая связь для промышленные сети,negative_weak_signals_global.csv,name_ru
волоконно-оптическая связь,negative_weak_signals_global.csv,technology_ru
fiber optic for industrial networks,negative_weak_signals_global.csv,name_original
волоконно-оптическая связь для нефтепроводы,negative_weak_signals_global.csv,name_ru
волоконно-оптическая связь,negative_weak_signals_global.csv,technology_ru
fiber optic for oil pipelines,negative_weak_signals_global.csv,name_original
волоконно-оптическая связь для электросети,negative_weak_signals_global.csv,name_ru
волоконно-оптическая связь,negative_weak_signals_global.csv,technology_ru
fiber optic for power grids,negative_weak_signals_global.csv,name_original
межсетевой экран для корпоративные сети,negative_weak_signals_global.csv,name_ru
межсетевой экран,negative_weak_signals_global.csv,technology_ru
firewall for enterprise networks,negative_weak_signals_global.csv,name_original
межсетевой экран для государственные сети,negative_weak_signals_global.csv,name_ru
межсетевой экран,negative_weak_signals_global.csv,technology_ru
firewall for government networks,negative_weak_signals_global.csv,name_original
межсетевой экран для домашние сети,negative_weak_signals_global.csv,name_ru
межсетевой экран,negative_weak_signals_global.csv,technology_ru
firewall for home networking,negative_weak_signals_global.csv,name_original
межсетевой экран для университетские сети,negative_weak_signals_global.csv,name_ru
межсетевой экран,negative_weak_signals_global.csv,technology_ru
firewall for university networks,negative_weak_signals_global.csv,name_original
тепловой насос для сельскохозяйственные теплицы,negative_weak_signals_global.csv,name_ru
тепловой насос,negative_weak_signals_global.csv,technology_ru
heat pump for agricultural greenhouses,negative_weak_signals_global.csv,name_original
тепловой насос для отопление гостиниц,negative_weak_signals_global.csv,name_ru
тепловой насос,negative_weak_signals_global.csv,technology_ru
heat pump for hotel heating,negative_weak_signals_global.csv,name_original
магнитно-резонансная томография для диагностика рака,negative_weak_signals_global.csv,name_ru
магнитно-резонансная томография,negative_weak_signals_global.csv,technology_ru
imagerie par résonance magnétique — diagnostic du cancer,negative_weak_signals_global.csv,name_original
промышленный робот для сборка электроники,negative_weak_signals_global.csv,name_ru
промышленный робот,negative_weak_signals_global.csv,technology_ru
industrial robot for electronics assembly,negative_weak_signals_global.csv,name_original
промышленный робот для перемещение материалов,negative_weak_signals_global.csv,name_ru
промышленный робот,negative_weak_signals_global.csv,technology_ru
industrial robot for material handling,negative_weak_signals_global.csv,name_original
промышленный робот для автоматизация упаковки,negative_weak_signals_global.csv,name_ru
промышленный робот,negative_weak_signals_global.csv,technology_ru
industrial robot for packaging automation,negative_weak_signals_global.csv,name_original
промышленный робот для производство полупроводников,negative_weak_signals_global.csv,name_ru
промышленный робот,negative_weak_signals_global.csv,technology_ru
industrial robot for semiconductor manufacturing,negative_weak_signals_global.csv,name_original
промышленный робот для укладка паллет,negative_weak_signals_global.csv,name_ru
промышленный робот,negative_weak_signals_global.csv,technology_ru
industrial robot for warehouse palletizing,negative_weak_signals_global.csv,name_original
капельное орошение для овощеводство,negative_weak_signals_global.csv,name_ru
капельное орошение,negative_weak_signals_global.csv,technology_ru
irrigation goutte à goutte — culture maraîchère,negative_weak_signals_global.csv,name_original
лапароскопия для операция на желчном пузыре,negative_weak_signals_global.csv,name_ru
лапароскопия,negative_weak_signals_global.csv,technology_ru
laparoscopy for gallbladder surgery,negative_weak_signals_global.csv,name_original
лазерная резка для производство электроники,negative_weak_signals_global.csv,name_ru
лазерная резка,negative_weak_signals_global.csv,technology_ru
laser cutting for electronics manufacturing,negative_weak_signals_global.csv,name_original
лазерная резка для производство упаковки,negative_weak_signals_global.csv,name_ru
лазерная резка,negative_weak_signals_global.csv,technology_ru
laser cutting for packaging production,negative_weak_signals_global.csv,name_original
лазерная резка для точное производство,negative_weak_signals_global.csv,name_ru
лазерная резка,negative_weak_signals_global.csv,technology_ru
laser cutting for precision manufacturing,negative_weak_signals_global.csv,name_original
лазерная резка для производство текстиля,negative_weak_signals_global.csv,name_ru
лазерная резка,negative_weak_signals_global.csv,technology_ru
laser cutting for textile manufacturing,negative_weak_signals_global.csv,name_original
литий-ионный аккумулятор для электробусы,negative_weak_signals_global.csv,name_ru
литий-ионный аккумулятор,negative_weak_signals_global.csv,technology_ru
lithium ion battery for electric buses,negative_weak_signals_global.csv,name_original
литий-ионный аккумулятор для домашние накопители,negative_weak_signals_global.csv,name_ru
литий-ионный аккумулятор,negative_weak_signals_global.csv,technology_ru
lithium ion battery for home storage,negative_weak_signals_global.csv,name_original
actual (программный продукт),negative_weak_signals_global.csv,name_ru
actual,negative_weak_signals_global.csv,technology_ru
actual (software product),negative_weak_signals_global.csv,name_original
firefly-iii (программный продукт),negative_weak_signals_global.csv,name_ru
firefly-iii,negative_weak_signals_global.csv,technology_ru
firefly-iii (software product),negative_weak_signals_global.csv,name_original
ghostfolio (программный продукт),negative_weak_signals_global.csv,name_ru
ghostfolio,negative_weak_signals_global.csv,technology_ru
ghostfolio (software product),negative_weak_signals_global.csv,name_original
ezbookkeeping (программный продукт),negative_weak_signals_global.csv,name_ru
ezbookkeeping,negative_weak_signals_global.csv,technology_ru
ezbookkeeping (software product),negative_weak_signals_global.csv,name_original
personal-management-system (программный продукт),negative_weak_signals_global.csv,name_ru
personal-management-system,negative_weak_signals_global.csv,technology_ru
personal-management-system (software product),negative_weak_signals_global.csv,name_original
moneymanagerex (программный продукт),negative_weak_signals_global.csv,name_ru
moneymanagerex,negative_weak_signals_global.csv,technology_ru
moneymanagerex (software product),negative_weak_signals_global.csv,name_original
sossoldi (программный продукт),negative_weak_signals_global.csv,name_ru
sossoldi,negative_weak_signals_global.csv,technology_ru
sossoldi (software product),negative_weak_signals_global.csv,name_original
budget-board (программный продукт),negative_weak_signals_global.csv,name_ru
budget-board,negative_weak_signals_global.csv,technology_ru
budget-board (software product),negative_weak_signals_global.csv,name_original
ocular (программный продукт),negative_weak_signals_global.csv,name_ru
ocular,negative_weak_signals_global.csv,technology_ru
ocular (software product),negative_weak_signals_global.csv,name_original
hisabi (программный продукт),negative_weak_signals_global.csv,name_ru
hisabi,negative_weak_signals_global.csv,technology_ru
hisabi (software product),negative_weak_signals_global.csv,name_original
beancount-io (программный продукт),negative_weak_signals_global.csv,name_ru
beancount-io,negative_weak_signals_global.csv,technology_ru
beancount-io (software product),negative_weak_signals_global.csv,name_original
dotledger (программный продукт),negative_weak_signals_global.csv,name_ru
dotledger,negative_weak_signals_global.csv,technology_ru
dotledger (software product),negative_weak_signals_global.csv,name_original
rent-or-buy.homes (программный продукт),negative_weak_signals_global.csv,name_ru
rent-or-buy.homes,negative_weak_signals_global.csv,technology_ru
rent-or-buy.homes (software product),negative_weak_signals_global.csv,name_original
BeThriftyToday (программный продукт),negative_weak_signals_global.csv,name_ru
BeThriftyToday,negative_weak_signals_global.csv,technology_ru
BeThriftyToday (software product),negative_weak_signals_global.csv,name_original
lazy-beancount (программный продукт),negative_weak_signals_global.csv,name_ru
lazy-beancount,negative_weak_signals_global.csv,technology_ru
lazy-beancount (software product),negative_weak_signals_global.csv,name_original
BeeCount-Cloud (программный продукт),negative_weak_signals_global.csv,name_ru
BeeCount-Cloud,negative_weak_signals_global.csv,technology_ru
BeeCount-Cloud (software product),negative_weak_signals_global.csv,name_original
budget-tracker (программный продукт),negative_weak_signals_global.csv,name_ru
budget-tracker,negative_weak_signals_global.csv,technology_ru
budget-tracker (software product),negative_weak_signals_global.csv,name_original
xiaoyaoprivatebill (программный продукт),negative_weak_signals_global.csv,name_ru
xiaoyaoprivatebill,negative_weak_signals_global.csv,technology_ru
xiaoyaoprivatebill (software product),negative_weak_signals_global.csv,name_original
biweeklybudget (программный продукт),negative_weak_signals_global.csv,name_ru
biweeklybudget,negative_weak_signals_global.csv,technology_ru
biweeklybudget (software product),negative_weak_signals_global.csv,name_original
portfolio_rs (программный продукт),negative_weak_signals_global.csv,name_ru
portfolio_rs,negative_weak_signals_global.csv,technology_ru
portfolio_rs (software product),negative_weak_signals_global.csv,name_original
openpilot (программный продукт),negative_weak_signals_global.csv,name_ru
openpilot,negative_weak_signals_global.csv,technology_ru
openpilot (software product),negative_weak_signals_global.csv,name_original
CADAM (программный продукт),negative_weak_signals_global.csv,name_ru
CADAM,negative_weak_signals_global.csv,technology_ru
CADAM (software product),negative_weak_signals_global.csv,name_original
OpenBot (программный продукт),negative_weak_signals_global.csv,name_ru
OpenBot,negative_weak_signals_global.csv,technology_ru
OpenBot (software product),negative_weak_signals_global.csv,name_original
open-health (программный продукт),negative_weak_signals_global.csv,name_ru
open-health,negative_weak_signals_global.csv,technology_ru
open-health (software product),negative_weak_signals_global.csv,name_original
medplum (программный продукт),negative_weak_signals_global.csv,name_ru
medplum,negative_weak_signals_global.csv,technology_ru
medplum (software product),negative_weak_signals_global.csv,name_original
open-wearables (программный продукт),negative_weak_signals_global.csv,name_ru
open-wearables,negative_weak_signals_global.csv,technology_ru
open-wearables (software product),negative_weak_signals_global.csv,name_original
openmrs-core (программный продукт),negative_weak_signals_global.csv,name_ru
openmrs-core,negative_weak_signals_global.csv,technology_ru
openmrs-core (software product),negative_weak_signals_global.csv,name_original
openboxes (программный продукт),negative_weak_signals_global.csv,name_ru
openboxes,negative_weak_signals_global.csv,technology_ru
openboxes (software product),negative_weak_signals_global.csv,name_original
openhospital (программный продукт),negative_weak_signals_global.csv,name_ru
openhospital,negative_weak_signals_global.csv,technology_ru
openhospital (software product),negative_weak_signals_global.csv,name_original
EyesGuard (программный продукт),negative_weak_signals_global.csv,name_ru
EyesGuard,negative_weak_signals_global.csv,technology_ru
EyesGuard (software product),negative_weak_signals_global.csv,name_original
marley (программный продукт),negative_weak_signals_global.csv,name_ru
marley,negative_weak_signals_global.csv,technology_ru
marley (software product),negative_weak_signals_global.csv,name_original
bhima (программный продукт),negative_weak_signals_global.csv,name_ru
bhima,negative_weak_signals_global.csv,technology_ru
bhima (software product),negative_weak_signals_global.csv,name_original
oppia (программный продукт),negative_weak_signals_global.csv,name_ru
oppia,negative_weak_signals_global.csv,technology_ru
oppia (software product),negative_weak_signals_global.csv,name_original
Echo-Loop (программный продукт),negative_weak_signals_global.csv,name_ru
Echo-Loop,negative_weak_signals_global.csv,technology_ru
Echo-Loop (software product),negative_weak_signals_global.csv,name_original
lms (программный продукт),negative_weak_signals_global.csv,name_ru
lms,negative_weak_signals_global.csv,technology_ru
lms (software product),negative_weak_signals_global.csv,name_original
learnhouse (программный продукт),negative_weak_signals_global.csv,name_ru
learnhouse,negative_weak_signals_global.csv,technology_ru
learnhouse (software product),negative_weak_signals_global.csv,name_original
classroomio (программный продукт),negative_weak_signals_global.csv,name_ru
classroomio,negative_weak_signals_global.csv,technology_ru
classroomio (software product),negative_weak_signals_global.csv,name_original
n8n (программный продукт),negative_weak_signals_global.csv,name_ru
n8n,negative_weak_signals_global.csv,technology_ru
n8n (software product),negative_weak_signals_global.csv,name_original
Stirling-PDF (программный продукт),negative_weak_signals_global.csv,name_ru
Stirling-PDF,negative_weak_signals_global.csv,technology_ru
Stirling-PDF (software product),negative_weak_signals_global.csv,name_original
uptime-kuma (программный продукт),negative_weak_signals_global.csv,name_ru
uptime-kuma,negative_weak_signals_global.csv,technology_ru
uptime-kuma (software product),negative_weak_signals_global.csv,name_original
memos (программный продукт),negative_weak_signals_global.csv,name_ru
memos,negative_weak_signals_global.csv,technology_ru
memos (software product),negative_weak_signals_global.csv,name_original
gitea (программный продукт),negative_weak_signals_global.csv,name_ru
gitea,negative_weak_signals_global.csv,technology_ru
gitea (software product),negative_weak_signals_global.csv,name_original
siyuan (программный продукт),negative_weak_signals_global.csv,name_ru
siyuan,negative_weak_signals_global.csv,technology_ru
siyuan (software product),negative_weak_signals_global.csv,name_original
appsmith (программный продукт),negative_weak_signals_global.csv,name_ru
appsmith,negative_weak_signals_global.csv,technology_ru
appsmith (software product),negative_weak_signals_global.csv,name_original
photoprism (программный продукт),negative_weak_signals_global.csv,name_ru
photoprism,negative_weak_signals_global.csv,technology_ru
photoprism (software product),negative_weak_signals_global.csv,name_original
CasaOS (программный продукт),negative_weak_signals_global.csv,name_ru
CasaOS,negative_weak_signals_global.csv,technology_ru
CasaOS (software product),negative_weak_signals_global.csv,name_original
langfuse (программный продукт),negative_weak_signals_global.csv,name_ru
langfuse,negative_weak_signals_global.csv,technology_ru
langfuse (software product),negative_weak_signals_global.csv,name_original
changedetection.io (программный продукт),negative_weak_signals_global.csv,name_ru
changedetection.io,negative_weak_signals_global.csv,technology_ru
changedetection.io (software product),negative_weak_signals_global.csv,name_original
onyx (программный продукт),negative_weak_signals_global.csv,name_ru
onyx,negative_weak_signals_global.csv,technology_ru
onyx (software product),negative_weak_signals_global.csv,name_original
meetily (программный продукт),negative_weak_signals_global.csv,name_ru
meetily,negative_weak_signals_global.csv,technology_ru
meetily (software product),negative_weak_signals_global.csv,name_original
karakeep (программный продукт),negative_weak_signals_global.csv,name_ru
karakeep,negative_weak_signals_global.csv,technology_ru
karakeep (software product),negative_weak_signals_global.csv,name_original
dashy (программный продукт),negative_weak_signals_global.csv,name_ru
dashy,negative_weak_signals_global.csv,technology_ru
dashy (software product),negative_weak_signals_global.csv,name_original
beszel (программный продукт),negative_weak_signals_global.csv,name_ru
beszel,negative_weak_signals_global.csv,technology_ru
beszel (software product),negative_weak_signals_global.csv,name_original
pentagi (программный продукт),negative_weak_signals_global.csv,name_ru
pentagi,negative_weak_signals_global.csv,technology_ru
pentagi (software product),negative_weak_signals_global.csv,name_original
dockge (программный продукт),negative_weak_signals_global.csv,name_ru
dockge,negative_weak_signals_global.csv,technology_ru
dockge (software product),negative_weak_signals_global.csv,name_original
listmonk (программный продукт),negative_weak_signals_global.csv,name_ru
listmonk,negative_weak_signals_global.csv,technology_ru
listmonk (software product),negative_weak_signals_global.csv,name_original
pangolin (программный продукт),negative_weak_signals_global.csv,name_ru
pangolin,negative_weak_signals_global.csv,technology_ru
pangolin (software product),negative_weak_signals_global.csv,name_original
SafeLine (программный продукт),negative_weak_signals_global.csv,name_ru
SafeLine,negative_weak_signals_global.csv,technology_ru
SafeLine (software product),negative_weak_signals_global.csv,name_original
linkwarden (программный продукт),negative_weak_signals_global.csv,name_ru
linkwarden,negative_weak_signals_global.csv,technology_ru
linkwarden (software product),negative_weak_signals_global.csv,name_original
onedev (программный продукт),negative_weak_signals_global.csv,name_ru
onedev,negative_weak_signals_global.csv,technology_ru
onedev (software product),negative_weak_signals_global.csv,name_original
AppFlowy (программный продукт),negative_weak_signals_global.csv,name_ru
AppFlowy,negative_weak_signals_global.csv,technology_ru
AppFlowy (software product),negative_weak_signals_global.csv,name_original
openproject (программный продукт),negative_weak_signals_global.csv,name_ru
openproject,negative_weak_signals_global.csv,technology_ru
openproject (software product),negative_weak_signals_global.csv,name_original
leantime (программный продукт),negative_weak_signals_global.csv,name_ru
leantime,negative_weak_signals_global.csv,technology_ru
leantime (software product),negative_weak_signals_global.csv,name_original
kanboard (программный продукт),negative_weak_signals_global.csv,name_ru
kanboard,negative_weak_signals_global.csv,technology_ru
kanboard (software product),negative_weak_signals_global.csv,name_original
ever-gauzy (программный продукт),negative_weak_signals_global.csv,name_ru
ever-gauzy,negative_weak_signals_global.csv,technology_ru
ever-gauzy (software product),negative_weak_signals_global.csv,name_original
vikunja (программный продукт),negative_weak_signals_global.csv,name_ru
vikunja,negative_weak_signals_global.csv,technology_ru
vikunja (software product),negative_weak_signals_global.csv,name_original
freeplane (программный продукт),negative_weak_signals_global.csv,name_ru
freeplane,negative_weak_signals_global.csv,technology_ru
freeplane (software product),negative_weak_signals_global.csv,name_original
tududi (программный продукт),negative_weak_signals_global.csv,name_ru
tududi,negative_weak_signals_global.csv,technology_ru
tududi (software product),negative_weak_signals_global.csv,name_original
worklenz (программный продукт),negative_weak_signals_global.csv,name_ru
worklenz,negative_weak_signals_global.csv,technology_ru
worklenz (software product),negative_weak_signals_global.csv,name_original
actionview (программный продукт),negative_weak_signals_global.csv,name_ru
actionview,negative_weak_signals_global.csv,technology_ru
actionview (software product),negative_weak_signals_global.csv,name_original
zentaopms (программный продукт),negative_weak_signals_global.csv,name_ru
zentaopms,negative_weak_signals_global.csv,technology_ru
zentaopms (software product),negative_weak_signals_global.csv,name_original
TaskTrove (программный продукт),negative_weak_signals_global.csv,name_ru
TaskTrove,negative_weak_signals_global.csv,technology_ru
TaskTrove (software product),negative_weak_signals_global.csv,name_original
itflow (программный продукт),negative_weak_signals_global.csv,name_ru
itflow,negative_weak_signals_global.csv,technology_ru
itflow (software product),negative_weak_signals_global.csv,name_original
eigenfocus (программный продукт),negative_weak_signals_global.csv,name_ru
eigenfocus,negative_weak_signals_global.csv,technology_ru
eigenfocus (software product),negative_weak_signals_global.csv,name_original
cmms (программный продукт),negative_weak_signals_global.csv,name_ru
cmms,negative_weak_signals_global.csv,technology_ru
cmms (software product),negative_weak_signals_global.csv,name_original
storybloq (программный продукт),negative_weak_signals_global.csv,name_ru
storybloq,negative_weak_signals_global.csv,technology_ru
storybloq (software product),negative_weak_signals_global.csv,name_original
taskview-community (программный продукт),negative_weak_signals_global.csv,name_ru
taskview-community,negative_weak_signals_global.csv,technology_ru
taskview-community (software product),negative_weak_signals_global.csv,name_original
kanba (программный продукт),negative_weak_signals_global.csv,name_ru
kanba,negative_weak_signals_global.csv,technology_ru
kanba (software product),negative_weak_signals_global.csv,name_original
ever-teams (программный продукт),negative_weak_signals_global.csv,name_ru
ever-teams,negative_weak_signals_global.csv,technology_ru
ever-teams (software product),negative_weak_signals_global.csv,name_original
Lychee (программный продукт),negative_weak_signals_global.csv,name_ru
Lychee,negative_weak_signals_global.csv,technology_ru
Lychee (software product),negative_weak_signals_global.csv,name_original
lap (программный продукт),negative_weak_signals_global.csv,name_ru
lap,negative_weak_signals_global.csv,technology_ru
lap (software product),negative_weak_signals_global.csv,name_original
chevereto (программный продукт),negative_weak_signals_global.csv,name_ru
chevereto,negative_weak_signals_global.csv,technology_ru
chevereto (software product),negative_weak_signals_global.csv,name_original
FerrumPix (программный продукт),negative_weak_signals_global.csv,name_ru
FerrumPix,negative_weak_signals_global.csv,technology_ru
FerrumPix (software product),negative_weak_signals_global.csv,name_original
PicFolio (программный продукт),negative_weak_signals_global.csv,name_ru
PicFolio,negative_weak_signals_global.csv,technology_ru
PicFolio (software product),negative_weak_signals_global.csv,name_original
SelfPhotos (программный продукт),negative_weak_signals_global.csv,name_ru
SelfPhotos,negative_weak_signals_global.csv,technology_ru
SelfPhotos (software product),negative_weak_signals_global.csv,name_original
photo-fox (программный продукт),negative_weak_signals_global.csv,name_ru
photo-fox,negative_weak_signals_global.csv,technology_ru
photo-fox (software product),negative_weak_signals_global.csv,name_original
iClora (программный продукт),negative_weak_signals_global.csv,name_ru
iClora,negative_weak_signals_global.csv,technology_ru
iClora (software product),negative_weak_signals_global.csv,name_original
fyf-photo-culler (программный продукт),negative_weak_signals_global.csv,name_ru
fyf-photo-culler,negative_weak_signals_global.csv,technology_ru
fyf-photo-culler (software product),negative_weak_signals_global.csv,name_original
starrate (программный продукт),negative_weak_signals_global.csv,name_ru
starrate,negative_weak_signals_global.csv,technology_ru
starrate (software product),negative_weak_signals_global.csv,name_original
akaunting (программный продукт),negative_weak_signals_global.csv,name_ru
akaunting,negative_weak_signals_global.csv,technology_ru
akaunting (software product),negative_weak_signals_global.csv,name_original
idurar-erp-crm (программный продукт),negative_weak_signals_global.csv,name_ru
idurar-erp-crm,negative_weak_signals_global.csv,technology_ru
idurar-erp-crm (software product),negative_weak_signals_global.csv,name_original
dolibarr (программный продукт),negative_weak_signals_global.csv,name_ru
dolibarr,negative_weak_signals_global.csv,technology_ru
dolibarr (software product),negative_weak_signals_global.csv,name_original
espocrm (программный продукт),negative_weak_signals_global.csv,name_ru
espocrm,negative_weak_signals_global.csv,technology_ru
espocrm (software product),negative_weak_signals_global.csv,name_original
InvoicePlane (программный продукт),negative_weak_signals_global.csv,name_ru
InvoicePlane,negative_weak_signals_global.csv,technology_ru
InvoicePlane (software product),negative_weak_signals_global.csv,name_original
metasfresh (программный продукт),negative_weak_signals_global.csv,name_ru
metasfresh,negative_weak_signals_global.csv,technology_ru
metasfresh (software product),negative_weak_signals_global.csv,name_original
crm-application (программный продукт),negative_weak_signals_global.csv,name_ru
crm-application,negative_weak_signals_global.csv,technology_ru
crm-application (software product),negative_weak_signals_global.csv,name_original
agency-os (программный продукт),negative_weak_signals_global.csv,name_ru
agency-os,negative_weak_signals_global.csv,technology_ru
agency-os (software product),negative_weak_signals_global.csv,name_original
nextcrm-app (программный продукт),negative_weak_signals_global.csv,name_ru
nextcrm-app,negative_weak_signals_global.csv,technology_ru
nextcrm-app (software product),negative_weak_signals_global.csv,name_original
django-crm (программный продукт),negative_weak_signals_global.csv,name_ru
django-crm,negative_weak_signals_global.csv,technology_ru
django-crm (software product),negative_weak_signals_global.csv,name_original
domoticz (программный продукт),negative_weak_signals_global.csv,name_ru
domoticz,negative_weak_signals_global.csv,technology_ru
domoticz (software product),negative_weak_signals_global.csv,name_original
farmOS (программный продукт),negative_weak_signals_additional_300.csv,name_ru
farmOS,negative_weak_signals_additional_300.csv,technology_ru
farmOS (software product),negative_weak_signals_additional_300.csv,name_original
grafana (программный продукт),negative_weak_signals_additional_300.csv,name_ru
grafana,negative_weak_signals_additional_300.csv,technology_ru
grafana (software product),negative_weak_signals_additional_300.csv,name_original
system_prompts_leaks (программный продукт),negative_weak_signals_additional_300.csv,name_ru
system_prompts_leaks,negative_weak_signals_additional_300.csv,technology_ru
system_prompts_leaks (software product),negative_weak_signals_additional_300.csv,name_original
twenty (программный продукт),negative_weak_signals_additional_300.csv,name_ru
twenty,negative_weak_signals_additional_300.csv,technology_ru
twenty (software product),negative_weak_signals_additional_300.csv,name_original
medusa (программный продукт),negative_weak_signals_additional_300.csv,name_ru
medusa,negative_weak_signals_additional_300.csv,technology_ru
medusa (software product),negative_weak_signals_additional_300.csv,name_original
freeCodeCamp (программный продукт),negative_weak_signals_additional_300.csv,name_ru
freeCodeCamp,negative_weak_signals_additional_300.csv,technology_ru
freeCodeCamp (software product),negative_weak_signals_additional_300.csv,name_original
moreThanFAANGM (программный продукт),negative_weak_signals_additional_300.csv,name_ru
moreThanFAANGM,negative_weak_signals_additional_300.csv,technology_ru
moreThanFAANGM (software product),negative_weak_signals_additional_300.csv,name_original
qlib (программный продукт),negative_weak_signals_additional_300.csv,name_ru
qlib,negative_weak_signals_additional_300.csv,technology_ru
qlib (software product),negative_weak_signals_additional_300.csv,name_original
erpnext (программный продукт),negative_weak_signals_additional_300.csv,name_ru
erpnext,negative_weak_signals_additional_300.csv,technology_ru
erpnext (software product),negative_weak_signals_additional_300.csv,name_original
google-health-cli (программный продукт),negative_weak_signals_additional_300.csv,name_ru
google-health-cli,negative_weak_signals_additional_300.csv,technology_ru
google-health-cli (software product),negative_weak_signals_additional_300.csv,name_original
RuView (программный продукт),negative_weak_signals_additional_300.csv,name_ru
RuView,negative_weak_signals_additional_300.csv,technology_ru
RuView (software product),negative_weak_signals_additional_300.csv,name_original
emqx (программный продукт),negative_weak_signals_additional_300.csv,name_ru
emqx,negative_weak_signals_additional_300.csv,technology_ru
emqx (software product),negative_weak_signals_additional_300.csv,name_original
paisa (программный продукт),negative_weak_signals_additional_300.csv,name_ru
paisa,negative_weak_signals_additional_300.csv,technology_ru
paisa (software product),negative_weak_signals_additional_300.csv,name_original
LocalLens (программный продукт),negative_weak_signals_additional_300.csv,name_ru
LocalLens,negative_weak_signals_additional_300.csv,technology_ru
LocalLens (software product),negative_weak_signals_additional_300.csv,name_original
platform (программный продукт),negative_weak_signals_additional_300.csv,name_ru
platform,negative_weak_signals_additional_300.csv,technology_ru
platform (software product),negative_weak_signals_additional_300.csv,name_original
EasySpider (программный продукт),negative_weak_signals_additional_300.csv,name_ru
EasySpider,negative_weak_signals_additional_300.csv,technology_ru
EasySpider (software product),negative_weak_signals_additional_300.csv,name_original
open-webui (программный продукт),negative_weak_signals_additional_300.csv,name_ru
open-webui,negative_weak_signals_additional_300.csv,technology_ru
open-webui (software product),negative_weak_signals_additional_300.csv,name_original
electricitymaps-contrib (программный продукт),negative_weak_signals_additional_300.csv,name_ru
electricitymaps-contrib,negative_weak_signals_additional_300.csv,technology_ru
electricitymaps-contrib (software product),negative_weak_signals_additional_300.csv,name_original
farmvibes-ai (программный продукт),negative_weak_signals_additional_300.csv,name_ru
farmvibes-ai,negative_weak_signals_additional_300.csv,technology_ru
farmvibes-ai (software product),negative_weak_signals_additional_300.csv,name_original
superset (программный продукт),negative_weak_signals_additional_300.csv,name_ru
superset,negative_weak_signals_additional_300.csv,technology_ru
superset (software product),negative_weak_signals_additional_300.csv,name_original
gpt4free (программный продукт),negative_weak_signals_additional_300.csv,name_ru
gpt4free,negative_weak_signals_additional_300.csv,technology_ru
gpt4free (software product),negative_weak_signals_additional_300.csv,name_original
monica (программный продукт),negative_weak_signals_additional_300.csv,name_ru
monica,negative_weak_signals_additional_300.csv,technology_ru
monica (software product),negative_weak_signals_additional_300.csv,name_original
bagisto (программный продукт),negative_weak_signals_additional_300.csv,name_ru
bagisto,negative_weak_signals_additional_300.csv,technology_ru
bagisto (software product),negative_weak_signals_additional_300.csv,name_original
free-programming-books (программный продукт),negative_weak_signals_additional_300.csv,name_ru
free-programming-books,negative_weak_signals_additional_300.csv,technology_ru
free-programming-books (software product),negative_weak_signals_additional_300.csv,name_original
PageLM (программный продукт),negative_weak_signals_additional_300.csv,name_ru
PageLM,negative_weak_signals_additional_300.csv,technology_ru
PageLM (software product),negative_weak_signals_additional_300.csv,name_original
vnpy (программный продукт),negative_weak_signals_additional_300.csv,name_ru
vnpy,negative_weak_signals_additional_300.csv,technology_ru
vnpy (software product),negative_weak_signals_additional_300.csv,name_original
openemr (программный продукт),negative_weak_signals_additional_300.csv,name_ru
openemr,negative_weak_signals_additional_300.csv,technology_ru
openemr (software product),negative_weak_signals_additional_300.csv,name_original
clinicaltrialsgov-mcp-server (программный продукт),negative_weak_signals_additional_300.csv,name_ru
clinicaltrialsgov-mcp-server,negative_weak_signals_additional_300.csv,technology_ru
clinicaltrialsgov-mcp-server (software product),negative_weak_signals_additional_300.csv,name_original
core (программный продукт),negative_weak_signals_additional_300.csv,name_ru
core,negative_weak_signals_additional_300.csv,technology_ru
core (software product),negative_weak_signals_additional_300.csv,name_original
aureuserp (программный продукт),negative_weak_signals_additional_300.csv,name_ru
aureuserp,negative_weak_signals_additional_300.csv,technology_ru
aureuserp (software product),negative_weak_signals_additional_300.csv,name_original
BeeCount (программный продукт),negative_weak_signals_additional_300.csv,name_ru
BeeCount,negative_weak_signals_additional_300.csv,technology_ru
BeeCount (software product),negative_weak_signals_additional_300.csv,name_original
a-eye (программный продукт),negative_weak_signals_additional_300.csv,name_ru
a-eye,negative_weak_signals_additional_300.csv,technology_ru
a-eye (software product),negative_weak_signals_additional_300.csv,name_original
focalboard (программный продукт),negative_weak_signals_additional_300.csv,name_ru
focalboard,negative_weak_signals_additional_300.csv,technology_ru
focalboard (software product),negative_weak_signals_additional_300.csv,name_original
PythonRobotics (программный продукт),negative_weak_signals_additional_300.csv,name_ru
PythonRobotics,negative_weak_signals_additional_300.csv,technology_ru
PythonRobotics (software product),negative_weak_signals_additional_300.csv,name_original
immich (программный продукт),negative_weak_signals_additional_300.csv,name_ru
immich,negative_weak_signals_additional_300.csv,technology_ru
immich (software product),negative_weak_signals_additional_300.csv,name_original
thanks (программный продукт),negative_weak_signals_additional_300.csv,name_ru
thanks,negative_weak_signals_additional_300.csv,technology_ru
thanks (software product),negative_weak_signals_additional_300.csv,name_original
Farm-Data-Relay-System (программный продукт),negative_weak_signals_additional_300.csv,name_ru
Farm-Data-Relay-System,negative_weak_signals_additional_300.csv,technology_ru
Farm-Data-Relay-System (software product),negative_weak_signals_additional_300.csv,name_original
ClickHouse (программный продукт),negative_weak_signals_additional_300.csv,name_ru
ClickHouse,negative_weak_signals_additional_300.csv,technology_ru
ClickHouse (software product),negative_weak_signals_additional_300.csv,name_original
Langchain-Chatchat (программный продукт),negative_weak_signals_additional_300.csv,name_ru
Langchain-Chatchat,negative_weak_signals_additional_300.csv,technology_ru
Langchain-Chatchat (software product),negative_weak_signals_additional_300.csv,name_original
laravel-crm (программный продукт),negative_weak_signals_additional_300.csv,name_ru
laravel-crm,negative_weak_signals_additional_300.csv,technology_ru
laravel-crm (software product),negative_weak_signals_additional_300.csv,name_original
saleor (программный продукт),negative_weak_signals_additional_300.csv,name_ru
saleor,negative_weak_signals_additional_300.csv,technology_ru
saleor (software product),negative_weak_signals_additional_300.csv,name_original
Python (программный продукт),negative_weak_signals_additional_300.csv,name_ru
Python,negative_weak_signals_additional_300.csv,technology_ru
Python (software product),negative_weak_signals_additional_300.csv,name_original
kolibri (программный продукт),negative_weak_signals_additional_300.csv,name_ru
kolibri,negative_weak_signals_additional_300.csv,technology_ru
kolibri (software product),negative_weak_signals_additional_300.csv,name_original
hyperswitch (программный продукт),negative_weak_signals_additional_300.csv,name_ru
hyperswitch,negative_weak_signals_additional_300.csv,technology_ru
hyperswitch (software product),negative_weak_signals_additional_300.csv,name_original
openmed (программный продукт),negative_weak_signals_additional_300.csv,name_ru
openmed,negative_weak_signals_additional_300.csv,technology_ru
openmed (software product),negative_weak_signals_additional_300.csv,name_original
remedi (программный продукт),negative_weak_signals_additional_300.csv,name_ru
remedi,negative_weak_signals_additional_300.csv,technology_ru
remedi (software product),negative_weak_signals_additional_300.csv,name_original
frigate (программный продукт),negative_weak_signals_additional_300.csv,name_ru
frigate,negative_weak_signals_additional_300.csv,technology_ru
frigate (software product),negative_weak_signals_additional_300.csv,name_original
vernemq (программный продукт),negative_weak_signals_additional_300.csv,name_ru
vernemq,negative_weak_signals_additional_300.csv,technology_ru
vernemq (software product),negative_weak_signals_additional_300.csv,name_original
mintable (программный продукт),negative_weak_signals_additional_300.csv,name_ru
mintable,negative_weak_signals_additional_300.csv,technology_ru
mintable (software product),negative_weak_signals_additional_300.csv,name_original
PhotoSlide (программный продукт),negative_weak_signals_additional_300.csv,name_ru
PhotoSlide,negative_weak_signals_additional_300.csv,technology_ru
PhotoSlide (software product),negative_weak_signals_additional_300.csv,name_original
planka (программный продукт),negative_weak_signals_additional_300.csv,name_ru
planka,negative_weak_signals_additional_300.csv,technology_ru
planka (software product),negative_weak_signals_additional_300.csv,name_original
cs249r_book (программный продукт),negative_weak_signals_additional_300.csv,name_ru
cs249r_book,negative_weak_signals_additional_300.csv,technology_ru
cs249r_book (software product),negative_weak_signals_additional_300.csv,name_original
unsloth (программный продукт),negative_weak_signals_additional_300.csv,name_ru
unsloth,negative_weak_signals_additional_300.csv,technology_ru
unsloth (software product),negative_weak_signals_additional_300.csv,name_original
opencollective (программный продукт),negative_weak_signals_additional_300.csv,name_ru
opencollective,negative_weak_signals_additional_300.csv,technology_ru
opencollective (software product),negative_weak_signals_additional_300.csv,name_original
OpenWeedLocator (программный продукт),negative_weak_signals_additional_300.csv,name_ru
OpenWeedLocator,negative_weak_signals_additional_300.csv,technology_ru
OpenWeedLocator (software product),negative_weak_signals_additional_300.csv,name_original
metabase (программный продукт),negative_weak_signals_additional_300.csv,name_ru
metabase,negative_weak_signals_additional_300.csv,technology_ru
metabase (software product),negative_weak_signals_additional_300.csv,name_original
agentscope (программный продукт),negative_weak_signals_additional_300.csv,name_ru
agentscope,negative_weak_signals_additional_300.csv,technology_ru
agentscope (software product),negative_weak_signals_additional_300.csv,name_original
openblocks (программный продукт),negative_weak_signals_additional_300.csv,name_ru
openblocks,negative_weak_signals_additional_300.csv,technology_ru
openblocks (software product),negative_weak_signals_additional_300.csv,name_original
spree (программный продукт),negative_weak_signals_additional_300.csv,name_ru
spree,negative_weak_signals_additional_300.csv,technology_ru
spree (software product),negative_weak_signals_additional_300.csv,name_original
FreeDomain (программный продукт),negative_weak_signals_additional_300.csv,name_ru
FreeDomain,negative_weak_signals_additional_300.csv,technology_ru
FreeDomain (software product),negative_weak_signals_additional_300.csv,name_original
get-it (программный продукт),negative_weak_signals_additional_300.csv,name_ru
get-it,negative_weak_signals_additional_300.csv,technology_ru
get-it (software product),negative_weak_signals_additional_300.csv,name_original
Vibe-Trading (программный продукт),negative_weak_signals_additional_300.csv,name_ru
Vibe-Trading,negative_weak_signals_additional_300.csv,technology_ru
Vibe-Trading (software product),negative_weak_signals_additional_300.csv,name_original
hapi-fhir (программный продукт),negative_weak_signals_additional_300.csv,name_ru
hapi-fhir,negative_weak_signals_additional_300.csv,technology_ru
hapi-fhir (software product),negative_weak_signals_additional_300.csv,name_original
labsus (программный продукт),negative_weak_signals_additional_300.csv,name_ru
labsus,negative_weak_signals_additional_300.csv,technology_ru
labsus (software product),negative_weak_signals_additional_300.csv,name_original
ProxmoxVE (программный продукт),negative_weak_signals_additional_300.csv,name_ru
ProxmoxVE,negative_weak_signals_additional_300.csv,technology_ru
ProxmoxVE (software product),negative_weak_signals_additional_300.csv,name_original
nanomq (программный продукт),negative_weak_signals_additional_300.csv,name_ru
nanomq,negative_weak_signals_additional_300.csv,technology_ru
nanomq (software product),negative_weak_signals_additional_300.csv,name_original
ExpenseOwl (программный продукт),negative_weak_signals_additional_300.csv,name_ru
ExpenseOwl,negative_weak_signals_additional_300.csv,technology_ru
ExpenseOwl (software product),negative_weak_signals_additional_300.csv,name_original
PhotoMapAI (программный продукт),negative_weak_signals_additional_300.csv,name_ru
PhotoMapAI,negative_weak_signals_additional_300.csv,technology_ru
PhotoMapAI (software product),negative_weak_signals_additional_300.csv,name_original
kaneo (программный продукт),negative_weak_signals_additional_300.csv,name_ru
kaneo,negative_weak_signals_additional_300.csv,technology_ru
kaneo (software product),negative_weak_signals_additional_300.csv,name_original
questdb (программный продукт),negative_weak_signals_additional_300.csv,name_ru
questdb,negative_weak_signals_additional_300.csv,technology_ru
questdb (software product),negative_weak_signals_additional_300.csv,name_original
coolify (программный продукт),negative_weak_signals_additional_300.csv,name_ru
coolify,negative_weak_signals_additional_300.csv,technology_ru
coolify (software product),negative_weak_signals_additional_300.csv,name_original
codecarbon (программный продукт),negative_weak_signals_additional_300.csv,name_ru
codecarbon,negative_weak_signals_additional_300.csv,technology_ru
codecarbon (software product),negative_weak_signals_additional_300.csv,name_original
ekylibre (программный продукт),negative_weak_signals_additional_300.csv,name_ru
ekylibre,negative_weak_signals_additional_300.csv,technology_ru
ekylibre (software product),negative_weak_signals_additional_300.csv,name_original
duckdb (программный продукт),negative_weak_signals_additional_300.csv,name_ru
duckdb,negative_weak_signals_additional_300.csv,technology_ru
duckdb (software product),negative_weak_signals_additional_300.csv,name_original
xiaozhi-esp32 (программный продукт),negative_weak_signals_additional_300.csv,name_ru
xiaozhi-esp32,negative_weak_signals_additional_300.csv,technology_ru
xiaozhi-esp32 (software product),negative_weak_signals_additional_300.csv,name_original
SuiteCRM (программный продукт),negative_weak_signals_additional_300.csv,name_ru
SuiteCRM,negative_weak_signals_additional_300.csv,technology_ru
SuiteCRM (software product),negative_weak_signals_additional_300.csv,name_original
reaction (программный продукт),negative_weak_signals_additional_300.csv,name_ru
reaction,negative_weak_signals_additional_300.csv,technology_ru
reaction (software product),negative_weak_signals_additional_300.csv,name_original
You-Dont-Know-JS (программный продукт),negative_weak_signals_additional_300.csv,name_ru
You-Dont-Know-JS,negative_weak_signals_additional_300.csv,technology_ru
You-Dont-Know-JS (software product),negative_weak_signals_additional_300.csv,name_original
education-agent-skills (программный продукт),negative_weak_signals_additional_300.csv,name_ru
education-agent-skills,negative_weak_signals_additional_300.csv,technology_ru
education-agent-skills (software product),negative_weak_signals_additional_300.csv,name_original
FinceptTerminal (программный продукт),negative_weak_signals_additional_300.csv,name_ru
FinceptTerminal,negative_weak_signals_additional_300.csv,technology_ru
FinceptTerminal (software product),negative_weak_signals_additional_300.csv,name_original
PyHealth (программный продукт),negative_weak_signals_additional_300.csv,name_ru
PyHealth,negative_weak_signals_additional_300.csv,technology_ru
PyHealth (software product),negative_weak_signals_additional_300.csv,name_original
AI-Powered-Skin-Facial-Condition-Diagnosis-Mobile-Application (программный продукт),negative_weak_signals_additional_300.csv,name_ru
AI-Powered-Skin-Facial-Condition-Diagnosis-Mobile-Application,negative_weak_signals_additional_300.csv,technology_ru
AI-Powered-Skin-Facial-Condition-Diagnosis-Mobile-Application (software product),negative_weak_signals_additional_300.csv,name_original
Self-Hosting-Guide (программный продукт),negative_weak_signals_additional_300.csv,name_ru
Self-Hosting-Guide,negative_weak_signals_additional_300.csv,technology_ru
Self-Hosting-Guide (software product),negative_weak_signals_additional_300.csv,name_original
carbon (программный продукт),negative_weak_signals_additional_300.csv,name_ru
carbon,negative_weak_signals_additional_300.csv,technology_ru
carbon (software product),negative_weak_signals_additional_300.csv,name_original
whisper-money (программный продукт),negative_weak_signals_additional_300.csv,name_ru
whisper-money,negative_weak_signals_additional_300.csv,technology_ru
whisper-money (software product),negative_weak_signals_additional_300.csv,name_original
monbooru (программный продукт),negative_weak_signals_additional_300.csv,name_ru
monbooru,negative_weak_signals_additional_300.csv,technology_ru
monbooru (software product),negative_weak_signals_additional_300.csv,name_original
ccpm (программный продукт),negative_weak_signals_additional_300.csv,name_ru
ccpm,negative_weak_signals_additional_300.csv,technology_ru
ccpm (software product),negative_weak_signals_additional_300.csv,name_original
nicegui (программный продукт),negative_weak_signals_additional_300.csv,name_ru
nicegui,negative_weak_signals_additional_300.csv,technology_ru
nicegui (software product),negative_weak_signals_additional_300.csv,name_original
appwrite (программный продукт),negative_weak_signals_additional_300.csv,name_ru
appwrite,negative_weak_signals_additional_300.csv,technology_ru
appwrite (software product),negative_weak_signals_additional_300.csv,name_original
homeassistant-powercalc (программный продукт),negative_weak_signals_additional_300.csv,name_ru
homeassistant-powercalc,negative_weak_signals_additional_300.csv,technology_ru
homeassistant-powercalc (software product),negative_weak_signals_additional_300.csv,name_original
pyafipws (программный продукт),negative_weak_signals_additional_300.csv,name_ru
pyafipws,negative_weak_signals_additional_300.csv,technology_ru
pyafipws (software product),negative_weak_signals_additional_300.csv,name_original
posthog (программный продукт),negative_weak_signals_additional_300.csv,name_ru
posthog,negative_weak_signals_additional_300.csv,technology_ru
posthog (software product),negative_weak_signals_additional_300.csv,name_original
python-telegram-bot (программный продукт),negative_weak_signals_additional_300.csv,name_ru
python-telegram-bot,negative_weak_signals_additional_300.csv,technology_ru
python-telegram-bot (software product),negative_weak_signals_additional_300.csv,name_original
crm (программный продукт),negative_weak_signals_additional_300.csv,name_ru
crm,negative_weak_signals_additional_300.csv,technology_ru
crm (software product),negative_weak_signals_additional_300.csv,name_original
magento2 (программный продукт),negative_weak_signals_additional_300.csv,name_ru
magento2,negative_weak_signals_additional_300.csv,technology_ru
magento2 (software product),negative_weak_signals_additional_300.csv,name_original
hello-algo (программный продукт),negative_weak_signals_additional_300.csv,name_ru
hello-algo,negative_weak_signals_additional_300.csv,technology_ru
hello-algo (software product),negative_weak_signals_additional_300.csv,name_original
ai-ethos (программный продукт),negative_weak_signals_additional_300.csv,name_ru
ai-ethos,negative_weak_signals_additional_300.csv,technology_ru
ai-ethos (software product),negative_weak_signals_additional_300.csv,name_original
FinGPT (программный продукт),negative_weak_signals_additional_300.csv,name_ru
FinGPT,negative_weak_signals_additional_300.csv,technology_ru
FinGPT (software product),negative_weak_signals_additional_300.csv,name_original
mirobody (программный продукт),negative_weak_signals_additional_300.csv,name_ru
mirobody,negative_weak_signals_additional_300.csv,technology_ru
mirobody (software product),negative_weak_signals_additional_300.csv,name_original
health-assistant (программный продукт),negative_weak_signals_additional_300.csv,name_ru
health-assistant,negative_weak_signals_additional_300.csv,technology_ru
health-assistant (software product),negative_weak_signals_additional_300.csv,name_original
esphome (программный продукт),negative_weak_signals_additional_300.csv,name_ru
esphome,negative_weak_signals_additional_300.csv,technology_ru
esphome (software product),negative_weak_signals_additional_300.csv,name_original
neuron (программный продукт),negative_weak_signals_additional_300.csv,name_ru
neuron,negative_weak_signals_additional_300.csv,technology_ru
neuron (software product),negative_weak_signals_additional_300.csv,name_original
budget (программный продукт),negative_weak_signals_additional_300.csv,name_ru
budget,negative_weak_signals_additional_300.csv,technology_ru
budget (software product),negative_weak_signals_additional_300.csv,name_original
immich-swipe-android (программный продукт),negative_weak_signals_additional_300.csv,name_ru
immich-swipe-android,negative_weak_signals_additional_300.csv,technology_ru
immich-swipe-android (software product),negative_weak_signals_additional_300.csv,name_original
dootask (программный продукт),negative_weak_signals_additional_300.csv,name_ru
dootask,negative_weak_signals_additional_300.csv,technology_ru
dootask (software product),negative_weak_signals_additional_300.csv,name_original
Embodied-AI-Guide (программный продукт),negative_weak_signals_additional_300.csv,name_ru
Embodied-AI-Guide,negative_weak_signals_additional_300.csv,technology_ru
Embodied-AI-Guide (software product),negative_weak_signals_additional_300.csv,name_original
gogs (программный продукт),negative_weak_signals_additional_300.csv,name_ru
gogs,negative_weak_signals_additional_300.csv,technology_ru
gogs (software product),negative_weak_signals_additional_300.csv,name_original
kepler (программный продукт),negative_weak_signals_additional_300.csv,name_ru
kepler,negative_weak_signals_additional_300.csv,technology_ru
kepler (software product),negative_weak_signals_additional_300.csv,name_original
ersha-os (программный продукт),negative_weak_signals_additional_300.csv,name_ru
ersha-os,negative_weak_signals_additional_300.csv,technology_ru
ersha-os (software product),negative_weak_signals_additional_300.csv,name_original
umami (программный продукт),negative_weak_signals_additional_300.csv,name_ru
umami,negative_weak_signals_additional_300.csv,technology_ru
umami (software product),negative_weak_signals_additional_300.csv,name_original
repomix (программный продукт),negative_weak_signals_additional_300.csv,name_ru
repomix,negative_weak_signals_additional_300.csv,technology_ru
repomix (software product),negative_weak_signals_additional_300.csv,name_original
DeskcommCRM (программный продукт),negative_weak_signals_additional_300.csv,name_ru
DeskcommCRM,negative_weak_signals_additional_300.csv,technology_ru
DeskcommCRM (software product),negative_weak_signals_additional_300.csv,name_original
vue-storefront (программный продукт),negative_weak_signals_additional_300.csv,name_ru
vue-storefront,negative_weak_signals_additional_300.csv,technology_ru
vue-storefront (software product),negative_weak_signals_additional_300.csv,name_original
30-seconds-of-code (программный продукт),negative_weak_signals_additional_300.csv,name_ru
30-seconds-of-code,negative_weak_signals_additional_300.csv,technology_ru
30-seconds-of-code (software product),negative_weak_signals_additional_300.csv,name_original
tsugi (программный продукт),negative_weak_signals_additional_300.csv,name_ru
tsugi,negative_weak_signals_additional_300.csv,technology_ru
tsugi (software product),negative_weak_signals_additional_300.csv,name_original
FinRL (программный продукт),negative_weak_signals_additional_300.csv,name_ru
FinRL,negative_weak_signals_additional_300.csv,technology_ru
FinRL (software product),negative_weak_signals_additional_300.csv,name_original
MedRAX (программный продукт),negative_weak_signals_additional_300.csv,name_ru
MedRAX,negative_weak_signals_additional_300.csv,technology_ru
MedRAX (software product),negative_weak_signals_additional_300.csv,name_original
donor-sync (программный продукт),negative_weak_signals_additional_300.csv,name_ru
donor-sync,negative_weak_signals_additional_300.csv,technology_ru
donor-sync (software product),negative_weak_signals_additional_300.csv,name_original
teslamate (программный продукт),negative_weak_signals_additional_300.csv,name_ru
teslamate,negative_weak_signals_additional_300.csv,technology_ru
teslamate (software product),negative_weak_signals_additional_300.csv,name_original
mes (программный продукт),negative_weak_signals_additional_300.csv,name_ru
mes,negative_weak_signals_additional_300.csv,technology_ru
mes (software product),negative_weak_signals_additional_300.csv,name_original
TimeScribe (программный продукт),negative_weak_signals_additional_300.csv,name_ru
TimeScribe,negative_weak_signals_additional_300.csv,technology_ru
TimeScribe (software product),negative_weak_signals_additional_300.csv,name_original
machete (программный продукт),negative_weak_signals_additional_300.csv,name_ru
machete,negative_weak_signals_additional_300.csv,technology_ru
machete (software product),negative_weak_signals_additional_300.csv,name_original
taskcafe (программный продукт),negative_weak_signals_additional_300.csv,name_ru
taskcafe,negative_weak_signals_additional_300.csv,technology_ru
taskcafe (software product),negative_weak_signals_additional_300.csv,name_original
ardupilot (программный продукт),negative_weak_signals_additional_300.csv,name_ru
ardupilot,negative_weak_signals_additional_300.csv,technology_ru
ardupilot (software product),negative_weak_signals_additional_300.csv,name_original
jan (программный продукт),negative_weak_signals_additional_300.csv,name_ru
jan,negative_weak_signals_additional_300.csv,technology_ru
jan (software product),negative_weak_signals_additional_300.csv,name_original
emoncms (программный продукт),negative_weak_signals_additional_300.csv,name_ru
emoncms,negative_weak_signals_additional_300.csv,technology_ru
emoncms (software product),negative_weak_signals_additional_300.csv,name_original
LiteFarm (программный продукт),negative_weak_signals_additional_300.csv,name_ru
LiteFarm,negative_weak_signals_additional_300.csv,technology_ru
LiteFarm (software product),negative_weak_signals_additional_300.csv,name_original
analytics (программный продукт),negative_weak_signals_additional_300.csv,name_ru
analytics,negative_weak_signals_additional_300.csv,technology_ru
analytics (software product),negative_weak_signals_additional_300.csv,name_original
kotaemon (программный продукт),negative_weak_signals_additional_300.csv,name_ru
kotaemon,negative_weak_signals_additional_300.csv,technology_ru
kotaemon (software product),negative_weak_signals_additional_300.csv,name_original
CommunityServer (программный продукт),negative_weak_signals_additional_300.csv,name_ru
CommunityServer,negative_weak_signals_additional_300.csv,technology_ru
CommunityServer (software product),negative_weak_signals_additional_300.csv,name_original
woocommerce (программный продукт),negative_weak_signals_additional_300.csv,name_ru
woocommerce,negative_weak_signals_additional_300.csv,technology_ru
woocommerce (software product),negative_weak_signals_additional_300.csv,name_original
freecodecamp.cn (программный продукт),negative_weak_signals_additional_300.csv,name_ru
freecodecamp.cn,negative_weak_signals_additional_300.csv,technology_ru
freecodecamp.cn (software product),negative_weak_signals_additional_300.csv,name_original
advisingapp (программный продукт),negative_weak_signals_additional_300.csv,name_ru
advisingapp,negative_weak_signals_additional_300.csv,technology_ru
advisingapp (software product),negative_weak_signals_additional_300.csv,name_original
lago (программный продукт),negative_weak_signals_additional_300.csv,name_ru
lago,negative_weak_signals_additional_300.csv,technology_ru
lago (software product),negative_weak_signals_additional_300.csv,name_original
rPPG-Toolbox (программный продукт),negative_weak_signals_additional_300.csv,name_ru
rPPG-Toolbox,negative_weak_signals_additional_300.csv,technology_ru
rPPG-Toolbox (software product),negative_weak_signals_additional_300.csv,name_original
liora (программный продукт),negative_weak_signals_additional_300.csv,name_ru
liora,negative_weak_signals_additional_300.csv,technology_ru
liora (software product),negative_weak_signals_additional_300.csv,name_original
evcc (программный продукт),negative_weak_signals_additional_300.csv,name_ru
evcc,negative_weak_signals_additional_300.csv,technology_ru
evcc (software product),negative_weak_signals_additional_300.csv,name_original
Units_of_Measure_Harmonization-intelligence-platform (программный продукт),negative_weak_signals_additional_300.csv,name_ru
Units_of_Measure_Harmonization-intelligence-platform,negative_weak_signals_additional_300.csv,technology_ru
Units_of_Measure_Harmonization-intelligence-platform (software product),negative_weak_signals_additional_300.csv,name_original
itr-wala (программный продукт),negative_weak_signals_additional_300.csv,name_ru
itr-wala,negative_weak_signals_additional_300.csv,technology_ru
itr-wala (software product),negative_weak_signals_additional_300.csv,name_original
immich-photo-manager (программный продукт),negative_weak_signals_additional_300.csv,name_ru
immich-photo-manager,negative_weak_signals_additional_300.csv,technology_ru
immich-photo-manager (software product),negative_weak_signals_additional_300.csv,name_original
SparkleShare (программный продукт),negative_weak_signals_additional_300.csv,name_ru
SparkleShare,negative_weak_signals_additional_300.csv,technology_ru
SparkleShare (software product),negative_weak_signals_additional_300.csv,name_original
mujoco (программный продукт),negative_weak_signals_additional_300.csv,name_ru
mujoco,negative_weak_signals_additional_300.csv,technology_ru
mujoco (software product),negative_weak_signals_additional_300.csv,name_original
reactive-resume (программный продукт),negative_weak_signals_additional_300.csv,name_ru
reactive-resume,negative_weak_signals_additional_300.csv,technology_ru
reactive-resume (software product),negative_weak_signals_additional_300.csv,name_original
cloud-carbon-footprint (программный продукт),negative_weak_signals_additional_300.csv,name_ru
cloud-carbon-footprint,negative_weak_signals_additional_300.csv,technology_ru
cloud-carbon-footprint (software product),negative_weak_signals_additional_300.csv,name_original
Farming-App (программный продукт),negative_weak_signals_additional_300.csv,name_ru
Farming-App,negative_weak_signals_additional_300.csv,technology_ru
Farming-App (software product),negative_weak_signals_additional_300.csv,name_original
redash (программный продукт),negative_weak_signals_additional_300.csv,name_ru
redash,negative_weak_signals_additional_300.csv,technology_ru
redash (software product),negative_weak_signals_additional_300.csv,name_original
LLaVA (программный продукт),negative_weak_signals_additional_300.csv,name_ru
LLaVA,negative_weak_signals_additional_300.csv,technology_ru
LLaVA (software product),negative_weak_signals_additional_300.csv,name_original
CordysCRM (программный продукт),negative_weak_signals_additional_300.csv,name_ru
CordysCRM,negative_weak_signals_additional_300.csv,technology_ru
CordysCRM (software product),negative_weak_signals_additional_300.csv,name_original
evershop (программный продукт),negative_weak_signals_additional_300.csv,name_ru
evershop,negative_weak_signals_additional_300.csv,technology_ru
evershop (software product),negative_weak_signals_additional_300.csv,name_original
Mr.-Ranedeer-AI-Tutor (программный продукт),negative_weak_signals_additional_300.csv,name_ru
Mr.-Ranedeer-AI-Tutor,negative_weak_signals_additional_300.csv,technology_ru
Mr.-Ranedeer-AI-Tutor (software product),negative_weak_signals_additional_300.csv,name_original
edrys (программный продукт),negative_weak_signals_additional_300.csv,name_ru
edrys,negative_weak_signals_additional_300.csv,technology_ru
edrys (software product),negative_weak_signals_additional_300.csv,name_original
blockchain_guide (программный продукт),negative_weak_signals_additional_300.csv,name_ru
blockchain_guide,negative_weak_signals_additional_300.csv,technology_ru
blockchain_guide (software product),negative_weak_signals_additional_300.csv,name_original
zato (программный продукт),negative_weak_signals_additional_300.csv,name_ru
zato,negative_weak_signals_additional_300.csv,technology_ru
zato (software product),negative_weak_signals_additional_300.csv,name_original
AmritaCare (программный продукт),negative_weak_signals_additional_300.csv,name_ru
AmritaCare,negative_weak_signals_additional_300.csv,technology_ru
AmritaCare (software product),negative_weak_signals_additional_300.csv,name_original
frontend (программный продукт),negative_weak_signals_additional_300.csv,name_ru
frontend,negative_weak_signals_additional_300.csv,technology_ru
frontend (software product),negative_weak_signals_additional_300.csv,name_original
LedgerSMB (программный продукт),negative_weak_signals_additional_300.csv,name_ru
LedgerSMB,negative_weak_signals_additional_300.csv,technology_ru
LedgerSMB (software product),negative_weak_signals_additional_300.csv,name_original
finance (программный продукт),negative_weak_signals_additional_300.csv,name_ru
finance,negative_weak_signals_additional_300.csv,technology_ru
finance (software product),negative_weak_signals_additional_300.csv,name_original
PhotoSort (программный продукт),negative_weak_signals_additional_300.csv,name_ru
PhotoSort,negative_weak_signals_additional_300.csv,technology_ru
PhotoSort (software product),negative_weak_signals_additional_300.csv,name_original
markwhen (программный продукт),negative_weak_signals_additional_300.csv,name_ru
markwhen,negative_weak_signals_additional_300.csv,technology_ru
markwhen (software product),negative_weak_signals_additional_300.csv,name_original
stable-baselines3 (программный продукт),negative_weak_signals_additional_300.csv,name_ru
stable-baselines3,negative_weak_signals_additional_300.csv,technology_ru
stable-baselines3 (software product),negative_weak_signals_additional_300.csv,name_original
ToolJet (программный продукт),negative_weak_signals_additional_300.csv,name_ru
ToolJet,negative_weak_signals_additional_300.csv,technology_ru
ToolJet (software product),negative_weak_signals_additional_300.csv,name_original
GreenSoftwareDirectory (программный продукт),negative_weak_signals_additional_300.csv,name_ru
GreenSoftwareDirectory,negative_weak_signals_additional_300.csv,technology_ru
GreenSoftwareDirectory (software product),negative_weak_signals_additional_300.csv,name_original
ApsimX (программный продукт),negative_weak_signals_additional_300.csv,name_ru
ApsimX,negative_weak_signals_additional_300.csv,technology_ru
ApsimX (software product),negative_weak_signals_additional_300.csv,name_original
timescaledb (программный продукт),negative_weak_signals_additional_300.csv,name_ru
timescaledb,negative_weak_signals_additional_300.csv,technology_ru
timescaledb (software product),negative_weak_signals_additional_300.csv,name_original
CosyVoice (программный продукт),negative_weak_signals_additional_300.csv,name_ru
CosyVoice,negative_weak_signals_additional_300.csv,technology_ru
CosyVoice (software product),negative_weak_signals_additional_300.csv,name_original
frappe_docker (программный продукт),negative_weak_signals_additional_300.csv,name_ru
frappe_docker,negative_weak_signals_additional_300.csv,technology_ru
frappe_docker (software product),negative_weak_signals_additional_300.csv,name_original
nopCommerce (программный продукт),negative_weak_signals_additional_300.csv,name_ru
nopCommerce,negative_weak_signals_additional_300.csv,technology_ru
nopCommerce (software product),negative_weak_signals_additional_300.csv,name_original
p5.js (программный продукт),negative_weak_signals_additional_300.csv,name_ru
p5.js,negative_weak_signals_additional_300.csv,technology_ru
p5.js (software product),negative_weak_signals_additional_300.csv,name_original
Bloom (программный продукт),negative_weak_signals_additional_300.csv,name_ru
Bloom,negative_weak_signals_additional_300.csv,technology_ru
Bloom (software product),negative_weak_signals_additional_300.csv,name_original
TradeMaster (программный продукт),negative_weak_signals_additional_300.csv,name_ru
TradeMaster,negative_weak_signals_additional_300.csv,technology_ru
TradeMaster (software product),negative_weak_signals_additional_300.csv,name_original
covid19-public (программный продукт),negative_weak_signals_additional_300.csv,name_ru
covid19-public,negative_weak_signals_additional_300.csv,technology_ru
covid19-public (software product),negative_weak_signals_additional_300.csv,name_original
dosezy (программный продукт),negative_weak_signals_additional_300.csv,name_ru
dosezy,negative_weak_signals_additional_300.csv,technology_ru
dosezy (software product),negative_weak_signals_additional_300.csv,name_original
OpenMQTTGateway (программный продукт),negative_weak_signals_additional_300.csv,name_ru
OpenMQTTGateway,negative_weak_signals_additional_300.csv,technology_ru
OpenMQTTGateway (software product),negative_weak_signals_additional_300.csv,name_original
smart-industry (программный продукт),negative_weak_signals_additional_300.csv,name_ru
smart-industry,negative_weak_signals_additional_300.csv,technology_ru
smart-industry (software product),negative_weak_signals_additional_300.csv,name_original
ofxstatement (программный продукт),negative_weak_signals_additional_300.csv,name_ru
ofxstatement,negative_weak_signals_additional_300.csv,technology_ru
ofxstatement (software product),negative_weak_signals_additional_300.csv,name_original
TwinPixCleaner (программный продукт),negative_weak_signals_additional_300.csv,name_ru
TwinPixCleaner,negative_weak_signals_additional_300.csv,technology_ru
TwinPixCleaner (software product),negative_weak_signals_additional_300.csv,name_original
vscode-project-manager (программный продукт),negative_weak_signals_additional_300.csv,name_ru
vscode-project-manager,negative_weak_signals_additional_300.csv,technology_ru
vscode-project-manager (software product),negative_weak_signals_additional_300.csv,name_original
rerun (программный продукт),negative_weak_signals_additional_300.csv,name_ru
rerun,negative_weak_signals_additional_300.csv,technology_ru
rerun (software product),negative_weak_signals_additional_300.csv,name_original
Trilium (программный продукт),negative_weak_signals_additional_300.csv,name_ru
Trilium,negative_weak_signals_additional_300.csv,technology_ru
Trilium (software product),negative_weak_signals_additional_300.csv,name_original
augur (программный продукт),negative_weak_signals_additional_300.csv,name_ru
augur,negative_weak_signals_additional_300.csv,technology_ru
augur (software product),negative_weak_signals_additional_300.csv,name_original
geodata (программный продукт),negative_weak_signals_additional_300.csv,name_ru
geodata,negative_weak_signals_additional_300.csv,technology_ru
geodata (software product),negative_weak_signals_additional_300.csv,name_original
openobserve (программный продукт),negative_weak_signals_additional_300.csv,name_ru
openobserve,negative_weak_signals_additional_300.csv,technology_ru
openobserve (software product),negative_weak_signals_additional_300.csv,name_original
coze-studio (программный продукт),negative_weak_signals_additional_300.csv,name_ru
coze-studio,negative_weak_signals_additional_300.csv,technology_ru
coze-studio (software product),negative_weak_signals_additional_300.csv,name_original
WukongCRM-11.0-JAVA (программный продукт),negative_weak_signals_additional_300.csv,name_ru
WukongCRM-11.0-JAVA,negative_weak_signals_additional_300.csv,technology_ru
WukongCRM-11.0-JAVA (software product),negative_weak_signals_additional_300.csv,name_original
PrestaShop (программный продукт),negative_weak_signals_additional_300.csv,name_ru
PrestaShop,negative_weak_signals_additional_300.csv,technology_ru
PrestaShop (software product),negative_weak_signals_additional_300.csv,name_original
C (программный продукт),negative_weak_signals_additional_300.csv,name_ru
C,negative_weak_signals_additional_300.csv,technology_ru
C (software product),negative_weak_signals_additional_300.csv,name_original
math-question-bank (программный продукт),negative_weak_signals_additional_300.csv,name_ru
math-question-bank,negative_weak_signals_additional_300.csv,technology_ru
math-question-bank (software product),negative_weak_signals_additional_300.csv,name_original
FISCO-BCOS (программный продукт),negative_weak_signals_additional_300.csv,name_ru
FISCO-BCOS,negative_weak_signals_additional_300.csv,technology_ru
FISCO-BCOS (software product),negative_weak_signals_additional_300.csv,name_original
imbalanced-regression (программный продукт),negative_weak_signals_additional_300.csv,name_ru
imbalanced-regression,negative_weak_signals_additional_300.csv,technology_ru
imbalanced-regression (software product),negative_weak_signals_additional_300.csv,name_original
AI-Health (программный продукт),negative_weak_signals_additional_300.csv,name_ru
AI-Health,negative_weak_signals_additional_300.csv,technology_ru
AI-Health (software product),negative_weak_signals_additional_300.csv,name_original
android (программный продукт),negative_weak_signals_additional_300.csv,name_ru
android,negative_weak_signals_additional_300.csv,technology_ru
android (software product),negative_weak_signals_additional_300.csv,name_original
mycompany (программный продукт),negative_weak_signals_additional_300.csv,name_ru
mycompany,negative_weak_signals_additional_300.csv,technology_ru
mycompany (software product),negative_weak_signals_additional_300.csv,name_original
financial-management (программный продукт),negative_weak_signals_additional_300.csv,name_ru
financial-management,negative_weak_signals_additional_300.csv,technology_ru
financial-management (software product),negative_weak_signals_additional_300.csv,name_original
starsky (программный продукт),negative_weak_signals_additional_300.csv,name_ru
starsky,negative_weak_signals_additional_300.csv,technology_ru
starsky (software product),negative_weak_signals_additional_300.csv,name_original
organice (программный продукт),negative_weak_signals_additional_300.csv,name_ru
organice,negative_weak_signals_additional_300.csv,technology_ru
organice (software product),negative_weak_signals_additional_300.csv,name_original
open-source-rover (программный продукт),negative_weak_signals_additional_300.csv,name_ru
open-source-rover,negative_weak_signals_additional_300.csv,technology_ru
open-source-rover (software product),negative_weak_signals_additional_300.csv,name_original
dokploy (программный продукт),negative_weak_signals_additional_300.csv,name_ru
dokploy,negative_weak_signals_additional_300.csv,technology_ru
dokploy (software product),negative_weak_signals_additional_300.csv,name_original
maintainers-guide-to-staying-positive (программный продукт),negative_weak_signals_additional_300.csv,name_ru
maintainers-guide-to-staying-positive,negative_weak_signals_additional_300.csv,technology_ru
maintainers-guide-to-staying-positive (software product),negative_weak_signals_additional_300.csv,name_original
agriculture-portal (программный продукт),negative_weak_signals_additional_300.csv,name_ru
agriculture-portal,negative_weak_signals_additional_300.csv,technology_ru
agriculture-portal (software product),negative_weak_signals_additional_300.csv,name_original
matomo (программный продукт),negative_weak_signals_additional_300.csv,name_ru
matomo,negative_weak_signals_additional_300.csv,technology_ru
matomo (software product),negative_weak_signals_additional_300.csv,name_original
bolt.new (программный продукт),negative_weak_signals_additional_300.csv,name_ru
bolt.new,negative_weak_signals_additional_300.csv,technology_ru
bolt.new (software product),negative_weak_signals_additional_300.csv,name_original
DaybydayCRM (программный продукт),negative_weak_signals_additional_300.csv,name_ru
DaybydayCRM,negative_weak_signals_additional_300.csv,technology_ru
DaybydayCRM (software product),negative_weak_signals_additional_300.csv,name_original
aimeos-laravel (программный продукт),negative_weak_signals_additional_300.csv,name_ru
aimeos-laravel,negative_weak_signals_additional_300.csv,technology_ru
aimeos-laravel (software product),negative_weak_signals_additional_300.csv,name_original
functional-programming-jargon (программный продукт),negative_weak_signals_additional_300.csv,name_ru
functional-programming-jargon,negative_weak_signals_additional_300.csv,technology_ru
functional-programming-jargon (software product),negative_weak_signals_additional_300.csv,name_original
pytogether (программный продукт),negative_weak_signals_additional_300.csv,name_ru
pytogether,negative_weak_signals_additional_300.csv,technology_ru
pytogether (software product),negative_weak_signals_additional_300.csv,name_original
Vibe-Research (программный продукт),negative_weak_signals_additional_300.csv,name_ru
Vibe-Research,negative_weak_signals_additional_300.csv,technology_ru
Vibe-Research (software product),negative_weak_signals_additional_300.csv,name_original
metriport (программный продукт),negative_weak_signals_additional_300.csv,name_ru
metriport,negative_weak_signals_additional_300.csv,technology_ru
metriport (software product),negative_weak_signals_additional_300.csv,name_original
sdg-002 (программный продукт),negative_weak_signals_additional_300.csv,name_ru
sdg-002,negative_weak_signals_additional_300.csv,technology_ru
sdg-002 (software product),negative_weak_signals_additional_300.csv,name_original
Gladys (программный продукт),negative_weak_signals_additional_300.csv,name_ru
Gladys,negative_weak_signals_additional_300.csv,technology_ru
Gladys (software product),negative_weak_signals_additional_300.csv,name_original
WebErpMesv2 (программный продукт),negative_weak_signals_additional_300.csv,name_ru
WebErpMesv2,negative_weak_signals_additional_300.csv,technology_ru
WebErpMesv2 (software product),negative_weak_signals_additional_300.csv,name_original
kresus (программный продукт),negative_weak_signals_additional_300.csv,name_ru
kresus,negative_weak_signals_additional_300.csv,technology_ru
kresus (software product),negative_weak_signals_additional_300.csv,name_original
Cedarflake-Ame (программный продукт),negative_weak_signals_additional_300.csv,name_ru
Cedarflake-Ame,negative_weak_signals_additional_300.csv,technology_ru
Cedarflake-Ame (software product),negative_weak_signals_additional_300.csv,name_original
Watson (программный продукт),negative_weak_signals_additional_300.csv,name_ru
Watson,negative_weak_signals_additional_300.csv,technology_ru
Watson (software product),negative_weak_signals_additional_300.csv,name_original
jetson-inference (программный продукт),negative_weak_signals_additional_300.csv,name_ru
jetson-inference,negative_weak_signals_additional_300.csv,technology_ru
jetson-inference (software product),negative_weak_signals_additional_300.csv,name_original
glance (программный продукт),negative_weak_signals_additional_300.csv,name_ru
glance,negative_weak_signals_additional_300.csv,technology_ru
glance (software product),negative_weak_signals_additional_300.csv,name_original
nmf-app (программный продукт),negative_weak_signals_additional_300.csv,name_ru
nmf-app,negative_weak_signals_additional_300.csv,technology_ru
nmf-app (software product),negative_weak_signals_additional_300.csv,name_original
AgriTech (программный продукт),negative_weak_signals_additional_300.csv,name_ru
AgriTech,negative_weak_signals_additional_300.csv,technology_ru
AgriTech (software product),negative_weak_signals_additional_300.csv,name_original
goaccess (программный продукт),negative_weak_signals_additional_300.csv,name_ru
goaccess,negative_weak_signals_additional_300.csv,technology_ru
goaccess (software product),negative_weak_signals_additional_300.csv,name_original
ChatALL (программный продукт),negative_weak_signals_additional_300.csv,name_ru
ChatALL,negative_weak_signals_additional_300.csv,technology_ru
ChatALL (software product),negative_weak_signals_additional_300.csv,name_original
oms-erp (программный продукт),negative_weak_signals_additional_300.csv,name_ru
oms-erp,negative_weak_signals_additional_300.csv,technology_ru
oms-erp (software product),negative_weak_signals_additional_300.csv,name_original
Sylius (программный продукт),negative_weak_signals_additional_300.csv,name_ru
Sylius,negative_weak_signals_additional_300.csv,technology_ru
Sylius (software product),negative_weak_signals_additional_300.csv,name_original
Functional-Light-JS (программный продукт),negative_weak_signals_additional_300.csv,name_ru
Functional-Light-JS,negative_weak_signals_additional_300.csv,technology_ru
Functional-Light-JS (software product),negative_weak_signals_additional_300.csv,name_original
elmsln (программный продукт),negative_weak_signals_additional_300.csv,name_ru
elmsln,negative_weak_signals_additional_300.csv,technology_ru
elmsln (software product),negative_weak_signals_additional_300.csv,name_original
openmeter (программный продукт),negative_weak_signals_additional_300.csv,name_ru
openmeter,negative_weak_signals_additional_300.csv,technology_ru
openmeter (software product),negative_weak_signals_additional_300.csv,name_original
care_fe (программный продукт),negative_weak_signals_additional_300.csv,name_ru
care_fe,negative_weak_signals_additional_300.csv,technology_ru
care_fe (software product),negative_weak_signals_additional_300.csv,name_original
neural-nexus (программный продукт),negative_weak_signals_additional_300.csv,name_ru
neural-nexus,negative_weak_signals_additional_300.csv,technology_ru
neural-nexus (software product),negative_weak_signals_additional_300.csv,name_original
willow (программный продукт),negative_weak_signals_additional_300.csv,name_ru
willow,negative_weak_signals_additional_300.csv,technology_ru
willow (software product),negative_weak_signals_additional_300.csv,name_original
forge-digital-twin (программный продукт),negative_weak_signals_additional_300.csv,name_ru
forge-digital-twin,negative_weak_signals_additional_300.csv,technology_ru
forge-digital-twin (software product),negative_weak_signals_additional_300.csv,name_original
Finance-Guru (программный продукт),negative_weak_signals_additional_300.csv,name_ru
Finance-Guru,negative_weak_signals_additional_300.csv,technology_ru
Finance-Guru (software product),negative_weak_signals_additional_300.csv,name_original
photools (программный продукт),negative_weak_signals_additional_300.csv,name_ru
photools,negative_weak_signals_additional_300.csv,technology_ru
photools (software product),negative_weak_signals_additional_300.csv,name_original
invobook (программный продукт),negative_weak_signals_additional_300.csv,name_ru
invobook,negative_weak_signals_additional_300.csv,technology_ru
invobook (software product),negative_weak_signals_additional_300.csv,name_original
cartographer (программный продукт),negative_weak_signals_additional_300.csv,name_ru
cartographer,negative_weak_signals_additional_300.csv,technology_ru
cartographer (software product),negative_weak_signals_additional_300.csv,name_original
homepage (программный продукт),negative_weak_signals_additional_300.csv,name_ru
homepage,negative_weak_signals_additional_300.csv,technology_ru
homepage (software product),negative_weak_signals_additional_300.csv,name_original
mobile-app (программный продукт),negative_weak_signals_additional_300.csv,name_ru
mobile-app,negative_weak_signals_additional_300.csv,technology_ru
mobile-app (software product),negative_weak_signals_additional_300.csv,name_original
FS25_SoilFertilizer (программный продукт),negative_weak_signals_additional_300.csv,name_ru
FS25_SoilFertilizer,negative_weak_signals_additional_300.csv,technology_ru
FS25_SoilFertilizer (software product),negative_weak_signals_additional_300.csv,name_original
cube (программный продукт),negative_weak_signals_additional_300.csv,name_ru
cube,negative_weak_signals_additional_300.csv,technology_ru
cube (software product),negative_weak_signals_additional_300.csv,name_original
ChuanhuChatGPT (программный продукт),negative_weak_signals_additional_300.csv,name_ru
ChuanhuChatGPT,negative_weak_signals_additional_300.csv,technology_ru
ChuanhuChatGPT (software product),negative_weak_signals_additional_300.csv,name_original
avo (программный продукт),negative_weak_signals_additional_300.csv,name_ru
avo,negative_weak_signals_additional_300.csv,technology_ru
avo (software product),negative_weak_signals_additional_300.csv,name_original
vendure (программный продукт),negative_weak_signals_additional_300.csv,name_ru
vendure,negative_weak_signals_additional_300.csv,technology_ru
vendure (software product),negative_weak_signals_additional_300.csv,name_original
hacker101 (программный продукт),negative_weak_signals_additional_300.csv,name_ru
hacker101,negative_weak_signals_additional_300.csv,technology_ru
hacker101 (software product),negative_weak_signals_additional_300.csv,name_original
knowledge-graph (программный продукт),negative_weak_signals_additional_300.csv,name_ru
knowledge-graph,negative_weak_signals_additional_300.csv,technology_ru
knowledge-graph (software product),negative_weak_signals_additional_300.csv,name_original
dj-stripe (программный продукт),negative_weak_signals_additional_300.csv,name_ru
dj-stripe,negative_weak_signals_additional_300.csv,technology_ru
dj-stripe (software product),negative_weak_signals_additional_300.csv,name_original
EyeGestures (программный продукт),negative_weak_signals_additional_300.csv,name_ru
EyeGestures,negative_weak_signals_additional_300.csv,technology_ru
EyeGestures (software product),negative_weak_signals_additional_300.csv,name_original
Medical-App-Medicano (программный продукт),negative_weak_signals_additional_300.csv,name_ru
Medical-App-Medicano,negative_weak_signals_additional_300.csv,technology_ru
Medical-App-Medicano (software product),negative_weak_signals_additional_300.csv,name_original
smart-mirror (программный продукт),negative_weak_signals_additional_300.csv,name_ru
smart-mirror,negative_weak_signals_additional_300.csv,technology_ru
smart-mirror (software product),negative_weak_signals_additional_300.csv,name_original
OpenMes (программный продукт),negative_weak_signals_additional_300.csv,name_ru
OpenMes,negative_weak_signals_additional_300.csv,technology_ru
OpenMes (software product),negative_weak_signals_additional_300.csv,name_original
ray-finance (программный продукт),negative_weak_signals_additional_300.csv,name_ru
ray-finance,negative_weak_signals_additional_300.csv,technology_ru
ray-finance (software product),negative_weak_signals_additional_300.csv,name_original
DigikamCompanion (программный продукт),negative_weak_signals_additional_300.csv,name_ru
DigikamCompanion,negative_weak_signals_additional_300.csv,technology_ru
DigikamCompanion (software product),negative_weak_signals_additional_300.csv,name_original
Tasks.md (программный продукт),negative_weak_signals_additional_300.csv,name_ru
Tasks.md,negative_weak_signals_additional_300.csv,technology_ru
Tasks.md (software product),negative_weak_signals_additional_300.csv,name_original
ai-deadlines (программный продукт),negative_weak_signals_additional_300.csv,name_ru
ai-deadlines,negative_weak_signals_additional_300.csv,technology_ru
ai-deadlines (software product),negative_weak_signals_additional_300.csv,name_original
signoz (программный продукт),negative_weak_signals_additional_300.csv,name_ru
signoz,negative_weak_signals_additional_300.csv,technology_ru
signoz (software product),negative_weak_signals_additional_300.csv,name_original
co2.js (программный продукт),negative_weak_signals_additional_300.csv,name_ru
co2.js,negative_weak_signals_additional_300.csv,technology_ru
co2.js (software product),negative_weak_signals_additional_300.csv,name_original
harvest_helper (программный продукт),negative_weak_signals_additional_300.csv,name_ru
harvest_helper,negative_weak_signals_additional_300.csv,technology_ru
harvest_helper (software product),negative_weak_signals_additional_300.csv,name_original
activitywatch (программный продукт),negative_weak_signals_additional_300.csv,name_ru
activitywatch,negative_weak_signals_additional_300.csv,technology_ru
activitywatch (software product),negative_weak_signals_additional_300.csv,name_original
botpress (программный продукт),negative_weak_signals_additional_300.csv,name_ru
botpress,negative_weak_signals_additional_300.csv,technology_ru
botpress (software product),negative_weak_signals_additional_300.csv,name_original
relaticle (программный продукт),negative_weak_signals_additional_300.csv,name_ru
relaticle,negative_weak_signals_additional_300.csv,technology_ru
relaticle (software product),negative_weak_signals_additional_300.csv,name_original
django-oscar (программный продукт),negative_weak_signals_additional_300.csv,name_ru
django-oscar,negative_weak_signals_additional_300.csv,technology_ru
django-oscar (software product),negative_weak_signals_additional_300.csv,name_original
raspberry-pi-os (программный продукт),negative_weak_signals_additional_300.csv,name_ru
raspberry-pi-os,negative_weak_signals_additional_300.csv,technology_ru
raspberry-pi-os (software product),negative_weak_signals_additional_300.csv,name_original
Заявление: анализ изображений со смартфона для оценка риска меланомы,negative_weak_signals_additional_300.csv,name_ru
анализ изображений со смартфона,negative_weak_signals_additional_300.csv,technology_ru
MelApp melanoma-risk diagnosis claim,negative_weak_signals_additional_300.csv,name_original
Заявление: анализ изображений со смартфона для выявление меланомы,negative_weak_signals_additional_300.csv,name_ru
анализ изображений со смартфона,negative_weak_signals_additional_300.csv,technology_ru
Mole Detective melanoma detection claim,negative_weak_signals_additional_300.csv,name_original
Заявление: ПО для когнитивных тренировок для память и когнитивные способности,negative_weak_signals_additional_300.csv,name_ru
ПО для когнитивных тренировок,negative_weak_signals_additional_300.csv,technology_ru
Lumosity brain-training efficacy claim,negative_weak_signals_additional_300.csv,name_original
Заявление: cognitive training для СДВГ и успеваемость,negative_weak_signals_additional_300.csv,name_ru
cognitive training,negative_weak_signals_additional_300.csv,technology_ru
LearningRx treatment and school-performance claims,negative_weak_signals_additional_300.csv,name_original
Заявление: игра для тренировки мозга для внимание и успеваемость детей,negative_weak_signals_additional_300.csv,name_ru
игра для тренировки мозга,negative_weak_signals_additional_300.csv,technology_ru
Jungle Rangers brain-training claims,negative_weak_signals_additional_300.csv,name_original
Заявление: добавка с ДГК для улучшение памяти взрослых,negative_weak_signals_additional_300.csv,name_ru
добавка с ДГК,negative_weak_signals_additional_300.csv,technology_ru
BrainStrong memory improvement claims,negative_weak_signals_additional_300.csv,name_original
"Заявление: добавка для когнитивных функций для улучшение памяти, концентрации и IQ",negative_weak_signals_additional_300.csv,name_ru
добавка для когнитивных функций,negative_weak_signals_additional_300.csv,technology_ru
Geniux cognitive-enhancement claims,negative_weak_signals_additional_300.csv,name_original
Заявление: носимая чрескожная электростимуляция нервов для облегчение хронической боли,negative_weak_signals_additional_300.csv,name_ru
носимая чрескожная электростимуляция нервов,negative_weak_signals_additional_300.csv,technology_ru
Quell wearable pain-relief claims,negative_weak_signals_additional_300.csv,name_original
Заявление: диагностическое ПО для компьютеров для поиск вредоносного ПО и проблем производительности компьютера,negative_weak_signals_additional_300.csv,name_ru
диагностическое ПО для компьютеров,negative_weak_signals_additional_300.csv,technology_ru
Office Depot PC Health Check diagnostic claims,negative_weak_signals_additional_300.csv,name_original
Заявление: мобильное платёжное приложение для гарантированный доход в интернете,negative_weak_signals_additional_300.csv,name_ru
мобильное платёжное приложение,negative_weak_signals_additional_300.csv,technology_ru
Mobile Money Code income scheme,negative_weak_signals_additional_300.csv,name_original
Заявление: генетическое тестирование напрямую для потребителя для конфиденциальность и удаление генетических данных,negative_weak_signals_additional_300.csv,name_ru
генетическое тестирование напрямую для потребителя,negative_weak_signals_additional_300.csv,technology_ru
Vitagene DNA privacy and deletion claims,negative_weak_signals_additional_300.csv,name_original
Заявление: генетическое тестирование и алгоритм сопоставления для отчёты о происхождении и здоровье,negative_weak_signals_additional_300.csv,name_ru
генетическое тестирование и алгоритм сопоставления,negative_weak_signals_additional_300.csv,technology_ru
CRI Genetics DNA-report accuracy claims,negative_weak_signals_additional_300.csv,name_original
Заявление: анализ крови из капли для экспресс-диагностика COVID-19,negative_weak_signals_additional_300.csv,name_ru
анализ крови из капли,negative_weak_signals_additional_300.csv,technology_ru
Decision Diagnostics rapid COVID blood-test claim,negative_weak_signals_additional_300.csv,name_original
Заявление: искусственный интеллект для автоматизация покупок в мобильном приложении,negative_weak_signals_additional_300.csv,name_ru
искусственный интеллект,negative_weak_signals_additional_300.csv,technology_ru
Nate AI shopping automation claim,negative_weak_signals_additional_300.csv,name_original
Заявление: AI-assisted recruitment для подбор разнообразных кандидатов,negative_weak_signals_additional_300.csv,name_ru
AI-assisted recruitment,negative_weak_signals_additional_300.csv,technology_ru
Joonko AI hiring and customer claims,negative_weak_signals_additional_300.csv,name_original
Заявление: AI chat technology для клиентские контракты и выручка,negative_weak_signals_additional_300.csv,name_ru
AI chat technology,negative_weak_signals_additional_300.csv,technology_ru
GameOn AI chat commercial-success claims,negative_weak_signals_additional_300.csv,name_original
Заявление: распознавание речи с ИИ для приём заказов в ресторанах с обслуживанием в автомобиле,negative_weak_signals_additional_300.csv,name_ru
распознавание речи с ИИ,negative_weak_signals_additional_300.csv,technology_ru
Presto Voice automation disclosure,negative_weak_signals_additional_300.csv,name_original
"Заявление: биоматериалы, созданные методами биоинженерии для коммерческие продажи продукта",negative_weak_signals_additional_300.csv,name_ru
"биоматериалы, созданные методами биоинженерии",negative_weak_signals_additional_300.csv,technology_ru
Zymergen product-market and sales statements,negative_weak_signals_additional_300.csv,name_original
Заявление: обнаружение мошенничества методами машинного обучения для предотвращение рекламного мошенничества в реальном времени,negative_weak_signals_additional_300.csv,name_ru
обнаружение мошенничества методами машинного обучения,negative_weak_signals_additional_300.csv,technology_ru
Kubient KAI fraud-detection performance claims,negative_weak_signals_additional_300.csv,name_original
Заявление: искусственный интеллект для автоматическая торговля ценными бумагами,negative_weak_signals_additional_300.csv,name_ru
искусственный интеллект,negative_weak_signals_additional_300.csv,technology_ru
Rimar AI automated trading claims,negative_weak_signals_additional_300.csv,name_original
Заявление: шлем виртуальной реальности для иммерсивные видеоигры,negative_weak_signals_additional_300.csv,name_ru
шлем виртуальной реальности,negative_weak_signals_additional_300.csv,technology_ru
3001 AD virtual-reality product and IPO hype,negative_weak_signals_additional_300.csv,name_original
Заявление: инфракрасная термография для скрининг рака молочной железы,negative_weak_signals_additional_300.csv,name_ru
инфракрасная термография,negative_weak_signals_additional_300.csv,technology_ru
Melanoma thermography as standalone screening,negative_weak_signals_additional_300.csv,name_original
Заявление: фармакогенетическое тестирование для прогноз реакции на рецептурные лекарства,negative_weak_signals_additional_300.csv,name_ru
фармакогенетическое тестирование,negative_weak_signals_additional_300.csv,technology_ru
Inova pharmacogenetic medication-response claims,negative_weak_signals_additional_300.csv,name_original
Заявление: распознавание лиц для организация фотографий и биометрическая идентификация,negative_weak_signals_additional_300.csv,name_ru
распознавание лиц,negative_weak_signals_additional_300.csv,technology_ru
Everalbum facial-recognition consent claims,negative_weak_signals_additional_300.csv,name_original
Заявление: приложение для отслеживания фертильности для отслеживание менструального цикла и репродуктивного здоровья,negative_weak_signals_additional_300.csv,name_ru
приложение для отслеживания фертильности,negative_weak_signals_additional_300.csv,technology_ru
Flo fertility-app data-sharing promises,negative_weak_signals_additional_300.csv,name_original
Заявление: платформа телемедицины и рецептурных препаратов для скидки на лекарства и телемедицина,negative_weak_signals_additional_300.csv,name_ru
платформа телемедицины и рецептурных препаратов,negative_weak_signals_additional_300.csv,technology_ru
GoodRx health-data privacy promises,negative_weak_signals_additional_300.csv,name_original
Заявление: приложение для отслеживания фертильности для отслеживание фертильности и овуляции,negative_weak_signals_additional_300.csv,name_ru
приложение для отслеживания фертильности,negative_weak_signals_additional_300.csv,technology_ru
Premom fertility-app health-data claims,negative_weak_signals_additional_300.csv,name_original
Заявление: шифрование видеоконференций для безопасные онлайн-встречи,negative_weak_signals_additional_300.csv,name_ru
шифрование видеоконференций,negative_weak_signals_additional_300.csv,technology_ru
Zoom security and encryption representations,negative_weak_signals_additional_300.csv,name_original
Заявление: подключённые камеры и компьютерное зрение для видеонаблюдение дома,negative_weak_signals_additional_300.csv,name_ru
подключённые камеры и компьютерное зрение,negative_weak_signals_additional_300.csv,technology_ru
Ring home-camera privacy and security,negative_weak_signals_additional_300.csv,name_original
Заявление: сетевые маршрутизаторы и IP-камеры для безопасность домашних сетей,negative_weak_signals_additional_300.csv,name_ru
сетевые маршрутизаторы и IP-камеры,negative_weak_signals_additional_300.csv,technology_ru
D-Link router and camera security representations,negative_weak_signals_additional_300.csv,name_original
Заявление: отслеживание браузерной активности и антивирусное ПО для защита конфиденциальности в интернете,negative_weak_signals_additional_300.csv,name_ru
отслеживание браузерной активности и антивирусное ПО,negative_weak_signals_additional_300.csv,technology_ru
Avast antivirus privacy representations,negative_weak_signals_additional_300.csv,name_original
Заявление: ПО для слежения через мобильные устройства для мониторинг телефонов и безопасность,negative_weak_signals_additional_300.csv,name_ru
ПО для слежения через мобильные устройства,negative_weak_signals_additional_300.csv,technology_ru
SpyFone stalkerware privacy claims,negative_weak_signals_additional_300.csv,name_original
Заявление: генеративный ИИ-ассистент для подписка на офисные инструменты для продуктивности,negative_weak_signals_additional_300.csv,name_ru
генеративный ИИ-ассистент,negative_weak_signals_additional_300.csv,technology_ru
Microsoft 365 Copilot subscription pricing representations,negative_weak_signals_additional_300.csv,name_original
Заявление: онлайн-платформа вопросов и ответов с экспертами для платный доступ к ответам экспертов,negative_weak_signals_additional_300.csv,name_ru
онлайн-платформа вопросов и ответов с экспертами,negative_weak_signals_additional_300.csv,technology_ru
JustAnswer expert-service pricing and affiliation claims,negative_weak_signals_additional_300.csv,name_original
Заявление: обувь с амортизирующей подошвой для облегчение боли,negative_weak_signals_additional_300.csv,name_ru
обувь с амортизирующей подошвой,negative_weak_signals_additional_300.csv,technology_ru
Gravity Defyer footwear pain-relief claims,negative_weak_signals_additional_300.csv,name_original
Заявление: платформа онлайн-консультирования для дистанционная психологическая помощь,negative_weak_signals_additional_300.csv,name_ru
платформа онлайн-консультирования,negative_weak_signals_additional_300.csv,technology_ru
BetterHelp online counselling confidentiality claims,negative_weak_signals_additional_300.csv,name_original
Заявление: распознавание лиц с ИИ для предотвращение потерь в розничной торговле,negative_weak_signals_additional_300.csv,name_ru
распознавание лиц с ИИ,negative_weak_signals_additional_300.csv,technology_ru
Rite Aid facial-recognition deployment safeguards,negative_weak_signals_additional_300.csv,name_original
Заявление: беспроводной нейростимуляционный имплант для лечение хронической боли,negative_weak_signals_additional_300.csv,name_ru
беспроводной нейростимуляционный имплант,negative_weak_signals_additional_300.csv,technology_ru
Stimwave wireless neurostimulation product claims,negative_weak_signals_additional_300.csv,name_original
Заявление: автоматизация с помощью ИИ для автоматизация корпоративных рабочих процессов,negative_weak_signals_additional_300.csv,name_ru
автоматизация с помощью ИИ,negative_weak_signals_additional_300.csv,technology_ru
SKAEL AI startup commercial and fundraising claims,negative_weak_signals_additional_300.csv,name_original
Заявление: программные услуги для проекты цифровой трансформации,negative_weak_signals_additional_300.csv,name_ru
программные услуги,negative_weak_signals_additional_300.csv,technology_ru
Bitwise Industries technology-company fundraising claims,negative_weak_signals_additional_300.csv,name_original
Заявление: ПО для автоматизации рабочих процессов для грузовые и логистические операции,negative_weak_signals_additional_300.csv,name_ru
ПО для автоматизации рабочих процессов,negative_weak_signals_additional_300.csv,technology_ru
Slync.io logistics-platform investor claims,negative_weak_signals_additional_300.csv,name_original
Заявление: терапия моноклональными антителами для лечение инфекционных заболеваний и рака,negative_weak_signals_additional_300.csv,name_ru
терапия моноклональными антителами,negative_weak_signals_additional_300.csv,technology_ru
CytoDyn biotech development claims,negative_weak_signals_additional_300.csv,name_original
