id,label,data_tier,label_status,review_status,snapshot_date,feature_schema_version,technology_group_id,domain_original,domain_ru,technology_original,technology_ru,application_original,application_ru,name_original,name_ru,original_language,search_query,primary_source_title_original,primary_source_url,primary_source_crossref_id,primary_source_doi,primary_source_date,primary_source_date_precision,primary_source_language,primary_source_publisher,source_evidence_excerpt_original,source_match_method,source_countries,source_relevance_score,science_sample_size,science_count_scope,selection_rule,evidence_note,patent_search_status,patent_source_title_original,patent_source_url,patent_publication_number,patent_publication_date,patent_assignee,patent_evidence_snippet_original,media_search_status,media_source_title_original,media_source_url,media_source_date,media_source_publisher,media_evidence_snippet_original,official_source_title_original,official_source_url,official_source_date,funding_source_title_original,funding_source_url,funding_source_date,funding_amount_original,deployment_source_title_original,deployment_source_url,deployment_source_date,technology_media_search_status,technology_media_source_title_original,technology_media_source_url,technology_media_source_date,technology_media_source_publisher,technology_official_source_url,technology_funding_source_title_original,technology_funding_source_url,technology_funding_source_date,technology_funding_amount_original,technology_context_scope,stage_research,stage_poc,stage_pilot,stage_early_adoption,stage_scaling_or_mature,first_evidence_age_years,first_commercial_event_age_years,verified_pilots_log_24m,production_deployments_log,commercial_vendor_count_log,named_customer_count_log,final_standard_flag,regulatory_precursor_count,procurement_presence,mass_market_flag,papers_log_3y,paper_growth_2y,paper_acceleration,paper_volume_percentile_domain,citation_velocity_median,preprint_share_2y,institution_count_log_3y,industry_affiliation_share_3y,science_country_count_log_3y,patent_families_log_3y,patent_growth_2y,patent_acceleration,patent_first_priority_age_years,patent_new_assignee_share_3y,patent_assignee_count_log_3y,patent_assignee_hhi_3y,patent_active_share,media_volume_normalized_12m,media_growth_6m,media_burstiness_12m,independent_media_domains_log_12m,press_release_share_12m,source_type_diversity,independent_high_trust_source_count_log,unverifiable_source_share,source_organization_hhi,funding_log_24m,funding_growth_24m,funding_round_count_24m,early_stage_funding_share,strategic_investor_count,funding_company_hhi,public_grants_log_36m,marketing_claim_density,technical_term_density,claim_specificity,is_technology_flag,rebranding_similarity_to_mature,patent_to_paper_ratio,patent_minus_paper_growth,media_to_technical_evidence_ratio,cross_channel_confirmation_count,first_time_convergence_flag,missing_science,missing_patents,missing_media,missing_funding,missing_adoption
pos_33547b586230f516,1,bronze,provisional_positive,needs_human_review,2026-09-22,weak-signals-63-v2,tech_a2b4d55b7005,Edge AI,Edge,in-sensor computing,вычисления внутри сенсора,wearable health monitoring,носимого мониторинга здоровья,in-sensor computing for wearable health monitoring,вычисления внутри сенсора для носимого мониторинга здоровья,en,in-sensor computing wearable health monitoring,Flexible In-Sensor Computing Strain Sensor for Lower-Limb Gait Recognition,https://doi.org/10.3390/mi17060710,https://api.crossref.org/works/10.3390/mi17060710,https://doi.org/10.3390/mi17060710,2026-06-10,day,unknown,MDPI AG,"Flexible strain sensors have attracted considerable attention in gait recognition owing to their ability to adhere directly to the skin near joints and transduce local deformation. In existing work, however, sensor placement and orientation are largely determined by anatomical experience, while multi-channel classification still relies on back-end digital processors, whose power consumption and latency constrain system practicality in wearable scenarios. This paper presents an integrated design path that proceeds from skin-mechanics theory through sensor-layout optimization to analog-domain fr",title_or_abstract_terms,,0.883333,1,relevant_works_in_top_200_crossref_results,curated_application+crossref_title_abstract_term_overlap+recent_science,Crossref publication supports search-term overlap only; weak-signal status and exact application require expert review.,unavailable,,,,,,,no_relevant_result,,,,,,,,,,,,,,,,found,Achieving energy-efficient in-Sensor computing via ferroelectric reconfigurable homojunctions,https://www.eurekalert.org/news-releases/1138477,2026-08-02,www.eurekalert.org,,,,,,technology_only_not_application,1,0,0,0,0,0.285,,,,,,,,,,0.693147,0.693147,0.693147,,0.0,0.0,,,,,,,,,,,,,,,,,1,,,,,,,,,,,0.0,0.018349,1.0,,,,,,0,,0,1,1,1,1
pos_58e82d472f555273,1,bronze,provisional_positive,needs_human_review,2026-09-22,weak-signals-63-v2,tech_6fea4324339f,Biotechnology,Биотехнологии и медицина,organoid intelligence,органоидный интеллект,drug screening,скрининга лекарств,organoid intelligence for drug screening,органоидный интеллект для скрининга лекарств,en,organoid intelligence drug screening,Artificial Intelligence Virtual Organoid Laboratories (AIVO-Labs),https://doi.org/10.36922/or025520040,https://api.crossref.org/works/10.36922/or025520040,https://doi.org/10.36922/or025520040,2026-09-21,day,unknown,AccScience Publishing,"Organoids reproduce important tissue features, but variability in biomaterials and culture, labor-intensive workflows, limited standardization, and predominantly endpoint readouts constrain reproducibility and longitudinal interpretation. We propose Artificial Intelligence Virtual Organoid Laboratories (AIVO-Labs), a closed-loop experimental paradigm that couples physical organoid experiments with Artificial Intelligence Virtual Organoids (AIVOs) as continuously updated digital twins. Unlike an AIVO, which represents an individual organoid-scale computational counterpart, an AIVO-Lab is a labo",title_or_abstract_terms,,1.0,12,relevant_works_in_top_200_crossref_results,curated_application+crossref_title_abstract_term_overlap+recent_science,Crossref publication supports search-term overlap only; weak-signal status and exact application require expert review.,unavailable,,,,,,,found,Automated Organoid Screening Platform For Drug Discovery and Precision Medicine,https://cordis.europa.eu/project/id/101329292,2026-07-09,cordis.europa.eu,"The total amount of money invested in the project. The total cost includes EU contribution as well as other project costs not covered by EU funding. It is expressed in euros. Amount of money, by way ...",Automated Organoid Screening Platform For Drug Discovery and Precision Medicine,https://cordis.europa.eu/project/id/101329292,2026-07-09,,,,,,,,found,Organoid Intelligence Market - Global Forecast to 2036; Biological Computing and Brain Organoids Drive Growth,https://finance.yahoo.com/technology/ai/articles/organoid-intelligence-market-global-forecast-110200493.html,2026-09-10,finance.yahoo.com,,,,,,technology_only_not_application,0,0,0,1,0,2.24,,,,,,,,,,2.564949,1.791759,1.098612,,0.0,0.090909,,,,,,,,,,,,,,,,,2,,,,,,,,,,,1.191895,0.015495,0.583333,,,,,,1,,0,1,1,1,1
pos_bdcc86856a3e49b3,1,bronze,provisional_positive,needs_human_review,2026-09-22,weak-signals-63-v2,tech_914ccf8d83e7,AI security,Защита ИИ,memory poisoning defense for AI agents,защита памяти ИИ-агентов от отравления,defense systems,оборонных систем,memory poisoning defense for AI agents for defense systems,защита памяти ИИ-агентов от отравления для оборонных систем,en,memory poisoning defense for AI agents defense systems,"SECURITY THREATS TO AI AGENTS: REVIEW ON THREATS, DEFENSE STRATEGIES AND THREAT MODELLING",https://doi.org/10.29121/digisecforensics.v3.i1.2026.98,https://api.crossref.org/works/10.29121/digisecforensics.v3.i1.2026.98,https://doi.org/10.29121/digisecforensics.v3.i1.2026.98,2026-06-06,day,unknown,Granthaalayah Publications and Printers,"The analysis has shown that currently available defense mechanisms against various types of security threats associated with artificial intelligence agents are limited and insufficient in nature; therefore, a systems security approach is required to address artificial intelligence agent security issues by considering architectural safeguards, standard evaluation benchmarks, better management of memories and tool usage in artificial intelligence agents, and better alignment of security requirements with governance requirements.",same_abstract_sentence,,1.0,5,relevant_works_in_top_200_crossref_results,curated_application+crossref_title_abstract_term_overlap+recent_science,Crossref publication supports search-term overlap only; weak-signal status and exact application require expert review.,unavailable,,,,,,,no_relevant_result,,,,,,,,,,,,,,,,found,The memory problem holding back AI security agents,https://www.computing.co.uk/feature/2026/the-memory-problem-holding-back-ai-security-agents,2026-07-08,www.computing.co.uk,,,,,,technology_only_not_application,0,0,0,1,0,0.723,,,,,,,,,,1.791759,1.791759,1.791759,,0.0,0.8,,,,,,,,,,,,,,,,,1,,,,,,,,,,,0.0,0.003828,0.6,,,,,,1,,0,1,1,1,1
pos_309e008288e317b5,1,bronze,provisional_positive,needs_human_review,2026-09-22,weak-signals-63-v2,tech_2821e567cd98,Industrial AI,Индустриальный ИИ,reinforcement learning on industrial controllers,обучение с подкреплением на промышленных контроллерах,cement production,производства цемента,reinforcement learning on industrial controllers for cement production,обучение с подкреплением на промышленных контроллерах для производства цемента,en,reinforcement learning on industrial controllers cement production,Intelligent Temperature Control of a Cement Calciner Outlet Based on Deep Reinforcement Learning: A Comparative Study with Rule-Based and Model Predictive Controllers,https://doi.org/10.2139/ssrn.7493738,https://api.crossref.org/works/10.2139/ssrn.7493738,https://doi.org/10.2139/ssrn.7493738,2026-01-01,year,unknown,Elsevier BV,"Precise temperature regulation at the calciner outlet is essential for clinker quality, thermal efficiency, and operational safety in modern dry-process cement production. However, the calciner exhibits strong nonlinearity, large thermal inertia, and time-varying dynamics caused by coal quality fluctuations and raw feed disturbances, posing a formidable challenge for conventional control strategies. This paper constructs a configurable simulation environment supporting linear, quadratic, and saturation-type thermal dynamic models and implements three fundamentally different controllers---a rul",title_or_abstract_terms,,1.0,1,relevant_works_in_top_200_crossref_results,curated_application+crossref_title_abstract_term_overlap+recent_science,Crossref publication supports search-term overlap only; weak-signal status and exact application require expert review.,unavailable,,,,,,,no_relevant_result,,,,,,,,,,,,,,,,found,“Reinforcement Learning” Fuels the Rise of Adaptive Controllers (Download),https://www.electronicdesign.com/technologies/industrial/document/55361687/reinforcement-learning-fuels-the-rise-of-adaptive-controllers-download,2026-03-03,www.electronicdesign.com,,,,,,technology_only_not_application,1,0,0,0,0,0.723,,,,,,,,,,0.693147,0.693147,0.693147,,0.0,1.0,,,,,,,,,,,,,,,,,1,,,,,,,,,,,4.524887,0.045249,1.0,,,,,,0,,0,1,1,1,1
pos_45b68a2915b7ac0a,1,bronze,provisional_positive,needs_human_review,2026-09-22,weak-signals-63-v2,tech_c4d4a95e99c6,AI infrastructure,Инфраструктура ИИ,neuromorphic processors,нейроморфные процессоры,large-scale recommendation systems,крупномасштабных рекомендательных систем,neuromorphic processors for large-scale recommendation systems,нейроморфные процессоры для крупномасштабных рекомендательных систем,en,neuromorphic processors large-scale recommendation systems,Fractal elements and topologies as a solution to the scalability of photonic neuromorphic processors,https://doi.org/10.18469/1810-3189.2026.29.1.91-124,https://api.crossref.org/works/10.18469/1810-3189.2026.29.1.91-124,https://doi.org/10.18469/1810-3189.2026.29.1.91-124,2026-03-31,day,unknown,Povolzhskiy State University of Telecommunications and Informatics,"The main recommendation for designing large-scale processors is to use a deterministic hierarchical implementation of the «small-world network» or «engineered fractals», which allows combining logarithmic latency scaling, high fault tolerance, and technological implementability in planar integrated photonics.",same_abstract_sentence,,1.0,1,relevant_works_in_top_200_crossref_results,curated_application+crossref_title_abstract_term_overlap+recent_science,Crossref publication supports search-term overlap only; weak-signal status and exact application require expert review.,unavailable,,,,,,,no_relevant_result,,,,,,,,,,,,,,,,found,Why Is Microchip Technology (MCHP) Getting Fresh Edge AI Validation?,https://uk.finance.yahoo.com/news/why-microchip-technology-mchp-getting-031710426.html,2026-09-18,uk.finance.yahoo.com,,,,,,technology_only_not_application,1,0,0,0,0,0.479,,,,,,,,,,0.693147,0.693147,0.693147,,0.0,0.0,,,,,,,,,,,,,,,,,1,,,,,,,,,,,0.0,0.032432,0.0,,,,,,0,,0,1,1,1,1
pos_339f3c74df08a461,1,bronze,provisional_positive,needs_human_review,2026-09-22,weak-signals-63-v2,tech_b3c29b1ce239,Quantum technology,Квантовые технологии,neutral-atom quantum processors,квантовые процессоры на нейтральных атомах,electric grid optimization,оптимизации электрических сетей,neutral-atom quantum processors for electric grid optimization,квантовые процессоры на нейтральных атомах для оптимизации электрических сетей,en,neutral-atom quantum processors electric grid optimization,Implementing transferable annealing protocols for combinatorial optimization on neutral-atom quantum processors: A case study on smart charging of electric vehicles,https://doi.org/10.1103/physreva.111.032611,https://api.crossref.org/works/10.1103/physreva.111.032611,https://doi.org/10.1103/physreva.111.032611,2025-03-18,day,unknown,American Physical Society (APS),Implementing transferable annealing protocols for combinatorial optimization on neutral-atom quantum processors: A case study on smart charging of electric vehicles,title_terms_only,,0.883333,1,relevant_works_in_top_200_crossref_results,curated_application+crossref_title_abstract_term_overlap+recent_science,Crossref publication supports search-term overlap only; weak-signal status and exact application require expert review.,unavailable,,,,,,,no_relevant_result,,,,,,,,,,,,,,,,found,"Fast, continuous, and coherent atom reloading in a neutral-atom qubit array",https://www.science.org/doi/10.1126/science.adz9952,2026-09-16,www.science.org,,,,,,technology_only_not_application,1,0,0,0,0,1.514,,,,,,,,,,0.693147,0.693147,0.693147,,0.388889,0.0,,,,,,,,,,,,,,,,,1,,,,,,,,,,,0.0,0.052632,0.0,,,,,,0,,0,1,1,1,1
pos_dae3ff2a3c20ece9,1,bronze,provisional_positive,needs_human_review,2026-09-22,weak-signals-63-v2,tech_a3e80da2a70e,Space and ocean,Космос и океан,autonomous underwater sensor networks,автономные подводные сенсорные сети,ocean carbon monitoring,мониторинга углерода в океане,autonomous underwater sensor networks for ocean carbon monitoring,автономные подводные сенсорные сети для мониторинга углерода в океане,en,autonomous underwater sensor networks ocean carbon monitoring,"Autonomous Underwater Vehicle–Enabled Data Collection for Underwater Wireless Sensor Networks: A Systematic Taxonomy, Protocol Review, and Open Challenges",https://doi.org/10.20944/preprints202605.1576.v1,https://api.crossref.org/works/10.20944/preprints202605.1576.v1,https://doi.org/10.20944/preprints202605.1576.v1,2026-05-25,day,unknown,MDPI AG,"Autonomous Underwater Vehicles (AUVs) have emerged as an effective solution for data collection in Underwater Wireless Sensor Networks (UWSNs), addressing fundamental limitations of acoustic communication such as limited bandwidth, long propagation delays, and high error rates. By moving close to each sensor node for direct data retrieval, AUVs improve energy balance, extend network lifetime, and enhance coverage flexibility. However, AUV-assisted data collection introduces complex challenges, including trajectory optimization under energy, latency, and coverage constraints, as well as robustn",title_or_abstract_terms,,0.883333,2,relevant_works_in_top_200_crossref_results,curated_application+crossref_title_abstract_term_overlap+recent_science,Crossref publication supports search-term overlap only; weak-signal status and exact application require expert review.,unavailable,,,,,,,found,"Underwater Wireless Communication and Networking: Towards Scalable, Resilient, and Green Solutions",https://www.nature.com/collections/higgaabaji,2026-02-27,www.nature.com,"The rapid expansion of underwater wireless networks is critical for ocean monitoring, environmental protection, resource exploration, and autonomous maritime operations. Unlike terrestrial wireless ...",,,,,,,,,,,found,"Nauticus Robotics, Inc. and Strangeworks Collaborate on AI-Optimized Deployment of Undersea Fiber-Optic Sensing Networks",https://www.morningstar.com/news/pr-newswire/20260804da18576/nauticus-robotics-inc-and-strangeworks-collaborate-on-ai-optimized-deployment-of-undersea-fiber-optic-sensing-networks,2026-08-04,www.morningstar.com,,,,,,technology_only_not_application,0,0,0,1,0,4.057,,,,,,,,,,0.693147,0.693147,1.386294,,0.0,1.0,,,,,,,,,,,,,,,,,2,,,,,,,,,,,0.0,0.031579,1.0,,,,,,0,,0,1,1,1,1
pos_b004fd6bfd51f427,1,bronze,provisional_positive,needs_human_review,2026-09-22,weak-signals-63-v2,tech_a003fd430bcf,Advanced materials,Передовые материалы,self-healing electronic skin,самовосстанавливающаяся электронная кожа,soft robotic systems,мягких робототехнических систем,self-healing electronic skin for soft robotic systems,самовосстанавливающаяся электронная кожа для мягких робототехнических систем,en,self-healing electronic skin soft robotic systems,Self-Healing Soft Robotic Systems with Graphene and Graphene Oxide Based E-Skin,https://doi.org/10.24107/ijeas.1826935,https://api.crossref.org/works/10.24107/ijeas.1826935,https://doi.org/10.24107/ijeas.1826935,2026-06-30,day,unknown,International Journal of Engineering and Applied Sciences,"In this work, graphene- and GO-based self-healing e-skin systems for soft robotics are evaluated and compared.",same_abstract_sentence,,1.0,2,relevant_works_in_top_200_crossref_results,curated_application+crossref_title_abstract_term_overlap+recent_science,Crossref publication supports search-term overlap only; weak-signal status and exact application require expert review.,unavailable,,,,,,,no_relevant_result,,,,,,,,,,,,,,,,found,New electronic skin brings self-healing sensors to underwater robots and divers,https://www.msn.com/en-us/news/technology/new-electronic-skin-brings-self-healing-sensors-to-underwater-robots-and-divers/ar-AA28jqaC,2026-07-20,www.msn.com,,,,,,technology_only_not_application,1,0,0,0,0,5.054,,,,,,,,,,0.693147,0.693147,1.386294,,0.0,0.0,,,,,,,,,,,,,,,,,1,,,,,,,,,,,0.0,0.013363,0.5,,,,,,0,,0,1,1,1,1
pos_d79623156ecf17fa,1,bronze,provisional_positive,needs_human_review,2026-09-22,weak-signals-63-v2,tech_6ab05e4d6d0f,Пищевые и агротехнологии,Пищевые и агротехнологии,fermentación de precisión,прецизионная ферментация,proteínas alternativas,альтернативных белков,fermentación de precisión para proteínas alternativas,прецизионная ферментация для альтернативных белков,es,fermentación de precisión proteínas alternativas,"Proteínas Alternativas Sostenibles: Insectos, Algas y Fermentación de Precisión",https://doi.org/10.65011/prismaods.v5.i2.222,https://api.crossref.org/works/10.65011/prismaods.v5.i2.222,https://doi.org/10.65011/prismaods.v5.i2.222,2026-05-05,day,unknown,Latin American Institute for Sustainable Development,"La insostenibilidad actual del sistema alimentario mundial compromete la seguridad alimentaria y el cumplimiento de la Agenda 2030. La presente revisión analiza el potencial nutricional, el impacto ambiental y los desafíos de los insectos, las algas y la fermentación de precisión como posibles soluciones que se alinean con los Objetivos de Desarrollo Sostenible (ODS). A través de la metodología PRISMA se seleccionaron 21 artículos publicados entre 2020 y 2025 en bases de datos como PubMed, MPDI y Google Schorlar, priorizando estudios sobre calidad nutricional y sostenibilidad. Los hallazgos mu",title_or_abstract_terms,,1.0,2,relevant_works_in_top_200_crossref_results,curated_application+crossref_title_abstract_term_overlap+recent_science,Crossref publication supports search-term overlap only; weak-signal status and exact application require expert review.,unavailable,,,,,,,found,Un informe propone incluir las proteínas alternativas en la dieta mediterránea para reducir el consumo de procesados,https://www.infobae.com/america/agencias/2025/10/09/un-informe-propone-incluir-las-proteinas-alternativas-en-la-dieta-mediterranea-para-reducir-el-consumo-de-procesados/,2025-10-09,www.infobae.com,"El Good Food Institute (GFI) Europe ha recomendado a las administraciones españolas que incluyan las proteínas alternativas -productos de origen vegetal, ingredientes obtenidos mediante fermentación y ...",,,,,,,,,,,found,Científicos estiman que la leche fermentada con precisión podría usar un 96% menos de tierra,https://dairynews.today/es/news/cient_ficos_estiman_que_la_leche_fermentada_con_precisi_n_podr_a_usar_un_96_menos_de_tierra_8156444.html,2026-09-18,dairynews.today,,,,,,technology_only_not_application,1,0,0,0,0,1.722,,,,,,,,,,1.098612,1.098612,1.098612,,0.0,0.0,,,,,,,,,,,,,,,,,2,,,,,,,,,,,0.0,0.0,0.0,,,,,,1,,0,1,1,1,1
pos_98cd289c70b93b8e,1,bronze,provisional_positive,needs_human_review,2026-09-22,weak-signals-63-v2,tech_910b8457fe7f,Robotics,Роботы,electrohydraulic soft actuators,электрогидравлические мягкие приводы,flexible manufacturing,гибкого производства,electrohydraulic soft actuators for flexible manufacturing,электрогидравлические мягкие приводы для гибкого производства,en,electrohydraulic soft actuators flexible manufacturing,Microfabrication of Soft Millirobots Propelled by Low Voltage Electrohydraulic Actuators,https://doi.org/10.1002/admt.71249,https://api.crossref.org/works/10.1002/admt.71249,https://doi.org/10.1002/admt.71249,2026-08-12,day,unknown,Wiley,"Scaling down electrohydraulic actuators, such as HASELs, from cm‐scale to mm‐scale requires a complete change in manufacturing methods, switching from laser patterning and film lamination to MEMS‐like cleanroom processes.",same_abstract_sentence,,1.0,8,relevant_works_in_top_200_crossref_results,curated_application+crossref_title_abstract_term_overlap+recent_science,Crossref publication supports search-term overlap only; weak-signal status and exact application require expert review.,unavailable,,,,,,,no_relevant_result,,,,,,,,,,,,,,,,found,Soft Electrohydraulic Actuators with Intrinsic Electroadhesion,https://www.nature.com/nature-index/article/10.1109/iros60139.2025.11246248,2025-10-24,www.nature.com,https://www.colorado.edu/mechanical/taxonomy/term/217,,,,,technology_only_not_application,0,0,0,1,0,6.7,,,,,,,,,,1.609438,1.609438,2.995732,,0.0,0.25,,,,,,,,,,,,,,,,,1,,,,,,,,,,,0.0,0.00853,0.75,,,,,,1,,0,1,1,1,1
pos_700a66c455d8c9a4,1,bronze,provisional_positive,needs_human_review,2026-09-22,weak-signals-63-v2,tech_5b2a1cc5338a,Fintech,Финтех,tokenized commercial bank deposits,токенизированные депозиты коммерческих банков,programmable settlement,программируемых расчётов,tokenized commercial bank deposits for programmable settlement,токенизированные депозиты коммерческих банков для программируемых расчётов,en,tokenized commercial bank deposits programmable settlement,Deposits Without Law: Completing the Legal Architecture of Tokenized Deposits,https://doi.org/10.2139/ssrn.7213558,https://api.crossref.org/works/10.2139/ssrn.7213558,https://doi.org/10.2139/ssrn.7213558,2026-01-01,year,unknown,Elsevier BV,"Yet tokenized deposits differ from conventional deposits in important respects: they are programmable, can settle atomically on distributed ledgers, and may be transferred by artificial intelligence agents acting without contemporaneous human intervention.",same_abstract_sentence,,1.0,5,relevant_works_in_top_200_crossref_results,curated_application+crossref_title_abstract_term_overlap+recent_science,Crossref publication supports search-term overlap only; weak-signal status and exact application require expert review.,unavailable,,,,,,,no_relevant_result,,,,,,,,,,,,,,,,found,Wells Fargo to launch tokenized deposits for corporate clients,https://techannouncer.com/tokenized-deposits-wells-fargo-corporate-launch/,2026-09-17,techannouncer.com,,,,,,technology_only_not_application,0,0,0,1,0,0.723,,,,,,,,,,1.791759,1.791759,1.791759,,0.0,0.8,,,,,,,,,,,,,,,,,1,,,,,,,,,,,0.0,0.001745,0.2,,,,,,1,,0,1,1,1,1
pos_1ae17e5008aac12e,1,bronze,provisional_positive,needs_human_review,2026-09-22,weak-signals-63-v2,tech_4fe743e76c48,Энергетика и климат,Энергетика и климат,натрий-ионные аккумуляторы,натрий-ионные аккумуляторы,накопления энергии,накопления энергии,натрий-ионные аккумуляторы для накопления энергии,натрий-ионные аккумуляторы для накопления энергии,ru,натрий-ионные аккумуляторы накопления энергии,ОПТИМИЗАЦИЯ СИСТЕМ НАКОПЛЕНИЯ ЭНЕРГИИ ДЛЯ СОЛНЕЧНЫХ ЭЛЕКТРОСТАНЦИЙ НА ОСНОВЕ НАТРИЙ-ИОННЫХ АККУМУЛЯТОРОВ,https://doi.org/10.48081/lkrt3596,https://api.crossref.org/works/10.48081/lkrt3596,https://doi.org/10.48081/lkrt3596,2025-12-30,day,unknown,Toraighyrov University,"Актуальность исследования обусловлена необходимостью повышения стабильности и эффективности функционирования солнечных электростанций в условиях неравномерной генерации электроэнергии. В современных энергетических системах, ориентированных на декарбонизацию и расширение доли возобновляемых источников энергии, возрастает значение интеграции накопителей, способных сглаживать суточные и сезонные колебания выработки. В этом контексте натрий-ионные аккумуляторы рассматриваются как экономически и технологически перспективная альтернатива традиционным литий-ионным системам, особенно с точки зрения сн",title_or_abstract_terms,,1.0,1,relevant_works_in_top_200_crossref_results,curated_application+crossref_title_abstract_term_overlap+recent_science,Crossref publication supports search-term overlap only; weak-signal status and exact application require expert review.,unavailable,,,,,,,found,Автопроизводители бросились в рынок энергосистем: GM делает ставку на натрий-ионные батареи для ...,https://www.ixbt.com/news/2026/06/11/avtoproizvoditeli-brosilis-v-rynok-jenergosistem-gm-delaet-stavku-na-natrijionnye-batarei-dlja-datacentrov-i-zavodov.html,2026-06-10,www.ixbt.com,"General Motors расширяет бизнес за пределы автомобилей, развивая технологии накопления энергии для дата-центров и промышленности на фоне ...",,,,,,,,,,,found,Натрий-ионные аккумуляторы начнут производить в Красноярском крае,https://news.mail.ru/economics/69970799/,2026-02-27,news.mail.ru,,,,,,technology_only_not_application,1,0,0,0,0,0.728,,,,,,,,,,0.693147,0.693147,0.693147,,0.0,0.0,,,,,,,,,,,,,,,,,2,,,,,,,,,,,0.0,0.0,0.0,,,,,,0,,0,1,1,1,1
pos_e7e42e1ef93fc4b3,1,bronze,provisional_positive,needs_human_review,2026-09-22,weak-signals-63-v2,tech_96a74772ba5b,Edge AI,Edge,event-based vision sensors,событийные сенсоры машинного зрения,factory machine monitoring,мониторинга промышленного оборудования,event-based vision sensors for factory machine monitoring,событийные сенсоры машинного зрения для мониторинга промышленного оборудования,en,event-based vision sensors factory machine monitoring,Event-Based Machine Vision for Edge AI Computing,https://doi.org/10.3390/s26030935,https://api.crossref.org/works/10.3390/s26030935,https://doi.org/10.3390/s26030935,2026-02-01,day,unknown,MDPI AG,"This paper presents an event-based machine vision framework for smart-home AIoT that couples a Dynamic Vision Sensor (DVS) with compute-efficient algorithms for (i) human/object detection, (ii) 2D human pose estimation, (iii) hand posture recognition for human–machine interfaces.",same_abstract_sentence,,0.883333,1,relevant_works_in_top_200_crossref_results,curated_application+crossref_title_abstract_term_overlap+recent_science,Crossref publication supports search-term overlap only; weak-signal status and exact application require expert review.,unavailable,,,,,,,no_relevant_result,,,,,,,,,,,,,,,,found,Event-Based Cameras: Why Machine Vision Is Moving Beyond Frames,https://www.azosensors.com/article.aspx?ArticleID=3364,2026-09-09,www.azosensors.com,,,,,,technology_only_not_application,1,0,0,0,0,0.638,,,,,,,,,,0.693147,0.693147,0.693147,,0.571429,0.0,,,,,,,,,,,,,,,,,1,,,,,,,,,,,0.0,0.021186,1.0,,,,,,0,,0,1,1,1,1
pos_681bca3de78ad03e,1,bronze,provisional_positive,needs_human_review,2026-09-22,weak-signals-63-v2,tech_a2bd4124bb6f,Biotechnology,Биотехнологии и медицина,magnetically guided medical microrobots,магнитоуправляемые медицинские микророботы,targeted drug delivery,адресной доставки лекарств,magnetically guided medical microrobots for targeted drug delivery,магнитоуправляемые медицинские микророботы для адресной доставки лекарств,en,magnetically guided medical microrobots targeted drug delivery,Laser‐Guided Self‐Rolled Magnetic Microrobots for Targeted Biofilm Eradication in Severely Infected Medical Stents,https://doi.org/10.1002/smll.74469,https://api.crossref.org/works/10.1002/smll.74469,https://doi.org/10.1002/smll.74469,2026-07-14,day,unknown,Wiley,"Here, a laser‐guided self‐assembly strategy is developed to assemble tubular magnetic micromotors from high‐entropy alloy/polyimide (HEA/PI) bilayers for hydrogel‐based drug delivery and biofilm eradication inside implantable medical tubes.",same_abstract_sentence,,1.0,5,relevant_works_in_top_200_crossref_results,curated_application+crossref_title_abstract_term_overlap+recent_science,Crossref publication supports search-term overlap only; weak-signal status and exact application require expert review.,unavailable,,,,,,,found,"Sperm Cells Transformed Into Microrobots for Drug Delivery, Diagnostics",https://www.technologynetworks.com/informatics/news/sperm-cells-transformed-into-microrobots-for-drug-delivery-diagnostics-404349,2025-09-03,www.technologynetworks.com,"A team of researchers at the TechMed Centre of the University of Twente has transformed real sperm cells into tiny, magnetically controlled microrobots. These sperm bots can now be tracked in real ...",,,,,,,,,,,found,Liquid Metal Microrobots for Magnetically Guided Transvascular Navigation,https://www.nature.com/nature-index/article/10.1002/adma.202518382,2025-12-18,www.nature.com,,,,,,technology_only_not_application,1,0,0,0,0,4.189,,,,,,,,,,1.609438,1.609438,2.302585,,0.444444,0.0,,,,,,,,,,,,,,,,,2,,,,,,,,,,,0.980392,0.0,1.0,,,,,,1,,0,1,1,1,1
pos_5a1d96130c03419f,1,bronze,provisional_positive,needs_human_review,2026-09-22,weak-signals-63-v2,tech_ca6c013b1e26,AI security,Защита ИИ,AI model provenance and software bills of materials,провенанс моделей ИИ и ведомости компонентов,autonomous software engineering,автономной разработки программного обеспечения,AI model provenance and software bills of materials for autonomous software engineering,провенанс моделей ИИ и ведомости компонентов для автономной разработки программного обеспечения,en,AI model provenance and software bills of materials autonomous software engineering,Operationalising artificial intelligence bills of materials for verifiable AI provenance and lifecycle assurance,https://doi.org/10.3389/fcomp.2026.1735919,https://api.crossref.org/works/10.3389/fcomp.2026.1735919,https://doi.org/10.3389/fcomp.2026.1735919,2026-01-21,day,unknown,Frontiers Media SA,"Existing software bills of materials inadequately capture AI-specific artefacts such as model lineage, training provenance, and disclosure metadata, limiting verifiable lifecycle governance.",same_abstract_sentence,,1.0,2,relevant_works_in_top_200_crossref_results,curated_application+crossref_title_abstract_term_overlap+recent_science,Crossref publication supports search-term overlap only; weak-signal status and exact application require expert review.,unavailable,,,,,,,no_relevant_result,,,,,,,,,,,,,,,,no_relevant_result,,,,,,,,,,,1,0,0,0,0,0.723,,,,,,,,,,1.098612,1.098612,1.098612,,0.0625,0.5,,,,,,,,,,,,,,,,,1,,,,,,,,,,,0.0,0.004124,0.5,,,,,,1,,0,1,1,1,1
pos_e92a15010fb0e187,1,bronze,provisional_positive,needs_human_review,2026-09-22,weak-signals-63-v2,tech_a6b70ed883c6,Industrial AI,Индустриальный ИИ,foundation models for industrial time series,фундаментальные модели промышленных временных рядов,oil and gas operations,нефтегазовых операций,foundation models for industrial time series for oil and gas operations,фундаментальные модели промышленных временных рядов для нефтегазовых операций,en,foundation models for industrial time series oil and gas operations,Forecasting Oil Production with Time-Series Foundation Models - A Benchmark Study Against Classical Machine Learning Models,https://doi.org/10.2118/228014-ms,https://api.crossref.org/works/10.2118/228014-ms,https://doi.org/10.2118/228014-ms,2025-10-13,day,unknown,SPE,"In this study, we benchmark a wide range of data-driven forecasting models, including classical machine learning, deep learning, and time series foundation models (TSFMs), on a real-world oil production dataset from a supergiant Middle Eastern reservoir.",same_abstract_sentence,,1.0,1,relevant_works_in_top_200_crossref_results,curated_application+crossref_title_abstract_term_overlap+recent_science,Crossref publication supports search-term overlap only; weak-signal status and exact application require expert review.,unavailable,,,,,,,no_relevant_result,,,,,,,,,,,,,,,,no_relevant_result,,,,,,,,,,,0,0,0,1,0,0.942,,,,,,,,,,0.693147,0.693147,0.693147,,0.090909,0.0,,,,,,,,,,,,,,,,,1,,,,,,,,,,,0.0,0.024169,1.0,,,,,,0,,0,1,1,1,1
pos_e26fe19a248821d3,1,bronze,provisional_positive,needs_human_review,2026-09-22,weak-signals-63-v2,tech_91dbb677cb4a,AI infrastructure,Инфраструктура ИИ,photonic neural accelerators,фотонные нейросетевые ускорители,low-energy AI data centers,энергоэффективных центров обработки данных ИИ,photonic neural accelerators for low-energy AI data centers,фотонные нейросетевые ускорители для энергоэффективных центров обработки данных ИИ,en,photonic neural accelerators low-energy AI data centers,Reconfigurable photonic neural networks: distribution-aligned calibration and dynamic resource allocation for high-performance optical computing accelerators,https://doi.org/10.1364/oe.574781,https://api.crossref.org/works/10.1364/oe.574781,https://doi.org/10.1364/oe.574781,2025-10-17,day,unknown,Optica Publishing Group,"Photonic computing—offering large bandwidth, low energy consumption, and sub-nanosecond latency—has therefore emerged as a promising paradigm for large-scale AI deployment.",same_abstract_sentence,,0.9125,6,relevant_works_in_top_200_crossref_results,curated_application+crossref_title_abstract_term_overlap+recent_science,Crossref publication supports search-term overlap only; weak-signal status and exact application require expert review.,unavailable,,,,,,,no_relevant_result,,,,,,,,,,,,,,,,found,Photonic Neural Network Architectures for Energy-Efficient Computing,https://www.nature.com/nature-index/topics/l4/photonic-neural-network-architectures-for-energy-efficient-computing,2026-04-30,www.nature.com,,,,,,technology_only_not_application,0,0,0,1,0,4.545,,,,,,,,,,1.609438,0.287682,-0.117783,,0.090909,0.0,,,,,,,,,,,,,,,,,1,,,,,,,,,,,0.0,0.050497,1.0,,,,,,1,,0,1,1,1,1
pos_3c83c6caf83b4b0a,1,bronze,provisional_positive,needs_human_review,2026-09-22,weak-signals-63-v2,tech_ede8d125952f,Quantum technology,Квантовые технологии,quantum repeater networks,сети квантовых повторителей,quantum chemistry,квантовой химии,quantum repeater networks for quantum chemistry,сети квантовых повторителей для квантовой химии,en,quantum repeater networks quantum chemistry,Stochastic multipath routing for high-throughput entanglement distribution in quantum repeater networks,https://doi.org/10.1103/y3cj-jv95,https://api.crossref.org/works/10.1103/y3cj-jv95,https://doi.org/10.1103/y3cj-jv95,2026-09-01,day,unknown,American Physical Society (APS),Stochastic multipath routing for high-throughput entanglement distribution in quantum repeater networks,title_terms_only,,0.825,142,relevant_works_in_top_200_crossref_results,curated_application+crossref_title_abstract_term_overlap+recent_science,Crossref publication supports search-term overlap only; weak-signal status and exact application require expert review.,unavailable,,,,,,,no_relevant_result,,,,,,,,,,,,,,,,found,Chinese researchers demonstrate scalable quantum repeater for fiber networks,https://www.sdxcentral.com/news/chinese-researchers-demonstrate-scalable-quantum-repeater-for-fiber-networks/,2026-02-12,www.sdxcentral.com,,,,,,technology_only_not_application,0,0,0,1,0,8.449,,,,,,,,,,4.442651,0.791587,0.756496,,0.0,0.079365,,,,,,,,,,,,,,,,,1,,,,,,,,,,,0.0,0.065512,0.119718,,,,,,1,,0,1,1,1,1
pos_519f008b7511eb29,1,bronze,provisional_positive,needs_human_review,2026-09-22,weak-signals-63-v2,tech_a3e80da2a70e,Space and ocean,Космос и океан,autonomous underwater sensor networks,автономные подводные сенсорные сети,maritime security,морской безопасности,autonomous underwater sensor networks for maritime security,автономные подводные сенсорные сети для морской безопасности,en,autonomous underwater sensor networks maritime security,Machine Learning-Based Prediction System for Optimizing Underwater Wireless Sensor Networks,https://doi.org/10.17485/ijst/v19i13.127,https://api.crossref.org/works/10.17485/ijst/v19i13.127,https://doi.org/10.17485/ijst/v19i13.127,2026-04-17,day,unknown,Indian Society for Education and Environment,"The framework can find application in marine ecosystems, underwater pipeline inspection, disaster prediction and maritime security operations due to these capabilities.",same_abstract_sentence,,0.8375,9,relevant_works_in_top_200_crossref_results,curated_application+crossref_title_abstract_term_overlap+recent_science,Crossref publication supports search-term overlap only; weak-signal status and exact application require expert review.,unavailable,,,,,,,found,Autonomous Underwater Vehicle (AUV) Market Report 2024-2034: Enhancing Border and Maritime Security Fueling Deployments with Advanced Design and Capabilities,https://uk.finance.yahoo.com/news/autonomous-underwater-vehicle-auv-market-121600976.html,2025-01-07,uk.finance.yahoo.com,"Dublin, Jan. 07, 2025 (GLOBE NEWSWIRE) -- The ""Autonomous Underwater Vehicle (AUV) Market Report 2024-2034"" report has been added to ResearchAndMarkets.com's offering. Overall world revenue for the ...",,,,,,,,,,,found,"Nauticus Robotics, Inc. and Strangeworks Collaborate on AI-Optimized Deployment of Undersea Fiber-Optic Sensing Networks",https://www.morningstar.com/news/pr-newswire/20260804da18576/nauticus-robotics-inc-and-strangeworks-collaborate-on-ai-optimized-deployment-of-undersea-fiber-optic-sensing-networks,2026-08-04,www.morningstar.com,,,,,,technology_only_not_application,0,0,0,1,0,8.142,,,,,,,,,,1.609438,0.693147,1.098612,,0.0,0.333333,,,,,,,,,,,,,,,,,2,,,,,,,,,,,0.0,0.036557,1.0,,,,,,1,,0,1,1,1,1
pos_969497c64330414d,1,bronze,provisional_positive,needs_human_review,2026-09-22,weak-signals-63-v2,tech_a003fd430bcf,Advanced materials,Передовые материалы,self-healing electronic skin,самовосстанавливающаяся электронная кожа,flexible medical devices,гибких медицинских устройств,self-healing electronic skin for flexible medical devices,самовосстанавливающаяся электронная кожа для гибких медицинских устройств,en,self-healing electronic skin flexible medical devices,Bio-Based Self-Healing Polyurethane Coatings for Electronic Skin: From Dynamic Network Design to Embodied Intelligent Applications,https://doi.org/10.3390/coatings16091042,https://api.crossref.org/works/10.3390/coatings16091042,https://doi.org/10.3390/coatings16091042,2026-09-03,day,unknown,MDPI AG,"Particular attention is paid to polyurethane coatings as protective and functional interface layers, where coating structure, adhesion, mechanical durability, and damage recovery determine the long-term reliability of electronic skin devices.",same_abstract_sentence,,0.883333,7,relevant_works_in_top_200_crossref_results,curated_application+crossref_title_abstract_term_overlap+recent_science,Crossref publication supports search-term overlap only; weak-signal status and exact application require expert review.,unavailable,,,,,,,found,"Self-Healing Electronic Material Developed, Paving the Way for E-Skin and Other Flexible Devices",https://www.dongascience.com/en/news/68825,2024-12-04,www.dongascience.com,It may contain inaccuracies due to the limitations of machine translation. A South Korean research team has developed a flexible electronic material that combines high mechanical strength with ...,,,,,,,,,,,found,New electronic skin brings self-healing sensors to underwater robots and divers,https://www.msn.com/en-us/news/technology/new-electronic-skin-brings-self-healing-sensors-to-underwater-robots-and-divers/ar-AA28jqaC,2026-07-20,www.msn.com,,,,,,technology_only_not_application,1,0,0,0,0,5.038,,,,,,,,,,1.609438,0.693147,1.386294,,0.0,0.0,,,,,,,,,,,,,,,,,2,,,,,,,,,,,0.0,0.003525,0.0,,,,,,1,,0,1,1,1,1
pos_8c4dfaa00aa8b741,1,bronze,provisional_positive,needs_human_review,2026-09-22,weak-signals-63-v2,tech_556ef07a633e,Food and agriculture,Пищевые и агротехнологии,precision fermentation,прецизионная ферментация,alternative dairy production,альтернативного производства молочных продуктов,precision fermentation for alternative dairy production,прецизионная ферментация для альтернативного производства молочных продуктов,en,precision fermentation alternative dairy production,Sustainable urban futures reimagined: technology-driven food production with precision fermentation,https://doi.org/10.3389/fsufs.2026.1736506,https://api.crossref.org/works/10.3389/fsufs.2026.1736506,https://doi.org/10.3389/fsufs.2026.1736506,2026-04-07,day,unknown,Frontiers Media SA,"In response to sustainability concerns, innovative technologies, such as Precision Fermentation, promise new and alternative dairy production methods.",same_abstract_sentence,,1.0,23,relevant_works_in_top_200_crossref_results,curated_application+crossref_title_abstract_term_overlap+recent_science,Crossref publication supports search-term overlap only; weak-signal status and exact application require expert review.,unavailable,,,,,,,manual_page_review,AuX Labs Secures $4M to Commercialize Precision Fermentation Cheese Platform,https://www.globenewswire.com/fr/news-release/2026/04/21/3278029/0/en/aux-labs-secures-4m-to-commercialize-precision-fermentation-cheese-platform.html,2026-04-21,GlobeNewswire (company statement),today announced the close of a $4 million funding round.,Dyadic Expands Commercial Non-Animal Dairy Pipeline Through New Strategic Development Agreement,https://dyadic.com/dyadic-expands-commercial-non-animal-dairy-pipeline-through-new-strategic-development-agreement/,2026-08-04,AuX Labs Secures $4M to Commercialize Precision Fermentation Cheese Platform,https://www.globenewswire.com/fr/news-release/2026/04/21/3278029/0/en/aux-labs-secures-4m-to-commercialize-precision-fermentation-cheese-platform.html,2026-04-21,$4M,,,,found,Scientists Estimate Precision-Fermented Milk Could Use 96% Less Land,https://dairynews.today/news/scientists_estimate_precision_fermented_milk_could_use_96_less_land_2406382.html,2026-09-18,dairynews.today,,,,,,technology_only_not_application,0,0,0,1,0,3.981,,,,,,,,,,3.044522,0.944462,-1.001449,,0.352941,0.117647,,,,,,,,,,,,,,,,,3,,,,,,,,,,,0.430385,0.0,0.391304,,,,,,1,,0,1,1,1,1
pos_0405cb15164c8af4,1,bronze,provisional_positive,needs_human_review,2026-09-22,weak-signals-63-v2,tech_e580e3ac250a,Robotics,Роботы,tactile vision-language-action models,тактильные vision-language-action модели,construction automation,автоматизации строительства,tactile vision-language-action models for construction automation,тактильные vision-language-action модели для автоматизации строительства,en,tactile vision-language-action models construction automation,Foundation Models for Construction Robotics: Transfer Learning and Vision-Language-Action Integration,https://doi.org/10.55041/ijsrem54814,https://api.crossref.org/works/10.55041/ijsrem54814,https://doi.org/10.55041/ijsrem54814,2025-12-25,day,unknown,Edtech Publishers (OPC) Private Limited,"Keywords: Foundation models, construction robotics, transfer learning, vision-language-action models, few-shot learning, RT-2, PaLM-E",same_abstract_sentence,,0.783333,2,relevant_works_in_top_200_crossref_results,curated_application+crossref_title_abstract_term_overlap+recent_science,Crossref publication supports search-term overlap only; weak-signal status and exact application require expert review.,unavailable,,,,,,,no_relevant_result,,,,,,,,,,,,,,,,found,Vision-Language-Action Models Arrive,https://semiengineering.com/vision-language-action-models-arrive/,2026-05-14,semiengineering.com,,,,,,technology_only_not_application,0,0,0,1,0,1.073,,,,,,,,,,1.098612,1.098612,1.098612,,0.0,0.5,,,,,,,,,,,,,,,,,1,,,,,,,,,,,3.257329,0.029316,1.0,,,,,,1,,0,1,1,1,1
pos_ad93ca708142df27,1,bronze,provisional_positive,needs_human_review,2026-09-22,weak-signals-63-v2,tech_5b2a1cc5338a,Fintech,Финтех,tokenized commercial bank deposits,токенизированные депозиты коммерческих банков,digital asset custody,хранения цифровых активов,tokenized commercial bank deposits for digital asset custody,токенизированные депозиты коммерческих банков для хранения цифровых активов,en,tokenized commercial bank deposits digital asset custody,Deposits Without Law: Completing the Legal Architecture of Tokenized Deposits,https://doi.org/10.2139/ssrn.7213558,https://api.crossref.org/works/10.2139/ssrn.7213558,https://doi.org/10.2139/ssrn.7213558,2026-01-01,year,unknown,Elsevier BV,Tokenized deposits—commercial bank deposits represented as transferable digital tokens on distributed ledgers—are no longer hypothetical.,same_abstract_sentence,,0.883333,3,relevant_works_in_top_200_crossref_results,curated_application+crossref_title_abstract_term_overlap+recent_science,Crossref publication supports search-term overlap only; weak-signal status and exact application require expert review.,unavailable,,,,,,,found,Will tokenized deposits & staking boost WFC & BNY's growth prospects?,https://www.msn.com/en-us/money/technologyinvesting/will-tokenized-deposits-staking-boost-wfc-bny-s-growth-prospects/ar-AA29sXbF,2026-08-05,www.msn.com,Wells Fargo & Company WFC and The Bank of New York Mellon Corporation BNY are expanding their digital assets capabilities as they move beyond their traditional crypto custody into blockchain-based ...,,,,,,,,,,,found,Wells Fargo to launch tokenized deposits for corporate clients,https://techannouncer.com/tokenized-deposits-wells-fargo-corporate-launch/,2026-09-17,techannouncer.com,,,,,,technology_only_not_application,1,0,0,0,0,0.723,,,,,,,,,,1.386294,1.386294,1.386294,,0.0,1.0,,,,,,,,,,,,,,,,,2,,,,,,,,,,,0.0,0.0,0.333333,,,,,,1,,0,1,1,1,1
pos_e02c93bae10b3801,1,bronze,provisional_positive,needs_human_review,2026-09-22,weak-signals-63-v2,tech_3e5ef9cafb5d,Clean energy,Энергетика и климат,electrochemical ammonia synthesis,электрохимический синтез аммиака,green hydrogen production,производства зелёного водорода,electrochemical ammonia synthesis for green hydrogen production,электрохимический синтез аммиака для производства зелёного водорода,en,electrochemical ammonia synthesis green hydrogen production,Ambient Electrochemical Ammonia Synthesis From Various Nitrogen Sources,https://doi.org/10.1002/smll.202511987,https://api.crossref.org/works/10.1002/smll.202511987,https://doi.org/10.1002/smll.202511987,2025-12-17,day,unknown,Wiley,This review discusses recent progress for the electrochemical production of ammonia from various nitrogen sources under ambient conditions.,same_abstract_sentence,,1.0,30,relevant_works_in_top_200_crossref_results,curated_application+crossref_title_abstract_term_overlap+recent_science,Crossref publication supports search-term overlap only; weak-signal status and exact application require expert review.,unavailable,,,,,,,no_relevant_result,,,,,,,,,,,,,,,,found,Insights into spinel cobalt oxides may lead to efficient ammonia synthesis,https://phys.org/news/2024-08-insights-spinel-cobalt-oxides-efficient.html,2024-08-27,phys.org,,,,,,technology_only_not_application,1,0,0,0,0,8.444,,,,,,,,,,2.639057,0.09531,-0.820981,,0.0,0.1,,,,,,,,,,,,,,,,,1,,,,,,,,,,,0.389864,0.016504,1.0,,,,,,1,,0,1,1,1,1
pos_c5c6f7f62a011d89,1,bronze,provisional_positive,needs_human_review,2026-09-22,weak-signals-63-v2,tech_453d689ffa85,Edge AI,Edge,on-device model fine-tuning,дообучение моделей на устройстве,personalized mobile assistants,персонализированных мобильных ассистентов,on-device model fine-tuning for personalized mobile assistants,дообучение моделей на устройстве для персонализированных мобильных ассистентов,en,on-device model fine-tuning personalized mobile assistants,A Reproducible Pipeline for On-Device Farmer Advisory: Fine-Tuning Gemma-3n with Open KCC Data,https://doi.org/10.22541/au.176659877.79810429/v1,https://api.crossref.org/works/10.22541/au.176659877.79810429/v1,https://doi.org/10.22541/au.176659877.79810429/v1,2025-12-24,day,unknown,Wiley,The project is a pilot (60 step sanity run on Gemma-3n-E4B) and establishes a reproducible baseline for future on-device agricultural assistants.,same_abstract_sentence,,0.883333,2,relevant_works_in_top_200_crossref_results,curated_application+crossref_title_abstract_term_overlap+recent_science,Crossref publication supports search-term overlap only; weak-signal status and exact application require expert review.,unavailable,,,,,,,no_relevant_result,,,,,,,,,,,,,,,,found,Fine-Tuning AI Made Simple : Transform Your AI Into a Specialist,https://www.geeky-gadgets.com/how-to-fine-tune-ai-models/,2025-11-03,www.geeky-gadgets.com,,,,,,technology_only_not_application,0,0,1,0,0,0.745,,,,,,,,,,1.098612,1.098612,1.098612,,0.0,1.0,,,,,,,,,,,,,,,,,1,,,,,,,,,,,0.0,0.024138,1.0,,,,,,1,,0,1,1,1,1
pos_1d0030a117a3be37,1,bronze,provisional_positive,needs_human_review,2026-09-22,weak-signals-63-v2,tech_7b169bfa3cf0,Biotechnology,Биотехнологии и медицина,federated learning across clinical institutions,федеративное обучение между клиническими учреждениями,rare disease treatment,лечения редких заболеваний,federated learning across clinical institutions for rare disease treatment,федеративное обучение между клиническими учреждениями для лечения редких заболеваний,en,federated learning across clinical institutions rare disease treatment,Beyond the Hype: How Federated Learning and Privacy-Preserving AI Are Reshaping Clinical Decision-Making in 2026,https://doi.org/10.33140/mcr.11.07.03,https://api.crossref.org/works/10.33140/mcr.11.07.03,https://doi.org/10.33140/mcr.11.07.03,2026-07-17,day,unknown,Opast Group LLC,"We analyze three key developments: (1) the emergence of FL as a practical framework for multi-institutional collaboration in oncology and pathology, enabling model training across sites without raw data sharing; (2) the integration of differential privacy, homomorphic encryption, and blockchain to provide formal privacy guarantees while maintaining clinical-grade performance; and (3) the translation of these technologies into real-world clinical workflows, including rare disease diagnosis and Alzheimer’s staging.",same_abstract_sentence,,0.883333,1,relevant_works_in_top_200_crossref_results,curated_application+crossref_title_abstract_term_overlap+recent_science,Crossref publication supports search-term overlap only; weak-signal status and exact application require expert review.,unavailable,,,,,,,no_relevant_result,,,,,,,,,,,,,,,,no_relevant_result,,,,,,,,,,,0,0,0,1,0,0.183,,,,,,,,,,0.693147,0.693147,0.693147,,0.0,0.0,,,,,,,,,,,,,,,,,1,,,,,,,,,,,0.0,0.026596,1.0,,,,,,0,,0,1,1,1,1
pos_3b308a95441fdc6a,1,bronze,provisional_positive,needs_human_review,2026-09-22,weak-signals-63-v2,tech_ca6c013b1e26,AI security,Защита ИИ,AI model provenance and software bills of materials,провенанс моделей ИИ и ведомости компонентов,autonomous supply chains,автономных цепочек поставок,AI model provenance and software bills of materials for autonomous supply chains,провенанс моделей ИИ и ведомости компонентов для автономных цепочек поставок,en,AI model provenance and software bills of materials autonomous supply chains,Operationalising artificial intelligence bills of materials for verifiable AI provenance and lifecycle assurance,https://doi.org/10.3389/fcomp.2026.1735919,https://api.crossref.org/works/10.3389/fcomp.2026.1735919,https://doi.org/10.3389/fcomp.2026.1735919,2026-01-21,day,unknown,Frontiers Media SA,"Introduction Artificial intelligence (AI) systems increasingly rely on complex, multi-layered software supply chains, creating substantial challenges for reproducibility, transparency, and security assurance.",same_abstract_sentence,,1.0,5,relevant_works_in_top_200_crossref_results,curated_application+crossref_title_abstract_term_overlap+recent_science,Crossref publication supports search-term overlap only; weak-signal status and exact application require expert review.,unavailable,,,,,,,no_relevant_result,,,,,,,,,,,,,,,,no_relevant_result,,,,,,,,,,,0,0,0,1,0,0.668,,,,,,,,,,1.791759,1.791759,1.791759,,0.125,0.4,,,,,,,,,,,,,,,,,1,,,,,,,,,,,0.0,0.022502,0.2,,,,,,1,,0,1,1,1,1
pos_76b5f28162f2d3c5,1,bronze,provisional_positive,needs_human_review,2026-09-22,weak-signals-63-v2,tech_f4583fff1f59,Industrial AI,Индустриальный ИИ,adaptive vision-guided robotic welding,адаптивная роботизированная сварка с машинным зрением,pulp and paper production,целлюлозно-бумажного производства,adaptive vision-guided robotic welding for pulp and paper production,адаптивная роботизированная сварка с машинным зрением для целлюлозно-бумажного производства,en,adaptive vision-guided robotic welding pulp and paper production,3D vision-guided adaptive trajectory planning for complex spatial welds based on multi-source point cloud fusion,https://doi.org/10.21203/rs.3.rs-9894473/v1,https://api.crossref.org/works/10.21203/rs.3.rs-9894473/v1,https://doi.org/10.21203/rs.3.rs-9894473/v1,2026-07-13,day,unknown,Springer Science and Business Media LLC,"To address this issue, this paper presents a 3D vision-guided adaptive welding trajectory planning framework based on multi‑source point cloud fusion.",same_abstract_sentence,,0.883333,4,relevant_works_in_top_200_crossref_results,curated_application+crossref_title_abstract_term_overlap+recent_science,Crossref publication supports search-term overlap only; weak-signal status and exact application require expert review.,unavailable,,,,,,,no_relevant_result,,,,,,,,,,,,,,,,no_relevant_result,,,,,,,,,,,1,0,0,0,0,6.543,,,,,,,,,,1.098612,1.098612,1.791759,,0.0,0.5,,,,,,,,,,,,,,,,,1,,,,,,,,,,,0.0,0.010428,1.0,,,,,,1,,0,1,1,1,1
pos_97ace1f3423b4e52,1,bronze,provisional_positive,needs_human_review,2026-09-22,weak-signals-63-v2,tech_04c7297ffefe,AI infrastructure,Инфраструктура ИИ,analog in-memory computing,аналоговые вычисления в памяти,energy-efficient edge inference,энергоэффективного edge-инференса,analog in-memory computing for energy-efficient edge inference,аналоговые вычисления в памяти для энергоэффективного edge-инференса,en,analog in-memory computing energy-efficient edge inference,Physically implemented analog in-memory distance computing with InGaZnO transistor-based capacitive unit,https://doi.org/10.1038/s44335-026-00091-3,https://api.crossref.org/works/10.1038/s44335-026-00091-3,https://doi.org/10.1038/s44335-026-00091-3,2026-08-14,day,unknown,Springer Science and Business Media LLC,"Abstract Modern edge devices increasingly require real-time adaptation to their environment without relying on cloud-based updates, which can introduce latency and security risks. To meet these demands, memory-augmented neural networks (MANNs) have gained traction for enabling adaptive on-device learning. Hardware implementations of MANNs commonly use non-volatile memory-based ternary content-addressable memory (TCAM), but their discrete outputs and write-verify steps limit compatibility with gradient-based learning. This work introduces analog in-memory distance computing (AIMDC), a unified a",title_or_abstract_terms,,0.883333,5,relevant_works_in_top_200_crossref_results,curated_application+crossref_title_abstract_term_overlap+recent_science,Crossref publication supports search-term overlap only; weak-signal status and exact application require expert review.,unavailable,,,,,,,no_relevant_result,,,,,,,,,,,,,,,,found,A method to create fault-tolerant analog in-memory computing systems,https://www.msn.com/en-us/news/technology/a-method-to-create-fault-tolerant-analog-in-memory-computing-systems/ar-AA27NF3m,2026-07-13,www.msn.com,https://news.ucsc.edu/2026/09/cybersecurity-compute-in-memory/,,,,,technology_only_not_application,0,1,0,0,0,2.119,,,,,,,,,,1.791759,0.916291,0.223144,,0.047619,0.5,,,,,,,,,,,,,,,,,1,,,,,,,,,,,0.0,0.036889,1.0,,,,,,1,,0,1,1,1,1
pos_c19cdd30e2d16b58,1,bronze,provisional_positive,needs_human_review,2026-09-22,weak-signals-63-v2,tech_715d92512d3e,Quantum technology,Квантовые технологии,diamond quantum sensors,алмазные квантовые сенсоры,medical imaging,медицинской визуализации,diamond quantum sensors for medical imaging,алмазные квантовые сенсоры для медицинской визуализации,en,diamond quantum sensors medical imaging,Wide-field magnetic imaging of shielding-current-driven vortex rearrangement under local heating using diamond quantum sensors,https://doi.org/10.1063/5.0338902,https://api.crossref.org/works/10.1063/5.0338902,https://doi.org/10.1063/5.0338902,2026-08-10,day,unknown,AIP Publishing,"In this work, we quantitatively imaged the stray magnetic field distribution of vortices in an NbN thin film by wide-field magnetic imaging using a perfectly aligned diamond nitrogen-vacancy ensemble.",same_abstract_sentence,,0.825,18,relevant_works_in_top_200_crossref_results,curated_application+crossref_title_abstract_term_overlap+recent_science,Crossref publication supports search-term overlap only; weak-signal status and exact application require expert review.,unavailable,,,,,,,no_relevant_result,,,,,,,,,,,,,,,,found,Diamond Sensors Target GPS-Free Navigation,https://www.electronicsforu.com/news/diamond-sensors-target-gps-free-navigation,2026-09-21,www.electronicsforu.com,,,,,,technology_only_not_application,0,0,0,1,0,6.749,,,,,,,,,,2.639057,0.251314,-0.595983,,0.194444,0.0,,,,,,,,,,,,,,,,,1,,,,,,,,,,,0.0,0.018937,0.222222,,,,,,1,,0,1,1,1,1
pos_f00517528b605d77,1,bronze,provisional_positive,needs_human_review,2026-09-22,weak-signals-63-v2,tech_a3e80da2a70e,Space and ocean,Космос и океан,autonomous underwater sensor networks,автономные подводные сенсорные сети,fisheries monitoring,мониторинга рыболовства,autonomous underwater sensor networks for fisheries monitoring,автономные подводные сенсорные сети для мониторинга рыболовства,en,autonomous underwater sensor networks fisheries monitoring,Joint Cross-layer Optimisation with Non-convex Stochastic Constraints for Underwater Wireless Sensor Networks under Random Mobility,https://doi.org/10.2139/ssrn.6988653,https://api.crossref.org/works/10.2139/ssrn.6988653,https://doi.org/10.2139/ssrn.6988653,2026-01-01,year,unknown,Elsevier BV,"Underwater Wireless Sensor Networks (UWSNs) are a strategic infrastructure for marine surveillance, fisheries monitoring, and early-warning systems along African coastlines.",same_abstract_sentence,,0.8375,20,relevant_works_in_top_200_crossref_results,curated_application+crossref_title_abstract_term_overlap+recent_science,Crossref publication supports search-term overlap only; weak-signal status and exact application require expert review.,unavailable,,,,,,,no_relevant_result,,,,,,,,,,,,,,,,found,"Nauticus Robotics, Inc. and Strangeworks Collaborate on AI-Optimized Deployment of Undersea Fiber-Optic Sensing Networks",https://www.morningstar.com/news/pr-newswire/20260804da18576/nauticus-robotics-inc-and-strangeworks-collaborate-on-ai-optimized-deployment-of-undersea-fiber-optic-sensing-networks,2026-08-04,www.morningstar.com,,,,,,technology_only_not_application,0,0,0,1,0,8.142,,,,,,,,,,2.639057,1.098612,0.81093,,0.0,0.636364,,,,,,,,,,,,,,,,,1,,,,,,,,,,,0.0,0.036749,0.95,,,,,,1,,0,1,1,1,1
pos_93d6909e9aa39bd6,1,bronze,provisional_positive,needs_human_review,2026-09-22,weak-signals-63-v2,tech_a003fd430bcf,Advanced materials,Передовые материалы,self-healing electronic skin,самовосстанавливающаяся электронная кожа,grid-scale energy storage,сетевых накопителей энергии,self-healing electronic skin for grid-scale energy storage,самовосстанавливающаяся электронная кожа для сетевых накопителей энергии,en,self-healing electronic skin grid-scale energy storage,Smart self-healing polymers: innovations in material design and applications for electronic skin and energy devices,https://doi.org/10.1039/d5ta09101b,https://api.crossref.org/works/10.1039/d5ta09101b,https://doi.org/10.1039/d5ta09101b,2026-01-01,year,unknown,Royal Society of Chemistry (RSC),"Smart self-healing polymers offer sustainable solutions for energy storage and sensing by autonomously repairing damage while enhancing durability and reliability, and enabling next-generation power devices and flexible electronic skin sensors.",same_abstract_sentence,,0.883333,1,relevant_works_in_top_200_crossref_results,curated_application+crossref_title_abstract_term_overlap+recent_science,Crossref publication supports search-term overlap only; weak-signal status and exact application require expert review.,unavailable,,,,,,,no_relevant_result,,,,,,,,,,,,,,,,found,New electronic skin brings self-healing sensors to underwater robots and divers,https://www.msn.com/en-us/news/technology/new-electronic-skin-brings-self-healing-sensors-to-underwater-robots-and-divers/ar-AA28jqaC,2026-07-20,www.msn.com,,,,,,technology_only_not_application,1,0,0,0,0,0.723,,,,,,,,,,0.693147,0.693147,0.693147,,1.625,0.0,,,,,,,,,,,,,,,,,1,,,,,,,,,,,0.0,0.0,0.0,,,,,,0,,0,1,1,1,1
pos_d887b360e5510567,1,bronze,provisional_positive,needs_human_review,2026-09-22,weak-signals-63-v2,tech_6cbc9f14cc20,Food and agriculture,Пищевые и агротехнологии,electrochemical fertilizer production,электрохимическое производство удобрений,alternative dairy production,альтернативного производства молочных продуктов,electrochemical fertilizer production for alternative dairy production,электрохимическое производство удобрений для альтернативного производства молочных продуктов,en,electrochemical fertilizer production alternative dairy production,AI-Driven Optimization of Electrochemical Fertilizer Processes,https://doi.org/10.26434/chemrxiv.15009257/v1,https://api.crossref.org/works/10.26434/chemrxiv.15009257/v1,https://doi.org/10.26434/chemrxiv.15009257/v1,2026-09-22,day,unknown,American Chemical Society (ACS),"Conventional fertilizer production relies on centralized, fossil-fuel-intensive processes such as Haber–Bosch ammonia synthesis, with high energy demand and associated carbon emissions.",same_abstract_sentence,,0.883333,7,relevant_works_in_top_200_crossref_results,curated_application+crossref_title_abstract_term_overlap+recent_science,Crossref publication supports search-term overlap only; weak-signal status and exact application require expert review.,unavailable,,,,,,,no_relevant_result,,,,,,,,,,,,,,,,found,Electrochemical Ammonia Cracking Boosts Hydrogen Production Efficiency,https://www.hydrogenfuelnews.com/electrochemical-ammonia-cracking-boosts-hydrogen-production-efficiency/8576678/,2026-09-16,www.hydrogenfuelnews.com,,,,,,technology_only_not_application,1,0,0,0,0,2.943,,,,,,,,,,2.079442,-0.223144,-1.832581,,0.0,0.333333,,,,,,,,,,,,,,,,,1,,,,,,,,,,,0.0,0.005253,0.285714,,,,,,0,,0,1,1,1,1
pos_528bdca8193664ff,1,bronze,provisional_positive,needs_human_review,2026-09-22,weak-signals-63-v2,tech_447e6f80b07b,Robotics,Роботы,zero-shot simulation-to-reality transfer,zero-shot перенос из симуляции в реальность,flexible manufacturing,гибкого производства,zero-shot simulation-to-reality transfer for flexible manufacturing,zero-shot перенос из симуляции в реальность для гибкого производства,en,zero-shot simulation-to-reality transfer flexible manufacturing,Zero-Shot Transfer Learning for Cross- Industry BI Models,https://doi.org/10.15680/ijctece.2025.0804016,https://api.crossref.org/works/10.15680/ijctece.2025.0804016,https://doi.org/10.15680/ijctece.2025.0804016,2025-08-12,day,unknown,Ess & Ess Research Publications,"The article concludes that zero-shot transfer learning can be an effective method to create flexible, reusable and intelligent BI models that can be used to cross-industry analytics.",same_abstract_sentence,,0.783333,2,relevant_works_in_top_200_crossref_results,curated_application+crossref_title_abstract_term_overlap+recent_science,Crossref publication supports search-term overlap only; weak-signal status and exact application require expert review.,unavailable,,,,,,,no_relevant_result,,,,,,,,,,,,,,,,no_relevant_result,,,,,,,,,,,1,0,0,0,0,3.143,,,,,,,,,,0.693147,0.0,-0.693147,,0.0,0.0,,,,,,,,,,,,,,,,,1,,,,,,,,,,,0.0,0.032692,0.0,,,,,,0,,0,1,1,1,1
pos_9da21a6c4f72849e,1,bronze,provisional_positive,needs_human_review,2026-09-22,weak-signals-63-v2,tech_fe13f42274f2,Fintech,Финтех,AI agent payment authorization protocols,протоколы авторизации платежей ИИ-агентов,central bank digital currency,цифровых валют центральных банков,AI agent payment authorization protocols for central bank digital currency,протоколы авторизации платежей ИИ-агентов для цифровых валют центральных банков,en,AI agent payment authorization protocols central bank digital currency,"BLOCKCHAIN IN THE AGENT ECONOMY: IDENTITY, AUTHORIZATION, AND MACHINE-TO-MACHINE SETTLEMENT",https://doi.org/10.61432/cpne0401287b,https://api.crossref.org/works/10.61432/cpne0401287b,https://doi.org/10.61432/cpne0401287b,2026-09-10,day,unknown,"Oikos Institute – Research Center, Bijeljina, Bosnia and Herzegovina","The most plausible institutional outcome is therefore the coexistence of conventional payment systems, managed blockchain services, native on chain settlement, and central bank digital currencies.",same_abstract_sentence,,0.87,1,relevant_works_in_top_200_crossref_results,curated_application+crossref_title_abstract_term_overlap+recent_science,Crossref publication supports search-term overlap only; weak-signal status and exact application require expert review.,unavailable,,,,,,,no_relevant_result,,,,,,,,,,,,,,,,no_relevant_result,,,,,,,,,,,1,0,0,0,0,0.033,,,,,,,,,,0.693147,0.693147,0.693147,,0.0,0.0,,,,,,,,,,,,,,,,,1,,,,,,,,,,,0.0,0.004348,0.0,,,,,,0,,0,1,1,1,1
pos_9cbc7bbdbd2539fc,1,bronze,provisional_positive,needs_human_review,2026-09-22,weak-signals-63-v2,tech_9b82715fb847,Clean energy,Энергетика и климат,electrochemical direct air carbon capture,электрохимический прямой захват углерода из воздуха,aviation fuel production,производства авиационного топлива,electrochemical direct air carbon capture for aviation fuel production,электрохимический прямой захват углерода из воздуха для производства авиационного топлива,en,electrochemical direct air carbon capture aviation fuel production,Advancing Direct Air Capture Technologies: From Carbon Removal to Sustainable Aviation Fuels,https://doi.org/10.5194/egusphere-egu25-12733,https://api.crossref.org/works/10.5194/egusphere-egu25-12733,https://doi.org/10.5194/egusphere-egu25-12733,2025-03-18,day,unknown,Copernicus GmbH,"To complement these efforts, based on the experimental results, we are designing an integrated DAC system prototype that combines heating for regeneration and cooling within a single integrated unit, enhancing operational efficiency.We are also beginning to study the integration of DAC systems with green hydrogen production to synthesize electrochemical Sustainable Aviation Fuel (eSAF), providing a sustainable alternative for aviation fuel.",same_abstract_sentence,,1.0,1,relevant_works_in_top_200_crossref_results,curated_application+crossref_title_abstract_term_overlap+recent_science,Crossref publication supports search-term overlap only; weak-signal status and exact application require expert review.,unavailable,,,,,,,no_relevant_result,,,,,,,,,,,,,,,,found,How Can Direct Air Capture Scale to Deliver Real Carbon Removal for Climate Solutions,https://www.techtimes.com/articles/315533/20260403/how-can-direct-air-capture-scale-deliver-real-carbon-removal-climate-solutions.htm,2026-04-03,www.techtimes.com,https://www.buffalo.edu/undergrad-research/opportunities.host.html/content/shared/www/undergrad-research/research-opportunities/incovering-important-reactions-for-electrochemical-carbon-capture.detail.html,,,,,technology_only_not_application,0,0,0,1,0,1.514,,,,,,,,,,0.693147,0.693147,0.693147,,0.0,1.0,,,,,,,,,,,,,,,,,1,,,,,,,,,,,0.0,0.002033,1.0,,,,,,0,,0,1,1,1,1
pos_58d3195c66a03626,1,bronze,provisional_positive,needs_human_review,2026-09-22,weak-signals-63-v2,tech_0a74e5afbe45,Edge AI,Edge,tinyML neural processing units,нейропроцессоры tinyML,wildlife monitoring,мониторинга дикой природы,tinyML neural processing units for wildlife monitoring,нейропроцессоры tinyML для мониторинга дикой природы,en,tinyML neural processing units wildlife monitoring,SCALABLE PARALLEL TRAINING OF DEEP NEURAL NETWORKS FOR IMAGE CLASSIFICATION USING TENSOR PROCESSING UNITS,https://doi.org/10.31891/csit-2025-1-12,https://api.crossref.org/works/10.31891/csit-2025-1-12,https://doi.org/10.31891/csit-2025-1-12,2025-03-27,day,unknown,Khmelnytskyi National University,"This scalability is particularly beneficial for tasks requiring rapid processing of large volumes of image data, such as real-time applications in environmental monitoring or wildlife research.",same_abstract_sentence,,0.8375,1,relevant_works_in_top_200_crossref_results,curated_application+crossref_title_abstract_term_overlap+recent_science,Crossref publication supports search-term overlap only; weak-signal status and exact application require expert review.,unavailable,,,,,,,no_relevant_result,,,,,,,,,,,,,,,,no_relevant_result,,,,,,,,,,,0,0,0,1,0,1.489,,,,,,,,,,0.693147,0.693147,0.693147,,0.0,0.0,,,,,,,,,,,,,,,,,1,,,,,,,,,,,0.0,0.028881,1.0,,,,,,0,,0,1,1,1,1
pos_1c569e3c474e2071,1,bronze,provisional_positive,needs_human_review,2026-09-22,weak-signals-63-v2,tech_6fea4324339f,Biotechnology,Биотехнологии и медицина,organoid intelligence,органоидный интеллект,personalized cancer therapy,персонализированной терапии рака,organoid intelligence for personalized cancer therapy,органоидный интеллект для персонализированной терапии рака,en,organoid intelligence personalized cancer therapy,"Artificial Intelligence–Enabled Organoid Platforms for Precision Medicine: Integrating Multi-Omics, Digital Twins, and Microphysiological Systems",https://doi.org/10.3390/organoids5030020,https://api.crossref.org/works/10.3390/organoids5030020,https://doi.org/10.3390/organoids5030020,2026-07-02,day,unknown,MDPI AG,"The convergence of artificial intelligence (AI) and organoid technology represents a transformative advance toward precision and predictive medicine. Organoids derived from pluripotent stem cells or patient tissues provide physiologically relevant three-dimensional models that recapitulate key aspects of native organ architecture and function. However, intrinsic biological heterogeneity, high-content imaging outputs, and dynamic spatiotemporal processes pose significant analytical challenges that exceed the capacity of conventional approaches. Recent advances in AI and machine learning enable ",title_or_abstract_terms,,0.883333,7,relevant_works_in_top_200_crossref_results,curated_application+crossref_title_abstract_term_overlap+recent_science,Crossref publication supports search-term overlap only; weak-signal status and exact application require expert review.,unavailable,,,,,,,found,Alps Group Inc Launches Patient-Derived Organoid Program to Advance Personalized Cancer Care in Southeast Asia,https://uk.finance.yahoo.com/news/alps-group-inc-launches-patient-120500524.html,2026-06-23,uk.finance.yahoo.com,"KUALA LUMPUR, Malaysia, June 23, 2026 (GLOBE NEWSWIRE) -- Alps Group Inc (""Alps"" or ""the Company"") (Nasdaq: ALPS), an integrated biotechnology platform headquartered in Malaysia, today announced its ...",,,,,,,,,,,found,Organoid Intelligence Market - Global Forecast to 2036; Biological Computing and Brain Organoids Drive Growth,https://finance.yahoo.com/technology/ai/articles/organoid-intelligence-market-global-forecast-110200493.html,2026-09-10,finance.yahoo.com,,,,,,technology_only_not_application,0,0,0,1,0,4.728,,,,,,,,,,1.609438,1.609438,2.995732,,0.0,0.0,,,,,,,,,,,,,,,,,2,,,,,,,,,,,1.573564,0.003934,0.0,,,,,,1,,0,1,1,1,1
pos_9f2055ec911ea84f,1,bronze,provisional_positive,needs_human_review,2026-09-22,weak-signals-63-v2,tech_b54c259cf36d,AI security,Защита ИИ,AI agent identity and delegated authorization,идентичность ИИ-агентов и делегированная авторизация,critical infrastructure operations,эксплуатации критической инфраструктуры,AI agent identity and delegated authorization for critical infrastructure operations,идентичность ИИ-агентов и делегированная авторизация для эксплуатации критической инфраструктуры,en,AI agent identity and delegated authorization critical infrastructure operations,Verifiable Agent Identity and Delegated Authority in Autonomous Payment Systems: A Trust Architecture for AI-Initiated Financial Transactions,https://doi.org/10.2139/ssrn.6920081,https://api.crossref.org/works/10.2139/ssrn.6920081,https://doi.org/10.2139/ssrn.6920081,2026-01-01,year,unknown,Elsevier BV,"The emergence of autonomous payment agents capable of initiating, routing, and settling financial transactions introduces a fundamental challenge that existing payment infrastructure is not designed to address: how can counterparties, financial institutions, and regulatory systems verify that an artificial intelligence agent has been delegated legitimate authority to act on behalf of an identifiable principal within an enforceable scope of authorization?",same_abstract_sentence,,1.0,3,relevant_works_in_top_200_crossref_results,curated_application+crossref_title_abstract_term_overlap+recent_science,Crossref publication supports search-term overlap only; weak-signal status and exact application require expert review.,unavailable,,,,,,,no_relevant_result,,,,,,,,,,,,,,,,found,How Do AI Agents Make Payments? From Authorization to Settlement,https://tradebrains.in/brand/how-do-ai-agents-make-payments-from-authorization-to-settlement-12566534,2026-09-21,tradebrains.in,,,,,,technology_only_not_application,0,0,0,1,0,0.723,,,,,,,,,,1.386294,1.386294,1.386294,,0.0,1.0,,,,,,,,,,,,,,,,,1,,,,,,,,,,,0.0,0.005208,0.0,,,,,,1,,0,1,1,1,1
pos_1f970274381f8b4e,1,bronze,provisional_positive,needs_human_review,2026-09-22,weak-signals-63-v2,tech_2821e567cd98,Industrial AI,Индустриальный ИИ,reinforcement learning on industrial controllers,обучение с подкреплением на промышленных контроллерах,pulp and paper production,целлюлозно-бумажного производства,reinforcement learning on industrial controllers for pulp and paper production,обучение с подкреплением на промышленных контроллерах для целлюлозно-бумажного производства,en,reinforcement learning on industrial controllers pulp and paper production,Intelligent Temperature Control of a Cement Calciner Outlet Based on Deep Reinforcement Learning: A Comparative Study with Rule-Based and Model Predictive Controllers,https://doi.org/10.2139/ssrn.7493738,https://api.crossref.org/works/10.2139/ssrn.7493738,https://doi.org/10.2139/ssrn.7493738,2026-01-01,year,unknown,Elsevier BV,"This paper constructs a configurable simulation environment supporting linear, quadratic, and saturation-type thermal dynamic models and implements three fundamentally different controllers---a rule-based heuristic, a model predictive controller (MPC), and a deep Q-network (DQN) reinforcement learning agent---for systematic comparison under a demanding test scenario featuring large-amplitude time-varying coal influence coefficients ($k_1 \in [0.2, 1.5]$ $^\circ$C/(t/h)) and raw feed step disturbances.",same_abstract_sentence,,0.883333,2,relevant_works_in_top_200_crossref_results,curated_application+crossref_title_abstract_term_overlap+recent_science,Crossref publication supports search-term overlap only; weak-signal status and exact application require expert review.,unavailable,,,,,,,no_relevant_result,,,,,,,,,,,,,,,,found,“Reinforcement Learning” Fuels the Rise of Adaptive Controllers (Download),https://www.electronicdesign.com/technologies/industrial/document/55361687/reinforcement-learning-fuels-the-rise-of-adaptive-controllers-download,2026-03-03,www.electronicdesign.com,,,,,,technology_only_not_application,0,0,0,1,0,3.723,,,,,,,,,,0.693147,0.0,-0.693147,,0.0,1.0,,,,,,,,,,,,,,,,,1,,,,,,,,,,,1.831502,0.038462,1.0,,,,,,0,,0,1,1,1,1
pos_69c34cb498137106,1,bronze,provisional_positive,needs_human_review,2026-09-22,weak-signals-63-v2,tech_91dbb677cb4a,AI infrastructure,Инфраструктура ИИ,photonic neural accelerators,фотонные нейросетевые ускорители,high-performance scientific computing,высокопроизводительных научных вычислений,photonic neural accelerators for high-performance scientific computing,фотонные нейросетевые ускорители для высокопроизводительных научных вычислений,en,photonic neural accelerators high-performance scientific computing,Photonic Quantum Neural Operators for Multiscale Simulation and Scientific Machine Intelligence,https://doi.org/10.62311/nesx/rb4jy-978-81-689340-6-1,https://api.crossref.org/works/10.62311/nesx/rb4jy-978-81-689340-6-1,https://doi.org/10.62311/nesx/rb4jy-978-81-689340-6-1,2026-07-30,day,unknown,National Education Services,"Keywords photonic quantum computing, neural operators, scientific machine learning, multiscale simulation, bosonic computation, continuous-variable quantum systems, operator learning, physics-informed AI, spectral operators, graph neural operators, causal inference, Bayesian calibration, inverse problems, uncertainty quantification, scientific MLOps, photonic accelerators, quantum-AI, distributed scientific computing, reproducibility, sustainable computing, digital twins, scientific governance",same_abstract_sentence,,0.883333,2,relevant_works_in_top_200_crossref_results,curated_application+crossref_title_abstract_term_overlap+recent_science,Crossref publication supports search-term overlap only; weak-signal status and exact application require expert review.,unavailable,,,,,,,no_relevant_result,,,,,,,,,,,,,,,,found,Photonic Neural Network Architectures for Energy-Efficient Computing,https://www.nature.com/nature-index/topics/l4/photonic-neural-network-architectures-for-energy-efficient-computing,2026-04-30,www.nature.com,,,,,,technology_only_not_application,0,0,0,1,0,0.931,,,,,,,,,,1.098612,1.098612,1.098612,,0.045455,0.0,,,,,,,,,,,,,,,,,1,,,,,,,,,,,0.0,0.056842,1.0,,,,,,1,,0,1,1,1,1
pos_518a4ea76f349c4b,1,bronze,provisional_positive,needs_human_review,2026-09-22,weak-signals-63-v2,tech_715d92512d3e,Quantum technology,Квантовые технологии,diamond quantum sensors,алмазные квантовые сенсоры,quantum chemistry,квантовой химии,diamond quantum sensors for quantum chemistry,алмазные квантовые сенсоры для квантовой химии,en,diamond quantum sensors quantum chemistry,Wide-field magnetic imaging of shielding-current-driven vortex rearrangement under local heating using diamond quantum sensors,https://doi.org/10.1063/5.0338902,https://api.crossref.org/works/10.1063/5.0338902,https://doi.org/10.1063/5.0338902,2026-08-10,day,unknown,AIP Publishing,"Understanding and controlling vortex motion in superconductors are important both for suppressing dissipation in superconducting devices and for device applications that exploit vortices. In this work, we quantitatively imaged the stray magnetic field distribution of vortices in an NbN thin film by wide-field magnetic imaging using a perfectly aligned diamond nitrogen-vacancy ensemble. By continuously measuring while stepwise varying the applied magnetic field under local laser heating, we captured a rearrangement of the vortex configuration in real space and in real time over more than 100 mi",title_or_abstract_terms,,0.825,74,relevant_works_in_top_200_crossref_results,curated_application+crossref_title_abstract_term_overlap+recent_science,Crossref publication supports search-term overlap only; weak-signal status and exact application require expert review.,unavailable,,,,,,,no_relevant_result,,,,,,,,,,,,,,,,found,Diamond Sensors Target GPS-Free Navigation,https://www.electronicsforu.com/news/diamond-sensors-target-gps-free-navigation,2026-09-21,www.electronicsforu.com,,,,,,technology_only_not_application,0,0,0,1,0,7.477,,,,,,,,,,3.850148,-0.068993,-0.831133,,0.0,0.074074,,,,,,,,,,,,,,,,,1,,,,,,,,,,,0.697674,0.037442,0.162162,,,,,,0,,0,1,1,1,1
pos_3b4deffb9a59fb29,1,bronze,provisional_positive,needs_human_review,2026-09-22,weak-signals-63-v2,tech_b0b7d837ef80,Space and ocean,Космос и океан,space-based solar power,космическая солнечная энергетика,maritime security,морской безопасности,space-based solar power for maritime security,космическая солнечная энергетика для морской безопасности,en,space-based solar power maritime security,Regulating Space-Based Solar Power: Challenges Under Both Space Law and Energy Law,https://doi.org/10.25172/jalc.91.3.2,https://api.crossref.org/works/10.25172/jalc.91.3.2,https://doi.org/10.25172/jalc.91.3.2,2026-08-26,day,unknown,Southern Methodist University,"SBSP offers continuous, weather-independent renewable energy capable of complementing terrestrial solar, wind, and hydro generation, enhancing grid stability, energy security, and progress toward the UN Sustainable Development Goals.",same_abstract_sentence,,0.825,3,relevant_works_in_top_200_crossref_results,curated_application+crossref_title_abstract_term_overlap+recent_science,Crossref publication supports search-term overlap only; weak-signal status and exact application require expert review.,unavailable,,,,,,,no_relevant_result,,,,,,,,,,,,,,,,found,Is the AI boom getting us any closer to space-based solar?,https://www.latitudemedia.com/news/is-the-ai-boom-getting-us-any-closer-to-space-based-solar/,2026-09-22,www.latitudemedia.com,,,,,,technology_only_not_application,0,0,0,1,0,1.81,,,,,,,,,,1.386294,1.386294,1.386294,,0.181818,0.0,,,,,,,,,,,,,,,,,1,,,,,,,,,,,1.319261,0.0,0.666667,,,,,,1,,0,1,1,1,1
pos_562745c359ef9d02,1,bronze,provisional_positive,needs_human_review,2026-09-22,weak-signals-63-v2,tech_3eeb530de6d6,Advanced materials,Передовые материалы,programmable mechanical metamaterials,программируемые механические метаматериалы,soft robotic systems,мягких робототехнических систем,programmable mechanical metamaterials for soft robotic systems,программируемые механические метаматериалы для мягких робототехнических систем,en,programmable mechanical metamaterials soft robotic systems,Self‐Locking Multistable Metamaterials with Programmable Mechanical Properties and Static Non‐Reciprocity,https://doi.org/10.1002/adfm.202507732,https://api.crossref.org/works/10.1002/adfm.202507732,https://doi.org/10.1002/adfm.202507732,2025-11-10,day,unknown,Wiley,"The demonstrated versatility in multistability and programmable mechanical non‐reciprocity paves the way for applications in energy absorption and harvesting, soft devices, and robotics.",same_abstract_sentence,,0.883333,3,relevant_works_in_top_200_crossref_results,curated_application+crossref_title_abstract_term_overlap+recent_science,Crossref publication supports search-term overlap only; weak-signal status and exact application require expert review.,unavailable,,,,,,,no_relevant_result,,,,,,,,,,,,,,,,found,"Nanomaterials Transformed by Engineering Shape, Not Chemistry",https://www.azonano.com/news.aspx?newsID=41618,2026-01-23,www.azonano.com,,,,,,technology_only_not_application,0,1,0,0,0,4.572,,,,,,,,,,1.098612,1.098612,1.791759,,0.3,0.0,,,,,,,,,,,,,,,,,1,,,,,,,,,,,0.0,0.006547,0.0,,,,,,1,,0,1,1,1,1
pos_ab014ea22814cd75,1,bronze,provisional_positive,needs_human_review,2026-09-22,weak-signals-63-v2,tech_6cbc9f14cc20,Food and agriculture,Пищевые и агротехнологии,electrochemical fertilizer production,электрохимическое производство удобрений,agricultural carbon measurement,измерения углерода в сельском хозяйстве,electrochemical fertilizer production for agricultural carbon measurement,электрохимическое производство удобрений для измерения углерода в сельском хозяйстве,en,electrochemical fertilizer production agricultural carbon measurement,AI-Driven Optimization of Electrochemical Fertilizer Processes,https://doi.org/10.26434/chemrxiv.15009257/v1,https://api.crossref.org/works/10.26434/chemrxiv.15009257/v1,https://doi.org/10.26434/chemrxiv.15009257/v1,2026-09-22,day,unknown,American Chemical Society (ACS),"Conventional fertilizer production relies on centralized, fossil-fuel-intensive processes such as Haber–Bosch ammonia synthesis, with high energy demand and associated carbon emissions.",same_abstract_sentence,,0.883333,1,relevant_works_in_top_200_crossref_results,curated_application+crossref_title_abstract_term_overlap+recent_science,Crossref publication supports search-term overlap only; weak-signal status and exact application require expert review.,unavailable,,,,,,,no_relevant_result,,,,,,,,,,,,,,,,found,Electrochemical Ammonia Cracking Boosts Hydrogen Production Efficiency,https://www.hydrogenfuelnews.com/electrochemical-ammonia-cracking-boosts-hydrogen-production-efficiency/8576678/,2026-09-16,www.hydrogenfuelnews.com,,,,,,technology_only_not_application,1,0,0,0,0,0.0,,,,,,,,,,0.693147,0.693147,0.693147,,0.0,1.0,,,,,,,,,,,,,,,,,1,,,,,,,,,,,0.0,0.026059,0.0,,,,,,0,,0,1,1,1,1
pos_6f85aa7f17d91535,1,bronze,provisional_positive,needs_human_review,2026-09-22,weak-signals-63-v2,tech_7bc6963b2960,Robotics,Роботы,teleoperation data engines for robot learning,платформы телеоперационных данных для обучения роботов,construction automation,автоматизации строительства,teleoperation data engines for robot learning for construction automation,платформы телеоперационных данных для обучения роботов для автоматизации строительства,en,teleoperation data engines for robot learning construction automation,Enhancing Learning in Robotics Teleoperation: Understanding Competence through Eye Fixation Data,https://doi.org/10.9734/cjast/2025/v44i84591,https://api.crossref.org/works/10.9734/cjast/2025/v44i84591,https://doi.org/10.9734/cjast/2025/v44i84591,2025-08-13,day,unknown,Sciencedomain International,"Aims: A previous study, addressing the analysis of the work activity of a pilot teleoperating a ground robot out-of-sight, led to the hypothesis that the time taken to gather information on the control screens could be correlated with the pilots’ level of skills. This study has made it possible to analyze this hypothesis. Study Design: The study was longitudinal. The activity of the participants was analyzed individually. Place and Duration of Study: Robotic Accident Response Group, Groupe d'intervention robotique sur accidents (INTRA Group, France), between 2021 and 2025. Methodology: Each pa",title_or_abstract_terms,,0.695,3,relevant_works_in_top_200_crossref_results,curated_application+crossref_title_abstract_term_overlap+recent_science,Crossref publication supports search-term overlap only; weak-signal status and exact application require expert review.,unavailable,,,,,,,no_relevant_result,,,,,,,,,,,,,,,,found,OpenAI posts $500K robotics salaries to fund data factory behind its robot comeback,https://www.msn.com/en-us/technology/tech-companies/openai-posts-500k-robotics-salaries-to-fund-data-factory-behind-its-robot-comeback/ar-AA2cBgna,2026-09-19,www.msn.com,,,,,,technology_only_not_application,0,0,1,0,0,2.946,,,,,,,,,,1.386294,0.405465,-0.287682,,0.0,0.0,,,,,,,,,,,,,,,,,1,,,,,,,,,,,0.0,0.018321,0.666667,,,,,,1,,0,1,1,1,1
pos_f92ffdd90835498c,1,bronze,provisional_positive,needs_human_review,2026-09-22,weak-signals-63-v2,tech_fe13f42274f2,Fintech,Финтех,AI agent payment authorization protocols,протоколы авторизации платежей ИИ-агентов,cross-border settlement,трансграничных расчётов,AI agent payment authorization protocols for cross-border settlement,протоколы авторизации платежей ИИ-агентов для трансграничных расчётов,en,AI agent payment authorization protocols cross-border settlement,Verifiable Agent Identity and Delegated Authority in Autonomous Payment Systems: A Trust Architecture for AI-Initiated Financial Transactions,https://doi.org/10.2139/ssrn.6920081,https://api.crossref.org/works/10.2139/ssrn.6920081,https://doi.org/10.2139/ssrn.6920081,2026-01-01,year,unknown,Elsevier BV,"The emergence of autonomous payment agents capable of initiating, routing, and settling financial transactions introduces a fundamental challenge that existing payment infrastructure is not designed to address: how can counterparties, financial institutions, and regulatory systems verify that an artificial intelligence agent has been delegated legitimate authority to act on behalf of an identifiable principal within an enforceable scope of authorization? Existing identity and authorization frameworks—including OAuth, decentralized identity standards, and traditional financial authentication me",title_or_abstract_terms,,0.87,5,relevant_works_in_top_200_crossref_results,curated_application+crossref_title_abstract_term_overlap+recent_science,Crossref publication supports search-term overlap only; weak-signal status and exact application require expert review.,unavailable,,,,,,,no_relevant_result,,,,,,,,,,,,,,,,no_relevant_result,,,,,,,,,,,0,0,0,1,0,0.841,,,,,,,,,,1.791759,1.791759,1.791759,,0.0,0.4,,,,,,,,,,,,,,,,,1,,,,,,,,,,,0.0,0.012174,0.2,,,,,,1,,0,1,1,1,1
pos_86ed7a2b565f916d,1,bronze,provisional_positive,needs_human_review,2026-09-22,weak-signals-63-v2,tech_9b82715fb847,Clean energy,Энергетика и климат,electrochemical direct air carbon capture,электрохимический прямой захват углерода из воздуха,green hydrogen production,производства зелёного водорода,electrochemical direct air carbon capture for green hydrogen production,электрохимический прямой захват углерода из воздуха для производства зелёного водорода,en,electrochemical direct air carbon capture green hydrogen production,Advancing Direct Air Capture Technologies: From Carbon Removal to Sustainable Aviation Fuels,https://doi.org/10.5194/egusphere-egu25-12733,https://api.crossref.org/works/10.5194/egusphere-egu25-12733,https://doi.org/10.5194/egusphere-egu25-12733,2025-03-18,day,unknown,Copernicus GmbH,"To complement these efforts, based on the experimental results, we are designing an integrated DAC system prototype that combines heating for regeneration and cooling within a single integrated unit, enhancing operational efficiency.We are also beginning to study the integration of DAC systems with green hydrogen production to synthesize electrochemical Sustainable Aviation Fuel (eSAF), providing a sustainable alternative for aviation fuel.",same_abstract_sentence,,1.0,1,relevant_works_in_top_200_crossref_results,curated_application+crossref_title_abstract_term_overlap+recent_science,Crossref publication supports search-term overlap only; weak-signal status and exact application require expert review.,unavailable,,,,,,,no_relevant_result,,,,,,,,,,,,,,,,found,How Can Direct Air Capture Scale to Deliver Real Carbon Removal for Climate Solutions,https://www.techtimes.com/articles/315533/20260403/how-can-direct-air-capture-scale-deliver-real-carbon-removal-climate-solutions.htm,2026-04-03,www.techtimes.com,https://www.buffalo.edu/undergrad-research/opportunities.host.html/content/shared/www/undergrad-research/research-opportunities/incovering-important-reactions-for-electrochemical-carbon-capture.detail.html,,,,,technology_only_not_application,0,0,0,1,0,1.514,,,,,,,,,,0.693147,0.693147,0.693147,,0.0,1.0,,,,,,,,,,,,,,,,,1,,,,,,,,,,,0.0,0.002033,1.0,,,,,,0,,0,1,1,1,1
pos_0c780410871d0167,1,bronze,provisional_positive,needs_human_review,2026-09-22,weak-signals-63-v2,tech_a2b4d55b7005,Edge AI,Edge,in-sensor computing,вычисления внутри сенсора,wildlife monitoring,мониторинга дикой природы,in-sensor computing for wildlife monitoring,вычисления внутри сенсора для мониторинга дикой природы,en,in-sensor computing wildlife monitoring,Flexible In-Sensor Computing Strain Sensor for Lower-Limb Gait Recognition,https://doi.org/10.3390/mi17060710,https://api.crossref.org/works/10.3390/mi17060710,https://doi.org/10.3390/mi17060710,2026-06-10,day,unknown,MDPI AG,"Flexible strain sensors have attracted considerable attention in gait recognition owing to their ability to adhere directly to the skin near joints and transduce local deformation. In existing work, however, sensor placement and orientation are largely determined by anatomical experience, while multi-channel classification still relies on back-end digital processors, whose power consumption and latency constrain system practicality in wearable scenarios. This paper presents an integrated design path that proceeds from skin-mechanics theory through sensor-layout optimization to analog-domain fr",title_or_abstract_terms,,0.825,1,relevant_works_in_top_200_crossref_results,curated_application+crossref_title_abstract_term_overlap+recent_science,Crossref publication supports search-term overlap only; weak-signal status and exact application require expert review.,unavailable,,,,,,,no_relevant_result,,,,,,,,,,,,,,,,found,Achieving energy-efficient in-Sensor computing via ferroelectric reconfigurable homojunctions,https://www.eurekalert.org/news-releases/1138477,2026-08-02,www.eurekalert.org,,,,,,technology_only_not_application,1,0,0,0,0,0.285,,,,,,,,,,0.693147,0.693147,0.693147,,0.0,0.0,,,,,,,,,,,,,,,,,1,,,,,,,,,,,0.0,0.018349,1.0,,,,,,0,,0,1,1,1,1
pos_db5ac86f8bfd5563,1,bronze,provisional_positive,needs_human_review,2026-09-22,weak-signals-63-v2,tech_ef41e16678ef,Biotechnology,Биотехнологии и медицина,programmable epigenome editing,программируемое редактирование эпигенома,gene therapy delivery,доставки генотерапевтических препаратов,programmable epigenome editing for gene therapy delivery,программируемое редактирование эпигенома для доставки генотерапевтических препаратов,en,programmable epigenome editing gene therapy delivery,Moving Beyond the Double-Strand Break Through CRISPR-Based Epigenome Editing for Specificity-Driven Sickle Cell Disease Therapy,https://doi.org/10.25163/biomedical.10110920,https://api.crossref.org/works/10.25163/biomedical.10110920,https://doi.org/10.25163/biomedical.10110920,2026-06-01,day,unknown,Eman Research Publishing LLC,"We conclude that specificity — not raw editing efficiency — is now the rate-limiting variable for translating epigenome editors into a durable, one-time SCD therapy, and we outline where chromatin-context modeling and delivery engineering are likely to matter most over the next several years.",same_abstract_sentence,,0.883333,20,relevant_works_in_top_200_crossref_results,curated_application+crossref_title_abstract_term_overlap+recent_science,Crossref publication supports search-term overlap only; weak-signal status and exact application require expert review.,unavailable,,,,,,,no_relevant_result,,,,,,,,,,,,,,,,found,Omega Therapeutics Stock: Pioneering RNA Editing in Biotech Precision Medicine Landscape,https://www.ad-hoc-news.de/boerse/news/ueberblick/omega-therapeutics-stock-pioneering-rna-editing-in-biotech-precision/69007485,2026-03-27,www.ad-hoc-news.de,,Epitome Therapeutics Raises €4 Million To Advance Epigenome Editing Platform,https://pulse2.com/epitome-therapeutics-raises-e4-million-to-advance-epigenome-editing-platform/,2026-07-06,€4 M,technology_only_not_application,0,0,0,1,0,8.06,,,,,,,,,,2.484907,0.606136,-0.492476,,0.0,0.1,,,,,,,,,,,,,,,,,1,,,,,,,,,,,0.261506,0.0,0.35,,,,,,1,,0,1,1,1,1
pos_2b06eb9ea011a069,1,bronze,provisional_positive,needs_human_review,2026-09-22,weak-signals-63-v2,tech_d24a7ee19fc3,AI security,Защита ИИ,machine unlearning,машинное разобучение,defense systems,оборонных систем,machine unlearning for defense systems,машинное разобучение для оборонных систем,en,machine unlearning defense systems,Unlearning Under Siege: How Machine Unlearning Degrades Adversarial Robustness,https://doi.org/10.2139/ssrn.6537881,https://api.crossref.org/works/10.2139/ssrn.6537881,https://doi.org/10.2139/ssrn.6537881,2026-01-01,year,unknown,Elsevier BV,"Machine unlearning enables trained models to comply with data deletion regulations by removing individual data points, but its interaction with adversarial robustness remains unexplored. We provide the first formal analysis of how Newton-step certified unlearning degrades adversarial robustness, framing unlearning as a new attack surface through which adversaries can compromise deployed models. We prove three results: (1) a per-deletion bound on adversarial margin sensitivity that is O(1/n); (2) a formula for robustness deletion capacity, the maximum adversarial deletions before the margin dro",title_or_abstract_terms,,1.0,14,relevant_works_in_top_200_crossref_results,curated_application+crossref_title_abstract_term_overlap+recent_science,Crossref publication supports search-term overlap only; weak-signal status and exact application require expert review.,unavailable,,,,,,,no_relevant_result,,,,,,,,,,,,,,,,found,Machine unlearning gets a practical privacy upgrade,https://www.helpnetsecurity.com/2025/07/17/machine-unlearning-privacy-upgrade/,2025-07-16,www.helpnetsecurity.com,https://news.utexas.edu/2024/03/21/machine-unlearning-helps-generative-ai-forget-copyright-protected-and-violent-content/,,,,,technology_only_not_application,0,0,0,1,0,2.338,,,,,,,,,,2.70805,1.466337,0.367725,,0.0,0.666667,,,,,,,,,,,,,,,,,1,,,,,,,,,,,0.0,0.016387,1.0,,,,,,1,,0,1,1,1,1
pos_c786796be560f113,1,bronze,provisional_positive,needs_human_review,2026-09-22,weak-signals-63-v2,tech_2821e567cd98,Industrial AI,Индустриальный ИИ,reinforcement learning on industrial controllers,обучение с подкреплением на промышленных контроллерах,chemical process plants,химических производств,reinforcement learning on industrial controllers for chemical process plants,обучение с подкреплением на промышленных контроллерах для химических производств,en,reinforcement learning on industrial controllers chemical process plants,"Reinforcement Learning in Process Control: Theory, Algorithms, and Industrial Applications",https://doi.org/10.2139/ssrn.5717623,https://api.crossref.org/works/10.2139/ssrn.5717623,https://doi.org/10.2139/ssrn.5717623,2025-01-01,year,unknown,Elsevier BV,"We analyze model-free and model-based RL algorithms for dynamic systems, explore constrained and robust learning for safety-critical operations, and highlight applications in chemical reactors, distillation columns, and thermal processes.",same_abstract_sentence,,0.8375,3,relevant_works_in_top_200_crossref_results,curated_application+crossref_title_abstract_term_overlap+recent_science,Crossref publication supports search-term overlap only; weak-signal status and exact application require expert review.,unavailable,,,,,,,no_relevant_result,,,,,,,,,,,,,,,,found,“Reinforcement Learning” Fuels the Rise of Adaptive Controllers (Download),https://www.electronicdesign.com/technologies/industrial/document/55361687/reinforcement-learning-fuels-the-rise-of-adaptive-controllers-download,2026-03-03,www.electronicdesign.com,,,,,,technology_only_not_application,0,0,0,1,0,4.444,,,,,,,,,,1.098612,1.098612,1.791759,,0.0,1.0,,,,,,,,,,,,,,,,,1,,,,,,,,,,,0.0,0.024353,1.0,,,,,,1,,0,1,1,1,1
pos_30c7f63121f55e58,1,bronze,provisional_positive,needs_human_review,2026-09-22,weak-signals-63-v2,tech_9a5298f62ba5,AI infrastructure,Инфраструктура ИИ,optical circuit switching,оптическая коммутация каналов,distributed model serving,распределённого обслуживания моделей,optical circuit switching for distributed model serving,оптическая коммутация каналов для распределённого обслуживания моделей,en,optical circuit switching distributed model serving,Coflow transmission optimization for satellite distributed computing: a joint strategy of delay-balanced routing and conflict-avoiding optical circuit switching scheduling,https://doi.org/10.1364/jocn.581247,https://api.crossref.org/works/10.1364/jocn.581247,https://doi.org/10.1364/jocn.581247,2026-04-29,day,unknown,Optica Publishing Group,"By constructing an optical circuit conflict graph to model the scheduling constraints between flows, a greedy coflow matching algorithm based on maximum degree conflict first (MDCF) is proposed to heuristically find the maximum independent sets, thereby effectively resolving optical circuit conflicts.",same_abstract_sentence,,0.883333,1,relevant_works_in_top_200_crossref_results,curated_application+crossref_title_abstract_term_overlap+recent_science,Crossref publication supports search-term overlap only; weak-signal status and exact application require expert review.,unavailable,,,,,,,no_relevant_result,,,,,,,,,,,,,,,,found,UTStarcom Holdings Corp. Unveils Optical Circuit Switching Solution for AI Data Centers At Cioe 2026,https://www.marketscreener.com/news/utstarcom-holdings-corp-unveils-optical-circuit-switching-solution-for-ai-data-centers-at-cioe-2026-ce785ad8db88ff22,2026-09-21,www.marketscreener.com,,,,,,technology_only_not_application,1,0,0,0,0,0.4,,,,,,,,,,0.693147,0.693147,0.693147,,0.6,0.0,,,,,,,,,,,,,,,,,1,,,,,,,,,,,0.0,0.029412,0.0,,,,,,0,,0,1,1,1,1
pos_3a742297f2884f6b,1,bronze,provisional_positive,needs_human_review,2026-09-22,weak-signals-63-v2,tech_b3c29b1ce239,Quantum technology,Квантовые технологии,neutral-atom quantum processors,квантовые процессоры на нейтральных атомах,quantum chemistry,квантовой химии,neutral-atom quantum processors for quantum chemistry,квантовые процессоры на нейтральных атомах для квантовой химии,en,neutral-atom quantum processors quantum chemistry,A Scalable Heuristic for Molecular Docking on Neutral-Atom Quantum Processors,https://doi.org/10.1109/qccl70331.2026.11668570,https://api.crossref.org/works/10.1109/qccl70331.2026.11668570,https://doi.org/10.1109/qccl70331.2026.11668570,2026-06-01,month,unknown,IEEE,A Scalable Heuristic for Molecular Docking on Neutral-Atom Quantum Processors,title_terms_only,,0.825,89,relevant_works_in_top_200_crossref_results,curated_application+crossref_title_abstract_term_overlap+recent_science,Crossref publication supports search-term overlap only; weak-signal status and exact application require expert review.,unavailable,,,,,,,no_relevant_result,,,,,,,,,,,,,,,,found,"Fast, continuous, and coherent atom reloading in a neutral-atom qubit array",https://www.science.org/doi/10.1126/science.adz9952,2026-09-16,www.science.org,,,,,,technology_only_not_application,0,0,0,1,0,8.309,,,,,,,,,,4.060443,0.503104,0.07822,,0.0,0.166667,,,,,,,,,,,,,,,,,1,,,,,,,,,,,0.0,0.050099,0.134831,,,,,,1,,0,1,1,1,1
pos_2da1a3d595b3902c,1,bronze,provisional_positive,needs_human_review,2026-09-22,weak-signals-63-v2,tech_b0b7d837ef80,Space and ocean,Космос и океан,space-based solar power,космическая солнечная энергетика,lunar construction,строительства на Луне,space-based solar power for lunar construction,космическая солнечная энергетика для строительства на Луне,en,space-based solar power lunar construction,Regulating Space-Based Solar Power: Challenges Under Both Space Law and Energy Law,https://doi.org/10.25172/jalc.91.3.2,https://api.crossref.org/works/10.25172/jalc.91.3.2,https://doi.org/10.25172/jalc.91.3.2,2026-08-26,day,unknown,Southern Methodist University,"It also supports future space activities by providing scalable power for satellites, lunar infrastructures, and deep-space missions.",same_abstract_sentence,,0.825,7,relevant_works_in_top_200_crossref_results,curated_application+crossref_title_abstract_term_overlap+recent_science,Crossref publication supports search-term overlap only; weak-signal status and exact application require expert review.,unavailable,,,,,,,no_relevant_result,,,,,,,,,,,,,,,,found,Is the AI boom getting us any closer to space-based solar?,https://www.latitudemedia.com/news/is-the-ai-boom-getting-us-any-closer-to-space-based-solar/,2026-09-22,www.latitudemedia.com,,,,,,technology_only_not_application,0,0,0,1,0,4.435,,,,,,,,,,1.94591,1.098612,1.098612,,0.05,0.0,,,,,,,,,,,,,,,,,1,,,,,,,,,,,0.0,0.0,0.0,,,,,,1,,0,1,1,1,1
pos_89bc9366d5e8f58b,1,bronze,provisional_positive,needs_human_review,2026-09-22,weak-signals-63-v2,tech_3eeb530de6d6,Advanced materials,Передовые материалы,programmable mechanical metamaterials,программируемые механические метаматериалы,flexible medical devices,гибких медицинских устройств,programmable mechanical metamaterials for flexible medical devices,программируемые механические метаматериалы для гибких медицинских устройств,en,programmable mechanical metamaterials flexible medical devices,Electro‐Thermally Controlled Active Mechanical Metamaterials with Programmable Stiffness and Nonreciprocity,https://doi.org/10.1002/advs.202511669,https://api.crossref.org/works/10.1002/advs.202511669,https://doi.org/10.1002/advs.202511669,2025-08-28,day,unknown,Wiley,"Abstract Active mechanical metamaterials have the potential to revolutionize material capabilities, by switching between different properties. The active mechanical metamaterial presented here can be remotely programmed to switch between compressive and shear deformation modes that cause stark changes in stiffness. The considered metamaterial uses controlled instabilities to change the buckling mode of electro‐thermally activated beams. The beams form electrical circuits. When selectively charged, they heat (and soften). The effects of manufacturing imperfections are overcome by connecting the",title_or_abstract_terms,,0.883333,2,relevant_works_in_top_200_crossref_results,curated_application+crossref_title_abstract_term_overlap+recent_science,Crossref publication supports search-term overlap only; weak-signal status and exact application require expert review.,unavailable,,,,,,,no_relevant_result,,,,,,,,,,,,,,,,found,"Nanomaterials Transformed by Engineering Shape, Not Chemistry",https://www.azonano.com/news.aspx?newsID=41618,2026-01-23,www.azonano.com,,,,,,technology_only_not_application,1,0,0,0,0,6.034,,,,,,,,,,0.693147,0.693147,0.693147,,0.846154,0.0,,,,,,,,,,,,,,,,,1,,,,,,,,,,,0.0,0.015385,0.0,,,,,,0,,0,1,1,1,1
pos_59ba8dc1b19222dc,1,bronze,provisional_positive,needs_human_review,2026-09-22,weak-signals-63-v2,tech_556ef07a633e,Food and agriculture,Пищевые и агротехнологии,precision fermentation,прецизионная ферментация,low-carbon protein production,низкоуглеродного производства белка,precision fermentation for low-carbon protein production,прецизионная ферментация для низкоуглеродного производства белка,en,precision fermentation low-carbon protein production,"Precision Fermentation for Animal-Free Dairy Proteins: Microbial Chassis, Molecular Fidelity, Downstream Processing, and the Route to Economic and Regulatory Parity",https://doi.org/10.20944/preprints202609.1464.v1,https://api.crossref.org/works/10.20944/preprints202609.1464.v1,https://doi.org/10.20944/preprints202609.1464.v1,2026-09-17,day,unknown,MDPI AG,"Dairy proteins, the caseins and whey proteins, underpin the texture, nutrition and functionality of the global dairy sector, yet conventional production ranks among the largest contributors to agricultural land use, greenhouse gas emissions and water consumption. This review synthesises the science and industrialization of precision fermentation as a route to bio-identical dairy proteins made in engineered microorganisms. It focuses on secreted bovine milk proteins (β lactoglobulin, the caseins and lactoferrin) and, as the closest functional comparator, egg ovalbumin, drawing on literature pub",title_or_abstract_terms,,0.883333,22,relevant_works_in_top_200_crossref_results,curated_application+crossref_title_abstract_term_overlap+recent_science,Crossref publication supports search-term overlap only; weak-signal status and exact application require expert review.,unavailable,,,,,,,no_relevant_result,,,,,,,,,,,,,,,,found,Scientists Estimate Precision-Fermented Milk Could Use 96% Less Land,https://dairynews.today/news/scientists_estimate_precision_fermented_milk_could_use_96_less_land_2406382.html,2026-09-18,dairynews.today,,,,,,technology_only_not_application,1,0,0,0,0,3.981,,,,,,,,,,3.091042,1.335001,-0.274437,,0.0,0.166667,,,,,,,,,,,,,,,,,1,,,,,,,,,,,0.924499,0.000308,0.5,,,,,,1,,0,1,1,1,1
pos_ce092438dc18b648,1,bronze,provisional_positive,needs_human_review,2026-09-22,weak-signals-63-v2,tech_ba7bad14c1c9,Robotics,Роботы,decentralized robot swarms,децентрализованные рои роботов,flexible manufacturing,гибкого производства,decentralized robot swarms for flexible manufacturing,децентрализованные рои роботов для гибкого производства,en,decentralized robot swarms flexible manufacturing,Decentralized Coordination Architectures for Intelligent Agent Swarms,https://doi.org/10.54254/2755-2721/2026.36380,https://api.crossref.org/works/10.54254/2755-2721/2026.36380,https://doi.org/10.54254/2755-2721/2026.36380,2026-08-28,day,unknown,EWA Publishing,"Large swarms of intelligent agents are useful only when coordination still works after the tidy assumptions of a laboratory test disappear. That is the practical problem behind decentralized coordination architectures. The review follows the field from graph-based modeling and consensus theory to the less tidy questions that appear in deployment: delayed messages, changing topology, faulty agents, and limited computation. The discussion treats distributed consensus, event-triggered communication, resilient control, fault-tolerant design, and cognition-inspired adaptation as parts of one archit",title_or_abstract_terms,,0.608333,4,relevant_works_in_top_200_crossref_results,curated_application+crossref_title_abstract_term_overlap+recent_science,Crossref publication supports search-term overlap only; weak-signal status and exact application require expert review.,unavailable,,,,,,,no_relevant_result,,,,,,,,,,,,,,,,found,Decentralized Declustering of Multiple Underactuated Autonomous Surface Vehicles: Managing Robot Swarms in the Field,https://www.nature.com/nature-index/article/10.1109/iros60139.2025.11246947,2025-10-24,www.nature.com,,,,,,technology_only_not_application,0,0,0,1,0,2.949,,,,,,,,,,1.609438,0.693147,0.0,,0.0,0.333333,,,,,,,,,,,,,,,,,1,,,,,,,,,,,0.0,0.010139,0.25,,,,,,1,,0,1,1,1,1
pos_f40220f5b59b0cd8,1,bronze,provisional_positive,needs_human_review,2026-09-22,weak-signals-63-v2,tech_e9c200d65f1c,Fintech,Финтех,federated learning for financial crime detection,федеративное обучение для выявления финансовых преступлений,anti-money laundering,противодействия отмыванию денег,federated learning for financial crime detection for anti-money laundering,федеративное обучение для выявления финансовых преступлений для противодействия отмыванию денег,en,federated learning for financial crime detection anti-money laundering,AI-Driven Transaction Monitoring Systems (AI-TMS): Reducing False Positives and Enhancing Financial Crime Detection Through Data Integration and Machine Learning,https://doi.org/10.2139/ssrn.6732539,https://api.crossref.org/works/10.2139/ssrn.6732539,https://doi.org/10.2139/ssrn.6732539,2026-01-01,year,unknown,Elsevier BV,"Anti-money laundering (AML) transaction monitoring systems at most U.S. financial institutions remain dominated by static, threshold-based rule logic. The operational consequence is well documented: industry false-positive rates routinely exceed ninety percent, investigator capacity is consumed by alert disposition rather than financial-crime intelligence, and downstream Suspicious Activity Reports (SARs) are degraded in quality before they ever reach the Financial Crimes Enforcement Network (FinCEN). This paper proposes an AI-Driven Transaction Monitoring System (AI-TMS) ─ a hybrid architectu",title_or_abstract_terms,,0.87,9,relevant_works_in_top_200_crossref_results,curated_application+crossref_title_abstract_term_overlap+recent_science,Crossref publication supports search-term overlap only; weak-signal status and exact application require expert review.,unavailable,,,,,,,no_relevant_result,,,,,,,,,,,,,,,,found,Sigma360 And Consilient Announce Strategic Integration To Transform Financial Crime Detection With Federated Machine Learning Driven Pkyc And Transaction Risk Monitoring,https://menafn.com/1110962653/Sigma360-And-Consilient-Announce-Strategic-Integration-To-Transform-Financial-Crime-Detection-With-Federated-Machine-Learning-Driven-Pkyc-And-Transaction-Risk-Monitoring,2026-04-09,menafn.com,,,,,,technology_only_not_application,0,0,0,1,0,8.375,,,,,,,,,,2.079442,1.386294,0.693147,,0.0,0.428571,,,,,,,,,,,,,,,,,1,,,,,,,,,,,0.489716,0.021548,0.555556,,,,,,1,,0,1,1,1,1
pos_cf762c3259d9c662,1,bronze,provisional_positive,needs_human_review,2026-09-22,weak-signals-63-v2,tech_3e5ef9cafb5d,Clean energy,Энергетика и климат,electrochemical ammonia synthesis,электрохимический синтез аммиака,green steel production,производства зелёной стали,electrochemical ammonia synthesis for green steel production,электрохимический синтез аммиака для производства зелёной стали,en,electrochemical ammonia synthesis green steel production,Molybdenum-catalysed electrochemical green ammonia synthesis from dinitrogen and water,https://doi.org/10.21203/rs.3.rs-10014372/v1,https://api.crossref.org/works/10.21203/rs.3.rs-10014372/v1,https://doi.org/10.21203/rs.3.rs-10014372/v1,2026-06-16,day,unknown,Springer Science and Business Media LLC,"Electrochemical reduction of dinitrogen (N2) offers a possible route to green ammonia synthesis under ambient conditions; however, most reported systems are limited to half-reactions coupled to sacrificial anodic processes.",same_abstract_sentence,,0.883333,12,relevant_works_in_top_200_crossref_results,curated_application+crossref_title_abstract_term_overlap+recent_science,Crossref publication supports search-term overlap only; weak-signal status and exact application require expert review.,unavailable,,,,,,,no_relevant_result,,,,,,,,,,,,,,,,found,Insights into spinel cobalt oxides may lead to efficient ammonia synthesis,https://phys.org/news/2024-08-insights-spinel-cobalt-oxides-efficient.html,2024-08-27,phys.org,,,,,,technology_only_not_application,1,0,0,0,0,7.639,,,,,,,,,,1.791759,-0.405465,-0.81093,,0.0,0.333333,,,,,,,,,,,,,,,,,1,,,,,,,,,,,0.0,0.015466,0.5,,,,,,0,,0,1,1,1,1
pos_39df305bebbc3317,1,bronze,provisional_positive,needs_human_review,2026-09-22,weak-signals-63-v2,tech_96a74772ba5b,Edge AI,Edge,event-based vision sensors,событийные сенсоры машинного зрения,precision agriculture,точного земледелия,event-based vision sensors for precision agriculture,событийные сенсоры машинного зрения для точного земледелия,en,event-based vision sensors precision agriculture,Independent Motion Segmentation Based on Pure Event Data,https://doi.org/10.3390/s26092620,https://api.crossref.org/works/10.3390/s26092620,https://doi.org/10.3390/s26092620,2026-04-23,day,unknown,MDPI AG,"Event cameras are bio-inspired vision sensors offering low latency, low power consumption, and high dynamic range, capturing motion with microsecond-level precision via a per-event triggering mechanism.",same_abstract_sentence,,0.825,2,relevant_works_in_top_200_crossref_results,curated_application+crossref_title_abstract_term_overlap+recent_science,Crossref publication supports search-term overlap only; weak-signal status and exact application require expert review.,unavailable,,,,,,,no_relevant_result,,,,,,,,,,,,,,,,found,Event-Based Cameras: Why Machine Vision Is Moving Beyond Frames,https://www.azosensors.com/article.aspx?ArticleID=3364,2026-09-09,www.azosensors.com,,,,,,technology_only_not_application,1,0,0,0,0,8.66,,,,,,,,,,0.693147,0.693147,0.693147,,0.0,0.0,,,,,,,,,,,,,,,,,1,,,,,,,,,,,0.0,0.015385,1.0,,,,,,0,,0,1,1,1,1
pos_412f5aa4d837a297,1,bronze,provisional_positive,needs_human_review,2026-09-22,weak-signals-63-v2,tech_a2bd4124bb6f,Biotechnology,Биотехнологии и медицина,magnetically guided medical microrobots,магнитоуправляемые медицинские микророботы,gene therapy delivery,доставки генотерапевтических препаратов,magnetically guided medical microrobots for gene therapy delivery,магнитоуправляемые медицинские микророботы для доставки генотерапевтических препаратов,en,magnetically guided medical microrobots gene therapy delivery,Magnetically Guided Microrobots for Targeted Drug Delivery,https://doi.org/10.1002/adhm.202505942,https://api.crossref.org/works/10.1002/adhm.202505942,https://doi.org/10.1002/adhm.202505942,2026-01-22,day,unknown,Wiley,"With continued integration of engineering and biomedical research, magnetically guided microrobots hold strong potential for targeted therapy, regenerative medicine, and minimally invasive treatment, representing a significant advance in precision drug delivery.",same_abstract_sentence,,0.883333,2,relevant_works_in_top_200_crossref_results,curated_application+crossref_title_abstract_term_overlap+recent_science,Crossref publication supports search-term overlap only; weak-signal status and exact application require expert review.,unavailable,,,,,,,no_relevant_result,,,,,,,,,,,,,,,,found,Liquid Metal Microrobots for Magnetically Guided Transvascular Navigation,https://www.nature.com/nature-index/article/10.1002/adma.202518382,2025-12-18,www.nature.com,,,,,,technology_only_not_application,1,0,0,0,0,0.758,,,,,,,,,,1.098612,1.098612,1.098612,,1.069444,0.0,,,,,,,,,,,,,,,,,1,,,,,,,,,,,0.0,0.0,1.0,,,,,,1,,0,1,1,1,1
pos_684d1d248da9a8a6,1,bronze,provisional_positive,needs_human_review,2026-09-22,weak-signals-63-v2,tech_b54c259cf36d,AI security,Защита ИИ,AI agent identity and delegated authorization,идентичность ИИ-агентов и делегированная авторизация,edge AI systems,периферийных систем ИИ,AI agent identity and delegated authorization for edge AI systems,идентичность ИИ-агентов и делегированная авторизация для периферийных систем ИИ,en,AI agent identity and delegated authorization edge AI systems,"BLOCKCHAIN IN THE AGENT ECONOMY: IDENTITY, AUTHORIZATION, AND MACHINE-TO-MACHINE SETTLEMENT",https://doi.org/10.61432/cpne0401287b,https://api.crossref.org/works/10.61432/cpne0401287b,https://doi.org/10.61432/cpne0401287b,2026-09-10,day,unknown,"Oikos Institute – Research Center, Bijeljina, Bosnia and Herzegovina",Autonomous AI agents increasingly conduct economic transactions on behalf of individuals and organizations.,same_abstract_sentence,,0.883333,12,relevant_works_in_top_200_crossref_results,curated_application+crossref_title_abstract_term_overlap+recent_science,Crossref publication supports search-term overlap only; weak-signal status and exact application require expert review.,unavailable,,,,,,,no_relevant_result,,,,,,,,,,,,,,,,found,How Do AI Agents Make Payments? From Authorization to Settlement,https://tradebrains.in/brand/how-do-ai-agents-make-payments-from-authorization-to-settlement-12566534,2026-09-21,tradebrains.in,,,,,,technology_only_not_application,0,0,0,1,0,0.723,,,,,,,,,,2.564949,2.564949,2.564949,,0.0,0.833333,,,,,,,,,,,,,,,,,1,,,,,,,,,,,0.0,0.003877,0.0,,,,,,1,,0,1,1,1,1
pos_63bbd031a127e71c,1,bronze,provisional_positive,needs_human_review,2026-09-22,weak-signals-63-v2,tech_2821e567cd98,Industrial AI,Индустриальный ИИ,reinforcement learning on industrial controllers,обучение с подкреплением на промышленных контроллерах,food manufacturing,пищевого производства,reinforcement learning on industrial controllers for food manufacturing,обучение с подкреплением на промышленных контроллерах для пищевого производства,en,reinforcement learning on industrial controllers food manufacturing,Dynamic Recipe Adjustment in Industrial Processes: Exploring Reinforcement Learning Approaches,https://doi.org/10.2139/ssrn.5190573,https://api.crossref.org/works/10.2139/ssrn.5190573,https://doi.org/10.2139/ssrn.5190573,2025-01-01,year,unknown,Elsevier BV,Reinforcement learning (RL) has emerged as a promising approach for optimizing recipes and manufacturing processes in various industries.,same_abstract_sentence,,0.8375,10,relevant_works_in_top_200_crossref_results,curated_application+crossref_title_abstract_term_overlap+recent_science,Crossref publication supports search-term overlap only; weak-signal status and exact application require expert review.,unavailable,,,,,,,no_relevant_result,,,,,,,,,,,,,,,,found,“Reinforcement Learning” Fuels the Rise of Adaptive Controllers (Download),https://www.electronicdesign.com/technologies/industrial/document/55361687/reinforcement-learning-fuels-the-rise-of-adaptive-controllers-download,2026-03-03,www.electronicdesign.com,,,,,,technology_only_not_application,0,0,0,1,0,1.845,,,,,,,,,,2.397895,2.397895,2.397895,,0.0,0.3,,,,,,,,,,,,,,,,,1,,,,,,,,,,,1.415094,0.037736,1.0,,,,,,1,,0,1,1,1,1
pos_aa3a97997e669a8e,1,bronze,provisional_positive,needs_human_review,2026-09-22,weak-signals-63-v2,tech_04c7297ffefe,AI infrastructure,Инфраструктура ИИ,analog in-memory computing,аналоговые вычисления в памяти,high-performance scientific computing,высокопроизводительных научных вычислений,analog in-memory computing for high-performance scientific computing,аналоговые вычисления в памяти для высокопроизводительных научных вычислений,en,analog in-memory computing high-performance scientific computing,Analog in-Memory Computing for Scientific Machine Learning using Non-volatile Memory Devices,https://doi.org/10.2139/ssrn.7262418,https://api.crossref.org/works/10.2139/ssrn.7262418,https://doi.org/10.2139/ssrn.7262418,2026-01-01,year,unknown,Elsevier BV,"To address this, we introduce two different approaches-Analog-Aware Training (AAT) and Weak Form (Variational) Formulation, emphasizing that analog scientific computing precludes a 'one size that fits all' approach; rather, the mathematical structure of the loss function must be co-optimized with the inherent noise profiles of the devices constituting the hardware.",same_abstract_sentence,,0.883333,4,relevant_works_in_top_200_crossref_results,curated_application+crossref_title_abstract_term_overlap+recent_science,Crossref publication supports search-term overlap only; weak-signal status and exact application require expert review.,unavailable,,,,,,,no_relevant_result,,,,,,,,,,,,,,,,found,A method to create fault-tolerant analog in-memory computing systems,https://www.msn.com/en-us/news/technology/a-method-to-create-fault-tolerant-analog-in-memory-computing-systems/ar-AA27NF3m,2026-07-13,www.msn.com,https://news.ucsc.edu/2026/09/cybersecurity-compute-in-memory/,,,,,technology_only_not_application,0,0,0,1,0,6.721,,,,,,,,,,1.386294,0.405465,-0.287682,,0.0,1.0,,,,,,,,,,,,,,,,,1,,,,,,,,,,,1.310616,0.02228,1.0,,,,,,1,,0,1,1,1,1
pos_ee7ef96deac19ce3,1,bronze,provisional_positive,needs_human_review,2026-09-22,weak-signals-63-v2,tech_82d037ad270c,Quantum technology,Квантовые технологии,quantum-inspired tensor optimization,квантово-инспирированная тензорная оптимизация,materials discovery,поиска новых материалов,quantum-inspired tensor optimization for materials discovery,квантово-инспирированная тензорная оптимизация для поиска новых материалов,en,quantum-inspired tensor optimization materials discovery,"PC-ADIS: A Theoretical Framework for Multi-Modal Fusion, Quantum-Inspired Tensor Networks, and Privacy-Preserving Federated Learning",https://doi.org/10.2139/ssrn.7014978,https://api.crossref.org/works/10.2139/ssrn.7014978,https://doi.org/10.2139/ssrn.7014978,2026-01-01,year,unknown,Elsevier BV,"This work presents PC-ADIS, a comprehensive theoretical framework for multi-modal data fusion, quantum-inspired tensor network architectures, and privacy-preserving federated learning. We develop rigorous mathematical foundations for: (1) a novel cross-modal attention mechanism with provable approximation guarantees and O(d 2) complexity bounds; (2) a matrix product state (MPS) tensor network for high-dimensional data with exponential decay of approximation error; (3) a federated learning protocol with formal convergence guarantees under non-IID data distributions and differential privacy cons",title_or_abstract_terms,,0.825,2,relevant_works_in_top_200_crossref_results,curated_application+crossref_title_abstract_term_overlap+recent_science,Crossref publication supports search-term overlap only; weak-signal status and exact application require expert review.,unavailable,,,,,,,no_relevant_result,,,,,,,,,,,,,,,,found,Quantum-Inspired Optimization Algorithms for Combinatorial Problems,https://www.nature.com/nature-index/topics/l4/quantum-inspired-optimization-algorithms-for-combinatorial-problems,2025-05-31,www.nature.com,,,,,,technology_only_not_application,0,0,0,1,0,0.723,,,,,,,,,,1.098612,1.098612,1.098612,,0.0,0.5,,,,,,,,,,,,,,,,,1,,,,,,,,,,,0.0,0.0358,0.5,,,,,,1,,0,1,1,1,1
pos_4948e95de7569459,1,bronze,provisional_positive,needs_human_review,2026-09-22,weak-signals-63-v2,tech_b0b7d837ef80,Space and ocean,Космос и океан,space-based solar power,космическая солнечная энергетика,polar research,полярных исследований,space-based solar power for polar research,космическая солнечная энергетика для полярных исследований,en,space-based solar power polar research,Three Origins and a Contemporary Projection: An Economic Genealogy of Space-Based Solar Power,https://doi.org/10.65324/wewf026,https://api.crossref.org/works/10.65324/wewf026,https://doi.org/10.65324/wewf026,2026-06-15,day,unknown,Palama Publishing,"The article attempts to construct a unified economic framework for analyzing the evolution of the space-based solar power (SBSP) concept. The study shows that the genealogy of SBSP can be represented as a three-part structure in which economic motives embedded in three intellectual traditions intertwine. The first of these — the Russian planetary school of the early 20th century (V.I. Vernadsky, B. Weinberg) — viewed cosmic energy as a resource for developing new territories and overcoming energy and resource constraints. The second tradition traces back to the literary-engineering image creat",title_or_abstract_terms,,0.825,7,relevant_works_in_top_200_crossref_results,curated_application+crossref_title_abstract_term_overlap+recent_science,Crossref publication supports search-term overlap only; weak-signal status and exact application require expert review.,unavailable,,,,,,,no_relevant_result,,,,,,,,,,,,,,,,found,Is the AI boom getting us any closer to space-based solar?,https://www.latitudemedia.com/news/is-the-ai-boom-getting-us-any-closer-to-space-based-solar/,2026-09-22,www.latitudemedia.com,,,,,,technology_only_not_application,0,0,0,1,0,6.724,,,,,,,,,,1.791759,0.0,-1.386294,,0.0,0.0,,,,,,,,,,,,,,,,,1,,,,,,,,,,,0.686813,0.001374,0.428571,,,,,,0,,0,1,1,1,1
pos_57ccfc69160167fb,1,bronze,provisional_positive,needs_human_review,2026-09-22,weak-signals-63-v2,tech_36ac1cd33281,Advanced materials,Передовые материалы,two-dimensional semiconductor devices,устройства на двумерных полупроводниках,flexible medical devices,гибких медицинских устройств,two-dimensional semiconductor devices for flexible medical devices,устройства на двумерных полупроводниках для гибких медицинских устройств,en,two-dimensional semiconductor devices flexible medical devices,Two-Dimensional Semiconductor Materials,https://doi.org/10.62051/4mqtv311,https://api.crossref.org/works/10.62051/4mqtv311,https://doi.org/10.62051/4mqtv311,2024-11-25,day,unknown,Warwick Evans Publishing,"The unique characteristics of 2D materials enable the creation of ultra-thin, flexible, and highly efficient devices that can perform tasks previously unattainable with conventional materials.",same_abstract_sentence,,0.883333,4,relevant_works_in_top_200_crossref_results,curated_application+crossref_title_abstract_term_overlap+recent_science,Crossref publication supports search-term overlap only; weak-signal status and exact application require expert review.,unavailable,,,,,,,no_relevant_result,,,,,,,,,,,,,,,,found,IISER scientists develop ultra-thin electronic devices using novel 2D semiconductor,https://www.hindustantimes.com/cities/pune-news/iiser-scientists-develop-ultra-thin-electronic-devices-using-novel-2d-semiconductor-101771527761115.html,2026-02-19,www.hindustantimes.com,,,,,,technology_only_not_application,1,0,0,0,0,5.309,,,,,,,,,,1.386294,1.386294,2.079442,,0.0,0.0,,,,,,,,,,,,,,,,,1,,,,,,,,,,,1.455604,0.039301,0.25,,,,,,1,,0,1,1,1,1
pos_dcc83ddd352b1e77,1,bronze,provisional_positive,needs_human_review,2026-09-22,weak-signals-63-v2,tech_556ef07a633e,Food and agriculture,Пищевые и агротехнологии,precision fermentation,прецизионная ферментация,agricultural carbon measurement,измерения углерода в сельском хозяйстве,precision fermentation for agricultural carbon measurement,прецизионная ферментация для измерения углерода в сельском хозяйстве,en,precision fermentation agricultural carbon measurement,"Precision Fermentation for Animal-Free Dairy Proteins: Microbial Chassis, Molecular Fidelity, Downstream Processing, and the Route to Economic and Regulatory Parity",https://doi.org/10.20944/preprints202609.1464.v1,https://api.crossref.org/works/10.20944/preprints202609.1464.v1,https://doi.org/10.20944/preprints202609.1464.v1,2026-09-17,day,unknown,MDPI AG,"Dairy proteins, the caseins and whey proteins, underpin the texture, nutrition and functionality of the global dairy sector, yet conventional production ranks among the largest contributors to agricultural land use, greenhouse gas emissions and water consumption. This review synthesises the science and industrialization of precision fermentation as a route to bio-identical dairy proteins made in engineered microorganisms. It focuses on secreted bovine milk proteins (β lactoglobulin, the caseins and lactoferrin) and, as the closest functional comparator, egg ovalbumin, drawing on literature pub",title_or_abstract_terms,,0.883333,1,relevant_works_in_top_200_crossref_results,curated_application+crossref_title_abstract_term_overlap+recent_science,Crossref publication supports search-term overlap only; weak-signal status and exact application require expert review.,unavailable,,,,,,,no_relevant_result,,,,,,,,,,,,,,,,found,Scientists Estimate Precision-Fermented Milk Could Use 96% Less Land,https://dairynews.today/news/scientists_estimate_precision_fermented_milk_could_use_96_less_land_2406382.html,2026-09-18,dairynews.today,,,,,,technology_only_not_application,1,0,0,0,0,0.014,,,,,,,,,,0.693147,0.693147,0.693147,,0.0,1.0,,,,,,,,,,,,,,,,,1,,,,,,,,,,,0.0,0.0,0.0,,,,,,0,,0,1,1,1,1
pos_993530dbe8e99d9d,1,bronze,provisional_positive,needs_human_review,2026-09-22,weak-signals-63-v2,tech_ba7bad14c1c9,Robotics,Роботы,decentralized robot swarms,децентрализованные рои роботов,laboratory automation,автоматизации лабораторий,decentralized robot swarms for laboratory automation,децентрализованные рои роботов для автоматизации лабораторий,en,decentralized robot swarms laboratory automation,Decentralized Coordination Architectures for Intelligent Agent Swarms,https://doi.org/10.54254/2755-2721/2026.36380,https://api.crossref.org/works/10.54254/2755-2721/2026.36380,https://doi.org/10.54254/2755-2721/2026.36380,2026-08-28,day,unknown,EWA Publishing,Large swarms of intelligent agents are useful only when coordination still works after the tidy assumptions of a laboratory test disappear.,same_abstract_sentence,,0.608333,3,relevant_works_in_top_200_crossref_results,curated_application+crossref_title_abstract_term_overlap+recent_science,Crossref publication supports search-term overlap only; weak-signal status and exact application require expert review.,unavailable,,,,,,,no_relevant_result,,,,,,,,,,,,,,,,found,Decentralized Declustering of Multiple Underactuated Autonomous Surface Vehicles: Managing Robot Swarms in the Field,https://www.nature.com/nature-index/article/10.1109/iros60139.2025.11246947,2025-10-24,www.nature.com,,,,,,technology_only_not_application,0,0,0,1,0,2.949,,,,,,,,,,1.386294,0.405465,-0.287682,,0.0,0.0,,,,,,,,,,,,,,,,,1,,,,,,,,,,,2.257336,0.011287,0.333333,,,,,,1,,0,1,1,1,1
pos_f1dde8647b489a68,1,bronze,provisional_positive,needs_human_review,2026-09-22,weak-signals-63-v2,tech_5b2a1cc5338a,Fintech,Финтех,tokenized commercial bank deposits,токенизированные депозиты коммерческих банков,cross-border settlement,трансграничных расчётов,tokenized commercial bank deposits for cross-border settlement,токенизированные депозиты коммерческих банков для трансграничных расчётов,en,tokenized commercial bank deposits cross-border settlement,"Stablecoins as a New Monetary Layer: Market Structure, Reserve Design, and the Competition with Tokenized Deposits",https://doi.org/10.14505/tpref.v17.2(38).21,https://api.crossref.org/works/10.14505/tpref.v17.2(38).21,https://doi.org/10.14505/tpref.v17.2(38).21,2026-06-30,day,unknown,SC ASERS SRL,"The paper concludes that, under recent regulatory developments including MiCA in the European Union and the GENIUS Act in the United States, the most coherent monetary architecture is one in which central bank money remains the ultimate settlement anchor, tokenized deposits extend regulated bank money into programmable environments, and stablecoins operate as specialized private instruments under strong constraints on reserves and redemption.",same_abstract_sentence,,0.8375,6,relevant_works_in_top_200_crossref_results,curated_application+crossref_title_abstract_term_overlap+recent_science,Crossref publication supports search-term overlap only; weak-signal status and exact application require expert review.,unavailable,,,,,,,found,First Abu Dhabi Bank Executes Landmark Live Tokenized Deposit Settlement with Citi via Swift Ledger,https://thefintechtimes.com/first-abu-dhabi-bank-executes-landmark-live-tokenized-deposit-settlement-with-citi-via-swift-ledger/,2026-09-16,thefintechtimes.com,"First Abu Dhabi Bank (FAB) becomes the first MEA bank to execute live USD transactions at scale using tokenized deposits through Swift’s Ledger MVP, enabling 24/7 cross-border settlement.",,,,,,,,,,,found,Wells Fargo to launch tokenized deposits for corporate clients,https://techannouncer.com/tokenized-deposits-wells-fargo-corporate-launch/,2026-09-17,techannouncer.com,,,,,,technology_only_not_application,1,0,0,0,0,0.723,,,,,,,,,,1.94591,1.94591,1.94591,,0.0,0.666667,,,,,,,,,,,,,,,,,2,,,,,,,,,,,0.0,0.00079,0.333333,,,,,,1,,0,1,1,1,1
pos_0b11a5fc4d46b3f7,1,bronze,provisional_positive,needs_human_review,2026-09-22,weak-signals-63-v2,tech_2a9034457e21,Clean energy,Энергетика и климат,sodium-ion batteries,натрий-ионные аккумуляторы,seasonal energy storage,сезонного хранения энергии,sodium-ion batteries for seasonal energy storage,натрий-ионные аккумуляторы для сезонного хранения энергии,en,sodium-ion batteries seasonal energy storage,"Sodium-Ion Batteries: Advances, Challenges, and Roadmap to Commercialization",https://doi.org/10.3390/batteries12040131,https://api.crossref.org/works/10.3390/batteries12040131,https://doi.org/10.3390/batteries12040131,2026-04-09,day,unknown,MDPI AG,"Sodium-ion batteries (SIBs) have emerged as one of the most promising alternatives to lithium-ion systems, driven by the abundance and low cost of sodium resources as well as the urgent demand for sustainable large-scale energy storage.",same_abstract_sentence,,0.883333,5,relevant_works_in_top_200_crossref_results,curated_application+crossref_title_abstract_term_overlap+recent_science,Crossref publication supports search-term overlap only; weak-signal status and exact application require expert review.,unavailable,,,,,,,found,GM Working On Sodium-Ion Batteries For Energy Storage Solutions,https://gmauthority.com/blog/2026/06/gm-working-on-sodium-ion-batteries-for-energy-storage-solutions/,2026-06-10,gmauthority.com,GM is expanding its battery ambitions beyond electric vehicles and into the power grid. The Detroit automaker announced on Tuesday that it is developing next-generation sodium-ion battery cells ...,,,,,,,,,,,found,"Sodium-ion batteries are cheaper, and new index shows when they can replace lithium-ion",https://www.msn.com/en-us/technology/tech-companies/sodium-ion-batteries-are-cheaper-and-new-index-shows-when-they-can-replace-lithium-ion/ar-AA2cMfXQ,2026-09-22,www.msn.com,,,,,,technology_only_not_application,1,0,0,0,0,7.682,,,,,,,,,,1.609438,0.0,-1.098612,,1.321053,0.0,,,,,,,,,,,,,,,,,2,,,,,,,,,,,0.0,0.015677,0.4,,,,,,0,,0,1,1,1,1
pos_2f83762821cab3f0,1,bronze,provisional_positive,needs_human_review,2026-09-22,weak-signals-63-v2,tech_96a74772ba5b,Edge AI,Edge,event-based vision sensors,событийные сенсоры машинного зрения,wildlife monitoring,мониторинга дикой природы,event-based vision sensors for wildlife monitoring,событийные сенсоры машинного зрения для мониторинга дикой природы,en,event-based vision sensors wildlife monitoring,Event-Based Machine Vision for Edge AI Computing,https://doi.org/10.3390/s26030935,https://api.crossref.org/works/10.3390/s26030935,https://doi.org/10.3390/s26030935,2026-02-01,day,unknown,MDPI AG,"Event-based sensors provide sparse, motion-centric measurements that can reduce data bandwidth and enable always-on perception on resource-constrained edge devices. This paper presents an event-based machine vision framework for smart-home AIoT that couples a Dynamic Vision Sensor (DVS) with compute-efficient algorithms for (i) human/object detection, (ii) 2D human pose estimation, (iii) hand posture recognition for human–machine interfaces. The main methodological contributions are timestamp-based, polarity-agnostic recency encoding that preserves moving-edge structure while suppressing stati",title_or_abstract_terms,,0.825,3,relevant_works_in_top_200_crossref_results,curated_application+crossref_title_abstract_term_overlap+recent_science,Crossref publication supports search-term overlap only; weak-signal status and exact application require expert review.,unavailable,,,,,,,no_relevant_result,,,,,,,,,,,,,,,,found,Event-Based Cameras: Why Machine Vision Is Moving Beyond Frames,https://www.azosensors.com/article.aspx?ArticleID=3364,2026-09-09,www.azosensors.com,,,,,,technology_only_not_application,1,0,0,0,0,7.762,,,,,,,,,,0.693147,0.0,-0.693147,,0.571429,0.0,,,,,,,,,,,,,,,,,1,,,,,,,,,,,0.0,0.009554,1.0,,,,,,0,,0,1,1,1,1
pos_00b97160d77e457d,1,bronze,provisional_positive,needs_human_review,2026-09-22,weak-signals-63-v2,tech_ef41e16678ef,Biotechnology,Биотехнологии и медицина,programmable epigenome editing,программируемое редактирование эпигенома,targeted drug delivery,адресной доставки лекарств,programmable epigenome editing for targeted drug delivery,программируемое редактирование эпигенома для адресной доставки лекарств,en,programmable epigenome editing targeted drug delivery,CRISPR-Cas9 Technology for Epigenome Editing in Precision Medicine,https://doi.org/10.4018/979-8-3373-4857-5.ch009,https://api.crossref.org/works/10.4018/979-8-3373-4857-5.ch009,https://doi.org/10.4018/979-8-3373-4857-5.ch009,2026-01-07,day,unknown,IGI Global Scientific Publishing,"CRISPR–Cas9, originally derived from a bacterial adaptive immune system, has rapidly evolved into a transformative platform for genome and epigenome engineering with broad applications in biology and precision medicine. Guided by single-guide RNAs, the Cas9 nuclease introduces targeted DNA modifications through cellular repair pathways. Meanwhile, engineered variants, such as high-fidelity nucleases, nickases, and nuclease-deficient dCas9, extend their functionality to precise gene regulation, epigenetic modulation, RNA editing, and live-cell genomic imaging. dCas9-based effectors enable locus",title_or_abstract_terms,,0.883333,8,relevant_works_in_top_200_crossref_results,curated_application+crossref_title_abstract_term_overlap+recent_science,Crossref publication supports search-term overlap only; weak-signal status and exact application require expert review.,unavailable,,,,,,,no_relevant_result,,,,,,,,,,,,,,,,found,Omega Therapeutics Stock: Pioneering RNA Editing in Biotech Precision Medicine Landscape,https://www.ad-hoc-news.de/boerse/news/ueberblick/omega-therapeutics-stock-pioneering-rna-editing-in-biotech-precision/69007485,2026-03-27,www.ad-hoc-news.de,,Epitome Therapeutics Raises €4 Million To Advance Epigenome Editing Platform,https://pulse2.com/epitome-therapeutics-raises-e4-million-to-advance-epigenome-editing-platform/,2026-07-06,€4 M,technology_only_not_application,1,0,0,0,0,6.784,,,,,,,,,,1.609438,0.0,-0.693147,,0.0,0.0,,,,,,,,,,,,,,,,,1,,,,,,,,,,,0.616903,0.0,0.625,,,,,,0,,0,1,1,1,1
pos_2846b481ac27f83e,1,bronze,provisional_positive,needs_human_review,2026-09-22,weak-signals-63-v2,tech_b54c259cf36d,AI security,Защита ИИ,AI agent identity and delegated authorization,идентичность ИИ-агентов и делегированная авторизация,financial service agents,агентов финансовых сервисов,AI agent identity and delegated authorization for financial service agents,идентичность ИИ-агентов и делегированная авторизация для агентов финансовых сервисов,en,AI agent identity and delegated authorization financial service agents,SECURING AGENTIC COMMERCE THROUGH BEHAVIOR-AWARE FRAUD DETECTION AND CYBERSECURITY FOR TRUSTED AI-AGENT PAYMENT AUTHORIZATION,https://doi.org/10.5121/ijci.2026.150406,https://api.crossref.org/works/10.5121/ijci.2026.150406,https://doi.org/10.5121/ijci.2026.150406,2026-08-28,day,unknown,Academy and Industry Research Collaboration Center (AIRCC),"ACAGS was evaluated using a large-scale synthetic financial transaction dataset extended with a simulated agentic-commerce layer representing agent identity, delegated spending limits, authorization scope, trust characteristics, and five adversarial scenarios.",same_abstract_sentence,,0.883333,4,relevant_works_in_top_200_crossref_results,curated_application+crossref_title_abstract_term_overlap+recent_science,Crossref publication supports search-term overlap only; weak-signal status and exact application require expert review.,unavailable,,,,,,,no_relevant_result,,,,,,,,,,,,,,,,found,How Do AI Agents Make Payments? From Authorization to Settlement,https://tradebrains.in/brand/how-do-ai-agents-make-payments-from-authorization-to-settlement-12566534,2026-09-21,tradebrains.in,,,,,,technology_only_not_application,0,0,0,1,0,0.723,,,,,,,,,,1.609438,1.609438,1.609438,,0.0,0.5,,,,,,,,,,,,,,,,,1,,,,,,,,,,,0.0,0.007769,1.0,,,,,,1,,0,1,1,1,1
pos_784a6f9f50ab053e,1,bronze,provisional_positive,needs_human_review,2026-09-22,weak-signals-63-v2,tech_2821e567cd98,Industrial AI,Индустриальный ИИ,reinforcement learning on industrial controllers,обучение с подкреплением на промышленных контроллерах,water treatment plants,станций водоочистки,reinforcement learning on industrial controllers for water treatment plants,обучение с подкреплением на промышленных контроллерах для станций водоочистки,en,reinforcement learning on industrial controllers water treatment plants,"Reinforcement Learning in Process Control: Theory, Algorithms, and Industrial Applications",https://doi.org/10.2139/ssrn.5717623,https://api.crossref.org/works/10.2139/ssrn.5717623,https://doi.org/10.2139/ssrn.5717623,2025-01-01,year,unknown,Elsevier BV,"Process industries-from petrochemical refineries and power plants to water treatment and pharmaceutical systems-rely on high-performance control for safe, efficient, and sustainable operation. Traditional model-based control frameworks, including PID, MPC, and adaptive control, provide stability guarantees but often degrade under process nonlinearity, delays, and unknown disturbances. Reinforcement Learning (RL) offers a paradigm shift by autonomously learning optimal control policies through interaction, leveraging data to approximate optimal cost-to-go functions or policies. This paper prese",title_or_abstract_terms,,0.8375,1,relevant_works_in_top_200_crossref_results,curated_application+crossref_title_abstract_term_overlap+recent_science,Crossref publication supports search-term overlap only; weak-signal status and exact application require expert review.,unavailable,,,,,,,no_relevant_result,,,,,,,,,,,,,,,,found,“Reinforcement Learning” Fuels the Rise of Adaptive Controllers (Download),https://www.electronicdesign.com/technologies/industrial/document/55361687/reinforcement-learning-fuels-the-rise-of-adaptive-controllers-download,2026-03-03,www.electronicdesign.com,,,,,,technology_only_not_application,0,0,0,1,0,1.722,,,,,,,,,,0.693147,0.693147,0.693147,,0.0,1.0,,,,,,,,,,,,,,,,,1,,,,,,,,,,,0.0,0.035088,0.0,,,,,,0,,0,1,1,1,1
pos_782153c5d45c6221,1,bronze,provisional_positive,needs_human_review,2026-09-22,weak-signals-63-v2,tech_c4d4a95e99c6,AI infrastructure,Инфраструктура ИИ,neuromorphic processors,нейроморфные процессоры,energy-efficient edge inference,энергоэффективного edge-инференса,neuromorphic processors for energy-efficient edge inference,нейроморфные процессоры для энергоэффективного edge-инференса,en,neuromorphic processors energy-efficient edge inference,Neuromorphic Photonic Processors for Ultra-Low-Latency Edge Inference,https://doi.org/10.1109/optima67660.2025.11380376,https://api.crossref.org/works/10.1109/optima67660.2025.11380376,https://doi.org/10.1109/optima67660.2025.11380376,2025-12-04,day,unknown,IEEE,Neuromorphic Photonic Processors for Ultra-Low-Latency Edge Inference,title_terms_only,,0.883333,2,relevant_works_in_top_200_crossref_results,curated_application+crossref_title_abstract_term_overlap+recent_science,Crossref publication supports search-term overlap only; weak-signal status and exact application require expert review.,manual_page_review,Neuromorphic-Ternary Hybrid Architecture for Energy-Efficient AI Processing,https://patents.google.com/patent/US20250278619A1/en,US20250278619A1,2025-09-04,Individual,"This system is especially well-suited for real-time AI on edge devices, robotics, and adaptive embedded systems.",found,Innatera Selects Synopsys Simulation to Scale Brain-Inspired Processors for Edge Devices,https://www.morningstar.com/news/pr-newswire/20260302sf98370/innatera-selects-synopsys-simulation-to-scale-brain-inspired-processors-for-edge-devices,2026-03-01,www.morningstar.com,"Synopsys helps Innatera design chips that enable real-time, energy-efficient AI processing at the edge, catalyzing the development of next-generation applications in physical AI Synopsys ...",,,,,,,,,,,found,Why Is Microchip Technology (MCHP) Getting Fresh Edge AI Validation?,https://uk.finance.yahoo.com/news/why-microchip-technology-mchp-getting-031710426.html,2026-09-18,uk.finance.yahoo.com,,,,,,technology_only_not_application,0,0,0,1,0,2.56,,,,,,,,,,1.098612,0.0,-0.693147,,0.0,0.0,,,,,,,,,,,,,,,,,3,,,,,,,,,,,0.0,0.016575,0.0,,,,,,0,,0,1,1,1,1
pos_d085c7ff2c79c6c2,1,bronze,provisional_positive,needs_human_review,2026-09-22,weak-signals-63-v2,tech_82d037ad270c,Quantum technology,Квантовые технологии,quantum-inspired tensor optimization,квантово-инспирированная тензорная оптимизация,quantum chemistry,квантовой химии,quantum-inspired tensor optimization for quantum chemistry,квантово-инспирированная тензорная оптимизация для квантовой химии,en,quantum-inspired tensor optimization quantum chemistry,Quantum-Inspired Optimization for Cloud Database Query Processing,https://doi.org/10.22399/ijcesen.4293,https://api.crossref.org/works/10.22399/ijcesen.4293,https://doi.org/10.22399/ijcesen.4293,2025-11-13,day,unknown,Iskender AKKURT,"Quantum computing techniques offer groundbreaking solutions by integrating quantum principles into conventional hardware systems.These advanced methodologies implement tensor network architectures, simulated annealing processes, and quantum-influenced sampling procedures to examine multiple query execution routes concurrently, substantially minimizing processing demands for elaborate analytical operations.",same_abstract_sentence,,0.825,62,relevant_works_in_top_200_crossref_results,curated_application+crossref_title_abstract_term_overlap+recent_science,Crossref publication supports search-term overlap only; weak-signal status and exact application require expert review.,unavailable,,,,,,,no_relevant_result,,,,,,,,,,,,,,,,found,Quantum-Inspired Optimization Algorithms for Combinatorial Problems,https://www.nature.com/nature-index/topics/l4/quantum-inspired-optimization-algorithms-for-combinatorial-problems,2025-05-31,www.nature.com,,,,,,technology_only_not_application,0,0,0,1,0,8.723,,,,,,,,,,3.713572,0.847298,0.624154,,0.0,0.294118,,,,,,,,,,,,,,,,,1,,,,,,,,,,,0.099651,0.038665,0.951613,,,,,,1,,0,1,1,1,1
pos_fb112e9d063b8179,1,bronze,provisional_positive,needs_human_review,2026-09-22,weak-signals-63-v2,tech_a3e80da2a70e,Space and ocean,Космос и океан,autonomous underwater sensor networks,автономные подводные сенсорные сети,climate monitoring,мониторинга климата,autonomous underwater sensor networks for climate monitoring,автономные подводные сенсорные сети для мониторинга климата,en,autonomous underwater sensor networks climate monitoring,"Autonomous Underwater Vehicle–Enabled Data Collection for Underwater Wireless Sensor Networks: A Systematic Taxonomy, Protocol Review, and Open Challenges",https://doi.org/10.20944/preprints202605.1576.v1,https://api.crossref.org/works/10.20944/preprints202605.1576.v1,https://doi.org/10.20944/preprints202605.1576.v1,2026-05-25,day,unknown,MDPI AG,"Autonomous Underwater Vehicles (AUVs) have emerged as an effective solution for data collection in Underwater Wireless Sensor Networks (UWSNs), addressing fundamental limitations of acoustic communication such as limited bandwidth, long propagation delays, and high error rates. By moving close to each sensor node for direct data retrieval, AUVs improve energy balance, extend network lifetime, and enhance coverage flexibility. However, AUV-assisted data collection introduces complex challenges, including trajectory optimization under energy, latency, and coverage constraints, as well as robustn",title_or_abstract_terms,,0.825,20,relevant_works_in_top_200_crossref_results,curated_application+crossref_title_abstract_term_overlap+recent_science,Crossref publication supports search-term overlap only; weak-signal status and exact application require expert review.,unavailable,,,,,,,no_relevant_result,,,,,,,,,,,,,,,,found,"Nauticus Robotics, Inc. and Strangeworks Collaborate on AI-Optimized Deployment of Undersea Fiber-Optic Sensing Networks",https://www.morningstar.com/news/pr-newswire/20260804da18576/nauticus-robotics-inc-and-strangeworks-collaborate-on-ai-optimized-deployment-of-undersea-fiber-optic-sensing-networks,2026-08-04,www.morningstar.com,,,,,,technology_only_not_application,0,0,0,1,0,8.142,,,,,,,,,,2.639057,1.098612,0.81093,,0.0,0.636364,,,,,,,,,,,,,,,,,1,,,,,,,,,,,0.0,0.036749,0.95,,,,,,1,,0,1,1,1,1
pos_4613a29870d0a83f,1,bronze,provisional_positive,needs_human_review,2026-09-22,weak-signals-63-v2,tech_a003fd430bcf,Advanced materials,Передовые материалы,self-healing electronic skin,самовосстанавливающаяся электронная кожа,low-power sensing,малопотребляющих сенсоров,self-healing electronic skin for low-power sensing,самовосстанавливающаяся электронная кожа для малопотребляющих сенсоров,en,self-healing electronic skin low-power sensing,Bio-Based Self-Healing Polyurethane Coatings for Electronic Skin: From Dynamic Network Design to Embodied Intelligent Applications,https://doi.org/10.3390/coatings16091042,https://api.crossref.org/works/10.3390/coatings16091042,https://doi.org/10.3390/coatings16091042,2026-09-03,day,unknown,MDPI AG,"As a crucial intersection of flexible electronics and embodied intelligent robotics, electronic skin is evolving from single flexible sensors toward a skin-like intelligent system integrating flexible support, signal sensing, environmental protection, signal transmission, and intelligent feedback.",same_abstract_sentence,,0.825,21,relevant_works_in_top_200_crossref_results,curated_application+crossref_title_abstract_term_overlap+recent_science,Crossref publication supports search-term overlap only; weak-signal status and exact application require expert review.,unavailable,,,,,,,no_relevant_result,,,,,,,,,,,,,,,,found,New electronic skin brings self-healing sensors to underwater robots and divers,https://www.msn.com/en-us/news/technology/new-electronic-skin-brings-self-healing-sensors-to-underwater-robots-and-divers/ar-AA28jqaC,2026-07-20,www.msn.com,,,,,,technology_only_not_application,0,0,0,1,0,6.519,,,,,,,,,,2.639057,0.606136,0.606136,,0.316667,0.1,,,,,,,,,,,,,,,,,1,,,,,,,,,,,0.0,0.006894,0.238095,,,,,,1,,0,1,1,1,1
pos_9f136bcc1c242bce,1,bronze,provisional_positive,needs_human_review,2026-09-22,weak-signals-63-v2,tech_556ef07a633e,Food and agriculture,Пищевые и агротехнологии,precision fermentation,прецизионная ферментация,sustainable aquaculture,устойчивой аквакультуры,precision fermentation for sustainable aquaculture,прецизионная ферментация для устойчивой аквакультуры,en,precision fermentation sustainable aquaculture,Foundations of Precision Fermentation for Sustainable Bioenergy Production,https://doi.org/10.1201/9781003684374-3,https://api.crossref.org/works/10.1201/9781003684374-3,https://doi.org/10.1201/9781003684374-3,2026-09-16,day,unknown,CRC Press,Foundations of Precision Fermentation for Sustainable Bioenergy Production,title_terms_only,,0.825,37,relevant_works_in_top_200_crossref_results,curated_application+crossref_title_abstract_term_overlap+recent_science,Crossref publication supports search-term overlap only; weak-signal status and exact application require expert review.,unavailable,,,,,,,found,"Precision Aquaculture Market to Hit USD 1767.15 Million by 2032, Driven by Advancements in Technology and Increasing Demand for Sustainable Fish Farming | SNS Insider",https://finance.yahoo.com/news/precision-aquaculture-market-hit-usd-130000908.html,2025-04-07,finance.yahoo.com,• Driving Growth in Precision Aquaculture with Smart Technologies for Sustainable and Efficient Fish Farming. • AI-Driven Solutions and Data Analytics Unlock Growth Opportunities in Precision ...,,,,,,,,,,,found,Scientists Estimate Precision-Fermented Milk Could Use 96% Less Land,https://dairynews.today/news/scientists_estimate_precision_fermented_milk_could_use_96_less_land_2406382.html,2026-09-18,dairynews.today,,,,,,technology_only_not_application,0,0,0,1,0,3.981,,,,,,,,,,3.610918,1.704748,-0.087011,,0.0,0.0625,,,,,,,,,,,,,,,,,2,,,,,,,,,,,1.08735,0.000725,0.351351,,,,,,1,,0,1,1,1,1
pos_03f72a4caba4a0f7,1,bronze,provisional_positive,needs_human_review,2026-09-22,weak-signals-63-v2,tech_e580e3ac250a,Robotics,Роботы,tactile vision-language-action models,тактильные vision-language-action модели,flexible manufacturing,гибкого производства,tactile vision-language-action models for flexible manufacturing,тактильные vision-language-action модели для гибкого производства,en,tactile vision-language-action models flexible manufacturing,Systematic Literature Review of Vision-Language-Action Models for Generalist Robots,https://doi.org/10.3390/robotics15080160,https://api.crossref.org/works/10.3390/robotics15080160,https://doi.org/10.3390/robotics15080160,2026-08-17,day,unknown,MDPI AG,"Vision-language-action (VLA) models have recently emerged as a promising and flexible framework for integrating perception, reasoning, robotic control, and action execution to develop generalist robotic policies.",same_abstract_sentence,,0.608333,5,relevant_works_in_top_200_crossref_results,curated_application+crossref_title_abstract_term_overlap+recent_science,Crossref publication supports search-term overlap only; weak-signal status and exact application require expert review.,unavailable,,,,,,,no_relevant_result,,,,,,,,,,,,,,,,found,Vision-Language-Action Models Arrive,https://semiengineering.com/vision-language-action-models-arrive/,2026-05-14,semiengineering.com,,,,,,technology_only_not_application,0,0,0,1,0,1.569,,,,,,,,,,1.791759,1.791759,1.791759,,0.0,0.6,,,,,,,,,,,,,,,,,1,,,,,,,,,,,0.0,0.011893,0.2,,,,,,1,,0,1,1,1,1
pos_75e6fb0ea2c1ca06,1,bronze,provisional_positive,needs_human_review,2026-09-22,weak-signals-63-v2,tech_5b2a1cc5338a,Fintech,Финтех,tokenized commercial bank deposits,токенизированные депозиты коммерческих банков,central bank digital currency,цифровых валют центральных банков,tokenized commercial bank deposits for central bank digital currency,токенизированные депозиты коммерческих банков для цифровых валют центральных банков,en,tokenized commercial bank deposits central bank digital currency,Research on the Crowding-Out Effect of Central Bank Digital Currency Issuance on Commercial Bank Deposits - A General Equilibrium Based Perspective,https://doi.org/10.2991/978-94-6463-752-6_20,https://api.crossref.org/works/10.2991/978-94-6463-752-6_20,https://doi.org/10.2991/978-94-6463-752-6_20,2025-01-01,year,unknown,Atlantis Press International BV,Research on the Crowding-Out Effect of Central Bank Digital Currency Issuance on Commercial Bank Deposits - A General Equilibrium Based Perspective,title_terms_only,,0.8375,22,relevant_works_in_top_200_crossref_results,curated_application+crossref_title_abstract_term_overlap+recent_science,Crossref publication supports search-term overlap only; weak-signal status and exact application require expert review.,unavailable,,,,,,,found,European Central Bank Unveils Pontes: A New Gateway for Tokenized Asset Settlement,https://blockonomi.com/european-central-bank-unveils-pontes-a-new-gateway-for-tokenized-asset-settlement/,2026-09-21,blockonomi.com,"The ECB activates Pontes platform for settling tokenized assets in central bank money, bridging distributed ledger technology with TARGET infrastructure.",,,,,,,,,,,found,Wells Fargo to launch tokenized deposits for corporate clients,https://techannouncer.com/tokenized-deposits-wells-fargo-corporate-launch/,2026-09-17,techannouncer.com,,,,,,technology_only_not_application,0,0,0,1,0,8.723,,,,,,,,,,2.890372,1.163151,0.24686,,0.0,0.533333,,,,,,,,,,,,,,,,,2,,,,,,,,,,,0.0,0.002243,0.136364,,,,,,1,,0,1,1,1,1
pos_0e6276d46ff4c8ec,1,bronze,provisional_positive,needs_human_review,2026-09-22,weak-signals-63-v2,tech_3e5ef9cafb5d,Clean energy,Энергетика и климат,electrochemical ammonia synthesis,электрохимический синтез аммиака,aviation fuel production,производства авиационного топлива,electrochemical ammonia synthesis for aviation fuel production,электрохимический синтез аммиака для производства авиационного топлива,en,electrochemical ammonia synthesis aviation fuel production,A Bifunctional Catalyst for Protonic Ceramic Electrochemical Cells: Enabling Closed-Loop Ammonia Synthesis and Direct Ammonia Power Generation,https://doi.org/10.2139/ssrn.6560242,https://api.crossref.org/works/10.2139/ssrn.6560242,https://doi.org/10.2139/ssrn.6560242,2026-01-01,year,unknown,Elsevier BV,"Herein, a bifunctional catalytic system based on Co3Mo3N (CMN) is developed for both direct-ammonia protonic ceramic fuel cells and protonic ceramic electrochemical ammonia synthesis.",same_abstract_sentence,,0.883333,9,relevant_works_in_top_200_crossref_results,curated_application+crossref_title_abstract_term_overlap+recent_science,Crossref publication supports search-term overlap only; weak-signal status and exact application require expert review.,unavailable,,,,,,,no_relevant_result,,,,,,,,,,,,,,,,found,Insights into spinel cobalt oxides may lead to efficient ammonia synthesis,https://phys.org/news/2024-08-insights-spinel-cobalt-oxides-efficient.html,2024-08-27,phys.org,,,,,,technology_only_not_application,1,0,0,0,0,8.444,,,,,,,,,,0.693147,-0.405465,-0.81093,,0.0,1.0,,,,,,,,,,,,,,,,,1,,,,,,,,,,,0.427899,0.012837,1.0,,,,,,0,,0,1,1,1,1
pos_81cf8262e5c8ffe8,1,bronze,provisional_positive,needs_human_review,2026-09-22,weak-signals-63-v2,tech_a2b4d55b7005,Edge AI,Edge,in-sensor computing,вычисления внутри сенсора,battery-powered IoT,IoT-устройств с батарейным питанием,in-sensor computing for battery-powered IoT,вычисления внутри сенсора для IoT-устройств с батарейным питанием,en,in-sensor computing battery-powered IoT,Two-dimensional material-based devices for in-sensor computing,https://doi.org/10.1038/s44335-025-00034-4,https://api.crossref.org/works/10.1038/s44335-025-00034-4,https://doi.org/10.1038/s44335-025-00034-4,2025-08-04,day,unknown,Springer Science and Business Media LLC,"This review highlights 2D material-based ISC devices, covering mechanisms, performance, and architectures, and discusses challenges and solutions toward scalable fabrication and practical deployment in emerging technologies like Internet of Things (IoT), analog computing, and motion detection.",same_abstract_sentence,,0.825,1,relevant_works_in_top_200_crossref_results,curated_application+crossref_title_abstract_term_overlap+recent_science,Crossref publication supports search-term overlap only; weak-signal status and exact application require expert review.,unavailable,,,,,,,no_relevant_result,,,,,,,,,,,,,,,,found,Achieving energy-efficient in-Sensor computing via ferroelectric reconfigurable homojunctions,https://www.eurekalert.org/news-releases/1138477,2026-08-02,www.eurekalert.org,,,,,,technology_only_not_application,0,0,0,1,0,1.133,,,,,,,,,,0.693147,0.693147,0.693147,,2.461538,0.0,,,,,,,,,,,,,,,,,1,,,,,,,,,,,0.0,0.04,0.0,,,,,,0,,0,1,1,1,1
pos_f87f14d569b92f97,1,bronze,provisional_positive,needs_human_review,2026-09-22,weak-signals-63-v2,tech_6fea4324339f,Biotechnology,Биотехнологии и медицина,organoid intelligence,органоидный интеллект,rare disease treatment,лечения редких заболеваний,organoid intelligence for rare disease treatment,органоидный интеллект для лечения редких заболеваний,en,organoid intelligence rare disease treatment,Organoid research breakthroughs in 2024: A review,https://doi.org/10.36922/or025040005,https://api.crossref.org/works/10.36922/or025040005,https://doi.org/10.36922/or025040005,2025-04-17,day,unknown,AccScience Publishing,"Artificial intelligence and machine learning have played a pivotal role in analyzing organoid data, enabling high-throughput screening and the development of personalized treatment strategies.",same_abstract_sentence,,0.883333,2,relevant_works_in_top_200_crossref_results,curated_application+crossref_title_abstract_term_overlap+recent_science,Crossref publication supports search-term overlap only; weak-signal status and exact application require expert review.,unavailable,,,,,,,no_relevant_result,,,,,,,,,,,,,,,,found,Organoid Intelligence Market - Global Forecast to 2036; Biological Computing and Brain Organoids Drive Growth,https://finance.yahoo.com/technology/ai/articles/organoid-intelligence-market-global-forecast-110200493.html,2026-09-10,finance.yahoo.com,,,,,,technology_only_not_application,1,0,0,0,0,4.26,,,,,,,,,,0.693147,0.693147,1.386294,,0.411765,0.0,,,,,,,,,,,,,,,,,1,,,,,,,,,,,0.0,0.002519,0.0,,,,,,0,,0,1,1,1,1
pos_e9be790ba7e42edc,1,bronze,provisional_positive,needs_human_review,2026-09-22,weak-signals-63-v2,tech_914ccf8d83e7,AI security,Защита ИИ,memory poisoning defense for AI agents,защита памяти ИИ-агентов от отравления,edge AI systems,периферийных систем ИИ,memory poisoning defense for AI agents for edge AI systems,защита памяти ИИ-агентов от отравления для периферийных систем ИИ,en,memory poisoning defense for AI agents edge AI systems,"SECURITY THREATS TO AI AGENTS: REVIEW ON THREATS, DEFENSE STRATEGIES AND THREAT MODELLING",https://doi.org/10.29121/digisecforensics.v3.i1.2026.98,https://api.crossref.org/works/10.29121/digisecforensics.v3.i1.2026.98,https://doi.org/10.29121/digisecforensics.v3.i1.2026.98,2026-06-06,day,unknown,Granthaalayah Publications and Printers,"The analysis has shown that currently available defense mechanisms against various types of security threats associated with artificial intelligence agents are limited and insufficient in nature; therefore, a systems security approach is required to address artificial intelligence agent security issues by considering architectural safeguards, standard evaluation benchmarks, better management of memories and tool usage in artificial intelligence agents, and better alignment of security requirements with governance requirements.",same_abstract_sentence,,0.883333,7,relevant_works_in_top_200_crossref_results,curated_application+crossref_title_abstract_term_overlap+recent_science,Crossref publication supports search-term overlap only; weak-signal status and exact application require expert review.,unavailable,,,,,,,found,Yugabyte targets the missing memory and knowledge layer for enterprise AI agents,https://siliconangle.com/2026/07/27/agentic-artificial-intelligence-shared-memory-thecuberesearch/,2026-07-27,siliconangle.com,"Enterprise investment in agentic artificial intelligence is accelerating, but the infrastructure supporting those systems is still catching up. Organizations are moving agents into customer support, ...",,,,,,,,,,,found,The memory problem holding back AI security agents,https://www.computing.co.uk/feature/2026/the-memory-problem-holding-back-ai-security-agents,2026-07-08,www.computing.co.uk,,,,,,technology_only_not_application,0,0,0,1,0,1.435,,,,,,,,,,2.079442,2.079442,2.079442,,0.0,0.571429,,,,,,,,,,,,,,,,,2,,,,,,,,,,,0.0,0.009743,0.428571,,,,,,1,,0,1,1,1,1
pos_ee92509e6b6993a4,1,bronze,provisional_positive,needs_human_review,2026-09-22,weak-signals-63-v2,tech_a6b70ed883c6,Industrial AI,Индустриальный ИИ,foundation models for industrial time series,фундаментальные модели промышленных временных рядов,industrial microgrids,промышленных микросетей,foundation models for industrial time series for industrial microgrids,фундаментальные модели промышленных временных рядов для промышленных микросетей,en,foundation models for industrial time series industrial microgrids,A Survey of Automated Time Series Forecasting: From Deep Learning to Foundation Models with Financial Applications,https://doi.org/10.70267/aitia.2026316325,https://api.crossref.org/works/10.70267/aitia.2026316325,https://doi.org/10.70267/aitia.2026316325,2026-09-13,day,unknown,Zeus Press,"Time-series forecasting is a fundamental research topic in artificial intelligence and machine learning, with broad applications in finance, healthcare, energy management, transportation, and industrial systems.",same_abstract_sentence,,0.825,3,relevant_works_in_top_200_crossref_results,curated_application+crossref_title_abstract_term_overlap+recent_science,Crossref publication supports search-term overlap only; weak-signal status and exact application require expert review.,unavailable,,,,,,,no_relevant_result,,,,,,,,,,,,,,,,no_relevant_result,,,,,,,,,,,0,0,0,1,0,0.942,,,,,,,,,,1.386294,1.386294,1.386294,,0.0,0.333333,,,,,,,,,,,,,,,,,1,,,,,,,,,,,0.0,0.021077,1.0,,,,,,1,,0,1,1,1,1
pos_7c7a34639c1c3467,1,bronze,provisional_positive,needs_human_review,2026-09-22,weak-signals-63-v2,tech_91dbb677cb4a,AI infrastructure,Инфраструктура ИИ,photonic neural accelerators,фотонные нейросетевые ускорители,energy-efficient edge inference,энергоэффективного edge-инференса,photonic neural accelerators for energy-efficient edge inference,фотонные нейросетевые ускорители для энергоэффективного edge-инференса,en,photonic neural accelerators energy-efficient edge inference,Reconfigurable photonic neural networks: distribution-aligned calibration and dynamic resource allocation for high-performance optical computing accelerators,https://doi.org/10.1364/oe.574781,https://api.crossref.org/works/10.1364/oe.574781,https://doi.org/10.1364/oe.574781,2025-10-17,day,unknown,Optica Publishing Group,"These results confirm that dynamically adjusting core size and optical power enables a more flexible, energy-efficient, and high-performance photonic computing system.",same_abstract_sentence,,0.883333,6,relevant_works_in_top_200_crossref_results,curated_application+crossref_title_abstract_term_overlap+recent_science,Crossref publication supports search-term overlap only; weak-signal status and exact application require expert review.,unavailable,,,,,,,no_relevant_result,,,,,,,,,,,,,,,,found,Photonic Neural Network Architectures for Energy-Efficient Computing,https://www.nature.com/nature-index/topics/l4/photonic-neural-network-architectures-for-energy-efficient-computing,2026-04-30,www.nature.com,,,,,,technology_only_not_application,0,0,0,1,0,2.962,,,,,,,,,,1.94591,0.0,-1.386294,,0.0,0.333333,,,,,,,,,,,,,,,,,1,,,,,,,,,,,2.042901,0.032686,1.0,,,,,,0,,0,1,1,1,1
pos_ce8585f3213db463,1,bronze,provisional_positive,needs_human_review,2026-09-22,weak-signals-63-v2,tech_ede8d125952f,Quantum technology,Квантовые технологии,quantum repeater networks,сети квантовых повторителей,secure telecommunications,защищённой телекоммуникации,quantum repeater networks for secure telecommunications,сети квантовых повторителей для защищённой телекоммуникации,en,quantum repeater networks secure telecommunications,"ZA25 Protocol: Revolutionizing Quantum Secure Direct Communication with 100 km Quantum Repeater-Enhanced Simulation (0.9950 Fidelity), Real-Time '10' Transmission (0.946 Fidelity), 100% Shot Accuracy, and M3-Mitigated Qiskit-Based NISQ Performance",https://doi.org/10.21203/rs.3.rs-6659179/v1,https://api.crossref.org/works/10.21203/rs.3.rs-6659179/v1,https://doi.org/10.21203/rs.3.rs-6659179/v1,2025-05-15,day,unknown,Springer Science and Business Media LLC,"Abstract Quantum Secure Direct Communication (QSDC) facilitates direct quantum message exchange, beyond Quantum Key Distribution (QKD) in that it does without key exchange.",same_abstract_sentence,,0.825,8,relevant_works_in_top_200_crossref_results,curated_application+crossref_title_abstract_term_overlap+recent_science,Crossref publication supports search-term overlap only; weak-signal status and exact application require expert review.,unavailable,,,,,,,no_relevant_result,,,,,,,,,,,,,,,,found,Chinese researchers demonstrate scalable quantum repeater for fiber networks,https://www.sdxcentral.com/news/chinese-researchers-demonstrate-scalable-quantum-repeater-for-fiber-networks/,2026-02-12,www.sdxcentral.com,,,,,,technology_only_not_application,0,0,0,1,0,5.281,,,,,,,,,,2.079442,0.693147,0.287682,,0.0,0.4,,,,,,,,,,,,,,,,,1,,,,,,,,,,,0.0,0.074163,1.0,,,,,,1,,0,1,1,1,1
pos_deaf088964289ac1,1,bronze,provisional_positive,needs_human_review,2026-09-22,weak-signals-63-v2,tech_a3e80da2a70e,Space and ocean,Космос и океан,autonomous underwater sensor networks,автономные подводные сенсорные сети,polar research,полярных исследований,autonomous underwater sensor networks for polar research,автономные подводные сенсорные сети для полярных исследований,en,autonomous underwater sensor networks polar research,"Autonomous Underwater Vehicle–Enabled Data Collection for Underwater Wireless Sensor Networks: A Systematic Taxonomy, Protocol Review, and Open Challenges",https://doi.org/10.20944/preprints202605.1576.v1,https://api.crossref.org/works/10.20944/preprints202605.1576.v1,https://doi.org/10.20944/preprints202605.1576.v1,2026-05-25,day,unknown,MDPI AG,"Autonomous Underwater Vehicles (AUVs) have emerged as an effective solution for data collection in Underwater Wireless Sensor Networks (UWSNs), addressing fundamental limitations of acoustic communication such as limited bandwidth, long propagation delays, and high error rates. By moving close to each sensor node for direct data retrieval, AUVs improve energy balance, extend network lifetime, and enhance coverage flexibility. However, AUV-assisted data collection introduces complex challenges, including trajectory optimization under energy, latency, and coverage constraints, as well as robustn",title_or_abstract_terms,,0.825,18,relevant_works_in_top_200_crossref_results,curated_application+crossref_title_abstract_term_overlap+recent_science,Crossref publication supports search-term overlap only; weak-signal status and exact application require expert review.,unavailable,,,,,,,no_relevant_result,,,,,,,,,,,,,,,,found,"Nauticus Robotics, Inc. and Strangeworks Collaborate on AI-Optimized Deployment of Undersea Fiber-Optic Sensing Networks",https://www.morningstar.com/news/pr-newswire/20260804da18576/nauticus-robotics-inc-and-strangeworks-collaborate-on-ai-optimized-deployment-of-undersea-fiber-optic-sensing-networks,2026-08-04,www.morningstar.com,,,,,,technology_only_not_application,0,0,0,1,0,8.142,,,,,,,,,,2.397895,0.81093,0.523248,,0.0,0.625,,,,,,,,,,,,,,,,,1,,,,,,,,,,,0.0,0.038787,1.0,,,,,,1,,0,1,1,1,1
pos_e3649a7e67902ced,1,bronze,provisional_positive,needs_human_review,2026-09-22,weak-signals-63-v2,tech_a003fd430bcf,Advanced materials,Передовые материалы,self-healing electronic skin,самовосстанавливающаяся электронная кожа,aerospace structures,аэрокосмических конструкций,self-healing electronic skin for aerospace structures,самовосстанавливающаяся электронная кожа для аэрокосмических конструкций,en,self-healing electronic skin aerospace structures,Bio-Based Self-Healing Polyurethane Coatings for Electronic Skin: From Dynamic Network Design to Embodied Intelligent Applications,https://doi.org/10.3390/coatings16091042,https://api.crossref.org/works/10.3390/coatings16091042,https://doi.org/10.3390/coatings16091042,2026-09-03,day,unknown,MDPI AG,"Bio-based self-healing polyurethane, leveraging tunable soft–hard segment structures, a wide range of mechanical properties, facile dynamic bond formation, and renewable raw materials, offers a novel material design pathway for highly reliable electronic skin.",same_abstract_sentence,,0.825,5,relevant_works_in_top_200_crossref_results,curated_application+crossref_title_abstract_term_overlap+recent_science,Crossref publication supports search-term overlap only; weak-signal status and exact application require expert review.,unavailable,,,,,,,no_relevant_result,,,,,,,,,,,,,,,,found,New electronic skin brings self-healing sensors to underwater robots and divers,https://www.msn.com/en-us/news/technology/new-electronic-skin-brings-self-healing-sensors-to-underwater-robots-and-divers/ar-AA28jqaC,2026-07-20,www.msn.com,,,,,,technology_only_not_application,0,0,0,1,0,5.054,,,,,,,,,,1.386294,0.405465,0.81093,,0.5,0.0,,,,,,,,,,,,,,,,,1,,,,,,,,,,,0.0,0.01413,0.2,,,,,,1,,0,1,1,1,1
pos_66a3b91ade633090,1,bronze,provisional_positive,needs_human_review,2026-09-22,weak-signals-63-v2,tech_556ef07a633e,Food and agriculture,Пищевые и агротехнологии,precision fermentation,прецизионная ферментация,controlled-environment agriculture,земледелия в контролируемой среде,precision fermentation for controlled-environment agriculture,прецизионная ферментация для земледелия в контролируемой среде,en,precision fermentation controlled-environment agriculture,"From Bioreactor to Market: Opportunities and Challenges of Animal-Free Proteins from Precision Fermentation, Cell Culture and Molecular Engineering",https://doi.org/10.3390/app16157392,https://api.crossref.org/works/10.3390/app16157392,https://doi.org/10.3390/app16157392,2026-07-23,day,unknown,MDPI AG,"The search for sustainable and ethical alternatives to conventional protein production has become increasingly important due to climate change, population growth, and the need to reduce the environmental impact of food systems. This work explores the development of animal-free proteins produced in laboratory settings using innovative technologies such as precision fermentation, submerged fermentation, plant cell culture, and molecular engineering. These methods enable the production of high-quality proteins without relying on animal farming or large-scale traditional agriculture. In addition t",title_or_abstract_terms,,0.825,14,relevant_works_in_top_200_crossref_results,curated_application+crossref_title_abstract_term_overlap+recent_science,Crossref publication supports search-term overlap only; weak-signal status and exact application require expert review.,unavailable,,,,,,,no_relevant_result,,,,,,,,,,,,,,,,found,Scientists Estimate Precision-Fermented Milk Could Use 96% Less Land,https://dairynews.today/news/scientists_estimate_precision_fermented_milk_could_use_96_less_land_2406382.html,2026-09-18,dairynews.today,,,,,,technology_only_not_application,1,0,0,0,0,3.023,,,,,,,,,,2.639057,0.788457,-0.820981,,0.0,0.1,,,,,,,,,,,,,,,,,1,,,,,,,,,,,0.793021,0.0,0.642857,,,,,,1,,0,1,1,1,1
pos_d143970ebd83a197,1,bronze,provisional_positive,needs_human_review,2026-09-22,weak-signals-63-v2,tech_e580e3ac250a,Robotics,Роботы,tactile vision-language-action models,тактильные vision-language-action модели,physical rehabilitation,физической реабилитации,tactile vision-language-action models for physical rehabilitation,тактильные vision-language-action модели для физической реабилитации,en,tactile vision-language-action models physical rehabilitation,The Evaluation Bottleneck of Vision-Language-Action Models: A Evaluation-Centric Survey,https://doi.org/10.20944/preprints202606.0425.v1,https://api.crossref.org/works/10.20944/preprints202606.0425.v1,https://doi.org/10.20944/preprints202606.0425.v1,2026-06-05,day,unknown,MDPI AG,"Vision-Language-Action (VLA) models are advancing faster than the field can evaluate them reliably. Researchers use different metrics and lab-specific protocols, making it hard to tell whether reported gains reflect genuine progress or favorable evaluation choices. We present the first comprehensive benchmark-centric survey of VLA evaluation, covering 582 papers from 2023 to May 2026. We argue that a benchmark number supports a progress claim only if four conditions hold: the benchmark discriminates among top models; metrics capture the claimed capability; the procedure permits cross-paper com",title_or_abstract_terms,,0.608333,6,relevant_works_in_top_200_crossref_results,curated_application+crossref_title_abstract_term_overlap+recent_science,Crossref publication supports search-term overlap only; weak-signal status and exact application require expert review.,unavailable,,,,,,,no_relevant_result,,,,,,,,,,,,,,,,found,Vision-Language-Action Models Arrive,https://semiengineering.com/vision-language-action-models-arrive/,2026-05-14,semiengineering.com,,,,,,technology_only_not_application,0,0,0,1,0,0.838,,,,,,,,,,1.94591,1.94591,1.94591,,0.0,0.5,,,,,,,,,,,,,,,,,1,,,,,,,,,,,1.668057,0.009174,0.333333,,,,,,1,,0,1,1,1,1
pos_c833f96d2dda5bf5,1,bronze,provisional_positive,needs_human_review,2026-09-22,weak-signals-63-v2,tech_5b2a1cc5338a,Fintech,Финтех,tokenized commercial bank deposits,токенизированные депозиты коммерческих банков,emerging market financial inclusion,финансовой доступности на развивающихся рынках,tokenized commercial bank deposits for emerging market financial inclusion,токенизированные депозиты коммерческих банков для финансовой доступности на развивающихся рынках,en,tokenized commercial bank deposits emerging market financial inclusion,"Tokenized Deposits, Zero-Knowledge Disclosure, and Bank Runs: How Blockchain Infrastructure Reshapes Financial Fragility",https://doi.org/10.2139/ssrn.6496678,https://api.crossref.org/works/10.2139/ssrn.6496678,https://doi.org/10.2139/ssrn.6496678,2026-01-01,year,unknown,Elsevier BV,"Tokenized deposits settle continuously and nearly instantaneously, but faster withdrawal execution compresses the coordination game among depositors and increases funding fragility even for solvent banks. This paper examines how disclosure design interacts with settlement speed to determine run risk and welfare in tokenized banking environments. We compare conventional disclosure with verifiable compliance disclosure implemented via Zero-Knowledge Proofs (ZKPs), which allow banks to certify regulatory liquidity compliance without revealing precise balance sheet positions. ZKP disclosure elimin",title_or_abstract_terms,,0.825,6,relevant_works_in_top_200_crossref_results,curated_application+crossref_title_abstract_term_overlap+recent_science,Crossref publication supports search-term overlap only; weak-signal status and exact application require expert review.,unavailable,,,,,,,no_relevant_result,,,,,,,,,,,,,,,,found,Wells Fargo to launch tokenized deposits for corporate clients,https://techannouncer.com/tokenized-deposits-wells-fargo-corporate-launch/,2026-09-17,techannouncer.com,,,,,,technology_only_not_application,0,0,0,1,0,6.335,,,,,,,,,,1.609438,1.609438,2.302585,,0.0,0.75,,,,,,,,,,,,,,,,,1,,,,,,,,,,,0.0,0.002961,0.333333,,,,,,1,,0,1,1,1,1
pos_c6ff562e8f1a62aa,1,bronze,provisional_positive,needs_human_review,2026-09-22,weak-signals-63-v2,tech_3e5ef9cafb5d,Clean energy,Энергетика и климат,electrochemical ammonia synthesis,электрохимический синтез аммиака,seasonal energy storage,сезонного хранения энергии,electrochemical ammonia synthesis for seasonal energy storage,электрохимический синтез аммиака для сезонного хранения энергии,en,electrochemical ammonia synthesis seasonal energy storage,Ambient Electrochemical Ammonia Synthesis From Various Nitrogen Sources,https://doi.org/10.1002/smll.202511987,https://api.crossref.org/works/10.1002/smll.202511987,https://doi.org/10.1002/smll.202511987,2025-12-17,day,unknown,Wiley,"However, conventional ammonia synthesis via the Haber–Bosch process is both energy‐intensive and carbon‐intensive, and therefore, developing sustainable alternatives is critical.",same_abstract_sentence,,0.883333,13,relevant_works_in_top_200_crossref_results,curated_application+crossref_title_abstract_term_overlap+recent_science,Crossref publication supports search-term overlap only; weak-signal status and exact application require expert review.,unavailable,,,,,,,no_relevant_result,,,,,,,,,,,,,,,,found,Insights into spinel cobalt oxides may lead to efficient ammonia synthesis,https://phys.org/news/2024-08-insights-spinel-cobalt-oxides-efficient.html,2024-08-27,phys.org,,,,,,technology_only_not_application,1,0,0,0,0,8.444,,,,,,,,,,1.386294,-0.693147,-1.386294,,0.666667,0.0,,,,,,,,,,,,,,,,,1,,,,,,,,,,,0.293169,0.015245,0.923077,,,,,,0,,0,1,1,1,1
pos_bf30d6dbc2cdc33a,1,bronze,provisional_positive,needs_human_review,2026-09-22,weak-signals-63-v2,tech_96a74772ba5b,Edge AI,Edge,event-based vision sensors,событийные сенсоры машинного зрения,autonomous vehicles,автономного транспорта,event-based vision sensors for autonomous vehicles,событийные сенсоры машинного зрения для автономного транспорта,en,event-based vision sensors autonomous vehicles,Enhancing object detection with event-based vision sensors and point cloud processing: autonomous systems applications,https://doi.org/10.1117/12.3055039,https://api.crossref.org/works/10.1117/12.3055039,https://doi.org/10.1117/12.3055039,2025-05-28,day,unknown,SPIE,Enhancing object detection with event-based vision sensors and point cloud processing: autonomous systems applications,title_terms_only,,0.825,9,relevant_works_in_top_200_crossref_results,curated_application+crossref_title_abstract_term_overlap+recent_science,Crossref publication supports search-term overlap only; weak-signal status and exact application require expert review.,unavailable,,,,,,,no_relevant_result,,,,,,,,,,,,,,,,found,Event-Based Cameras: Why Machine Vision Is Moving Beyond Frames,https://www.azosensors.com/article.aspx?ArticleID=3364,2026-09-09,www.azosensors.com,,,,,,technology_only_not_application,0,0,0,1,0,6.94,,,,,,,,,,1.386294,0.287682,0.575364,,0.222222,0.0,,,,,,,,,,,,,,,,,1,,,,,,,,,,,0.0,0.008111,1.0,,,,,,1,,0,1,1,1,1
pos_e5d1574fbdafd8c8,1,bronze,provisional_positive,needs_human_review,2026-09-22,weak-signals-63-v2,tech_6fea4324339f,Biotechnology,Биотехнологии и медицина,organoid intelligence,органоидный интеллект,tissue regeneration,регенерации тканей,organoid intelligence for tissue regeneration,органоидный интеллект для регенерации тканей,en,organoid intelligence tissue regeneration,Artificial Intelligence Virtual Organoid Laboratories (AIVO-Labs),https://doi.org/10.36922/or025520040,https://api.crossref.org/works/10.36922/or025520040,https://doi.org/10.36922/or025520040,2026-09-21,day,unknown,AccScience Publishing,"Organoids reproduce important tissue features, but variability in biomaterials and culture, labor-intensive workflows, limited standardization, and predominantly endpoint readouts constrain reproducibility and longitudinal interpretation. We propose Artificial Intelligence Virtual Organoid Laboratories (AIVO-Labs), a closed-loop experimental paradigm that couples physical organoid experiments with Artificial Intelligence Virtual Organoids (AIVOs) as continuously updated digital twins. Unlike an AIVO, which represents an individual organoid-scale computational counterpart, an AIVO-Lab is a labo",title_or_abstract_terms,,0.825,6,relevant_works_in_top_200_crossref_results,curated_application+crossref_title_abstract_term_overlap+recent_science,Crossref publication supports search-term overlap only; weak-signal status and exact application require expert review.,unavailable,,,,,,,no_relevant_result,,,,,,,,,,,,,,,,found,Organoid Intelligence Market - Global Forecast to 2036; Biological Computing and Brain Organoids Drive Growth,https://finance.yahoo.com/technology/ai/articles/organoid-intelligence-market-global-forecast-110200493.html,2026-09-10,finance.yahoo.com,,,,,,technology_only_not_application,1,0,0,0,0,4.411,,,,,,,,,,1.609438,1.609438,2.70805,,0.0,0.0,,,,,,,,,,,,,,,,,1,,,,,,,,,,,0.81367,0.004882,0.333333,,,,,,1,,0,1,1,1,1
pos_23027251eedeef85,1,bronze,provisional_positive,needs_human_review,2026-09-22,weak-signals-63-v2,tech_914ccf8d83e7,AI security,Защита ИИ,memory poisoning defense for AI agents,защита памяти ИИ-агентов от отравления,scientific research agents,агентов научных исследований,memory poisoning defense for AI agents for scientific research agents,защита памяти ИИ-агентов от отравления для агентов научных исследований,en,memory poisoning defense for AI agents scientific research agents,"SECURITY THREATS TO AI AGENTS: REVIEW ON THREATS, DEFENSE STRATEGIES AND THREAT MODELLING",https://doi.org/10.29121/digisecforensics.v3.i1.2026.98,https://api.crossref.org/works/10.29121/digisecforensics.v3.i1.2026.98,https://doi.org/10.29121/digisecforensics.v3.i1.2026.98,2026-06-06,day,unknown,Granthaalayah Publications and Printers,"The review aims to highlight various types of defense mechanisms available against these types of security threats, including input sanitizing, tool filtering, isolation architectures, safety agents, and policy-based tool execution.",same_abstract_sentence,,0.883333,3,relevant_works_in_top_200_crossref_results,curated_application+crossref_title_abstract_term_overlap+recent_science,Crossref publication supports search-term overlap only; weak-signal status and exact application require expert review.,unavailable,,,,,,,no_relevant_result,,,,,,,,,,,,,,,,found,The memory problem holding back AI security agents,https://www.computing.co.uk/feature/2026/the-memory-problem-holding-back-ai-security-agents,2026-07-08,www.computing.co.uk,,,,,,technology_only_not_application,1,0,0,0,0,0.296,,,,,,,,,,1.386294,1.386294,1.386294,,0.0,0.0,,,,,,,,,,,,,,,,,1,,,,,,,,,,,0.0,0.003252,0.0,,,,,,1,,0,1,1,1,1
pos_0f1f7673c9194e3d,1,bronze,provisional_positive,needs_human_review,2026-09-22,weak-signals-63-v2,tech_2821e567cd98,Industrial AI,Индустриальный ИИ,reinforcement learning on industrial controllers,обучение с подкреплением на промышленных контроллерах,industrial microgrids,промышленных микросетей,reinforcement learning on industrial controllers for industrial microgrids,обучение с подкреплением на промышленных контроллерах для промышленных микросетей,en,reinforcement learning on industrial controllers industrial microgrids,MODEL BASED REINFORCEMENT LEARNING FOR ADAPTIVE CONTROL IN SMART ROBOTICS,https://doi.org/10.71443/9789349552050-05,https://api.crossref.org/works/10.71443/9789349552050-05,https://doi.org/10.71443/9789349552050-05,2026-07-27,day,unknown,RADemics Research Institute,"The chapter establishes an integrated perspective connecting intelligent perception, predictive dynamics, adaptive learning, and autonomous control, providing a unified framework for designing next-generation robotic systems capable of achieving high precision, resilience, computational efficiency, and dependable operation across industrial automation, healthcare, agriculture, transportation, logistics, and collaborative human–robot environments.",same_abstract_sentence,,0.825,48,relevant_works_in_top_200_crossref_results,curated_application+crossref_title_abstract_term_overlap+recent_science,Crossref publication supports search-term overlap only; weak-signal status and exact application require expert review.,unavailable,,,,,,,no_relevant_result,,,,,,,,,,,,,,,,found,“Reinforcement Learning” Fuels the Rise of Adaptive Controllers (Download),https://www.electronicdesign.com/technologies/industrial/document/55361687/reinforcement-learning-fuels-the-rise-of-adaptive-controllers-download,2026-03-03,www.electronicdesign.com,,,,,,technology_only_not_application,0,0,0,1,0,5.722,,,,,,,,,,3.688879,1.252763,0.741937,,0.0,0.264706,,,,,,,,,,,,,,,,,1,,,,,,,,,,,0.719839,0.040455,0.75,,,,,,1,,0,1,1,1,1
pos_9f77bd7becc86d94,1,bronze,provisional_positive,needs_human_review,2026-09-22,weak-signals-63-v2,tech_91dbb677cb4a,AI infrastructure,Инфраструктура ИИ,photonic neural accelerators,фотонные нейросетевые ускорители,generative AI serving,обслуживания генеративного ИИ,photonic neural accelerators for generative AI serving,фотонные нейросетевые ускорители для обслуживания генеративного ИИ,en,photonic neural accelerators generative AI serving,Reconfigurable photonic neural networks: distribution-aligned calibration and dynamic resource allocation for high-performance optical computing accelerators,https://doi.org/10.1364/oe.574781,https://api.crossref.org/works/10.1364/oe.574781,https://doi.org/10.1364/oe.574781,2025-10-17,day,unknown,Optica Publishing Group,"Photonic computing—offering large bandwidth, low energy consumption, and sub-nanosecond latency—has therefore emerged as a promising paradigm for large-scale AI deployment.",same_abstract_sentence,,0.883333,1,relevant_works_in_top_200_crossref_results,curated_application+crossref_title_abstract_term_overlap+recent_science,Crossref publication supports search-term overlap only; weak-signal status and exact application require expert review.,unavailable,,,,,,,no_relevant_result,,,,,,,,,,,,,,,,found,Photonic Neural Network Architectures for Energy-Efficient Computing,https://www.nature.com/nature-index/topics/l4/photonic-neural-network-architectures-for-energy-efficient-computing,2026-04-30,www.nature.com,,,,,,technology_only_not_application,0,0,0,1,0,0.931,,,,,,,,,,0.693147,0.693147,0.693147,,0.090909,0.0,,,,,,,,,,,,,,,,,1,,,,,,,,,,,0.0,0.03913,1.0,,,,,,0,,0,1,1,1,1
pos_5c5d56b0a8365bc2,1,bronze,provisional_positive,needs_human_review,2026-09-22,weak-signals-63-v2,tech_715d92512d3e,Quantum technology,Квантовые технологии,diamond quantum sensors,алмазные квантовые сенсоры,underground infrastructure sensing,мониторинга подземной инфраструктуры,diamond quantum sensors for underground infrastructure sensing,алмазные квантовые сенсоры для мониторинга подземной инфраструктуры,en,diamond quantum sensors underground infrastructure sensing,Reproducibility-Based Field Validation of Complementary Subsurface Sensing Using a Quantum Diamond Magnetometer and Multi-Frequency Ground-Penetrating Radar,https://doi.org/10.3390/s26175439,https://api.crossref.org/works/10.3390/s26175439,https://doi.org/10.3390/s26175439,2026-08-28,day,unknown,MDPI AG,"Underground infrastructure inspection requires sensing methods capable of characterizing both ferromagnetic and non-ferromagnetic subsurface features. This study evaluated a portable nitrogen-vacancy (NV) quantum diamond magnetometer (QDM) together with multi-frequency ground-penetrating radar (GPR; 250, 500, and 800 MHz) at a 90 m full-scale pavement test site containing documented subsurface targets. Repeated stationary QDM measurements were first conducted to characterize temporal variability and establish site-specific magnetic baselines, followed by a 1 m interval spatial survey and corre",title_or_abstract_terms,,0.783333,1,relevant_works_in_top_200_crossref_results,curated_application+crossref_title_abstract_term_overlap+recent_science,Crossref publication supports search-term overlap only; weak-signal status and exact application require expert review.,unavailable,,,,,,,no_relevant_result,,,,,,,,,,,,,,,,found,Diamond Sensors Target GPS-Free Navigation,https://www.electronicsforu.com/news/diamond-sensors-target-gps-free-navigation,2026-09-21,www.electronicsforu.com,,,,,,technology_only_not_application,1,0,0,0,0,0.068,,,,,,,,,,0.693147,0.693147,0.693147,,0.0,0.0,,,,,,,,,,,,,,,,,1,,,,,,,,,,,0.0,0.010811,1.0,,,,,,0,,0,1,1,1,1
pos_7f2e46e94baf78ac,1,bronze,provisional_positive,needs_human_review,2026-09-22,weak-signals-63-v2,tech_a53d6cffd6c7,Space and ocean,Космос и океан,orbital edge computing,орбитальные периферийные вычисления,climate monitoring,мониторинга климата,orbital edge computing for climate monitoring,орбитальные периферийные вычисления для мониторинга климата,en,orbital edge computing climate monitoring,Geometric Processing using Orbital Edge Computing for Earth observation Satellites,https://doi.org/10.2139/ssrn.7471088,https://api.crossref.org/works/10.2139/ssrn.7471088,https://doi.org/10.2139/ssrn.7471088,2026-01-01,year,unknown,Elsevier BV,"Data processing on remote sensing satellite involves three major steps: data acquisition from on-board sensors, downloading and ground data processing. The substantial demand for high spatial, spectral and temporal resolutions result in a rapid upsurge in the volume of data generation. Thus, a huge demand for high data rate downlink, high performance computing systems for generating products in quick turn-around-time can be addressed by processing real-time data using space qualified edge computing devices. Object detection, event monitoring and tracking of vehicles (ships, aircrafts etc.,) ar",title_or_abstract_terms,,0.825,2,relevant_works_in_top_200_crossref_results,curated_application+crossref_title_abstract_term_overlap+recent_science,Crossref publication supports search-term overlap only; weak-signal status and exact application require expert review.,unavailable,,,,,,,no_relevant_result,,,,,,,,,,,,,,,,found,Sophia Space Sets $300 Million Asset Financing Framework With SLI For 10-Satellite Orbital Computing Constellation,https://pulse2.com/sophia-space-sets-300-million-asset-financing-framework-with-sli-for-10-satellite-orbital-computing-constellation/,2026-09-21,pulse2.com,,Galaxia closes $4.5 million CAD Seed round to scale orbital edge computing hardware,https://spaceq.ca/galaxia-closes-4-5-million-cad-seed-round-to-scale-orbital-edge-computing-hardware/,2026-09-11,$4.5 m,technology_only_not_application,1,0,0,0,0,2.259,,,,,,,,,,1.098612,0.0,-0.693147,,0.0,1.0,,,,,,,,,,,,,,,,,1,,,,,,,,,,,0.0,0.027027,1.0,,,,,,0,,0,1,1,1,1
pos_d42fea09da2c3fbb,1,bronze,provisional_positive,needs_human_review,2026-09-22,weak-signals-63-v2,tech_a003fd430bcf,Advanced materials,Передовые материалы,self-healing electronic skin,самовосстанавливающаяся электронная кожа,biodegradable electronics,биоразлагаемой электроники,self-healing electronic skin for biodegradable electronics,самовосстанавливающаяся электронная кожа для биоразлагаемой электроники,en,self-healing electronic skin biodegradable electronics,Bio-Based Self-Healing Polyurethane Coatings for Electronic Skin: From Dynamic Network Design to Embodied Intelligent Applications,https://doi.org/10.3390/coatings16091042,https://api.crossref.org/works/10.3390/coatings16091042,https://doi.org/10.3390/coatings16091042,2026-09-03,day,unknown,MDPI AG,"As a crucial intersection of flexible electronics and embodied intelligent robotics, electronic skin is evolving from single flexible sensors toward a skin-like intelligent system integrating flexible support, signal sensing, environmental protection, signal transmission, and intelligent feedback.",same_abstract_sentence,,0.825,10,relevant_works_in_top_200_crossref_results,curated_application+crossref_title_abstract_term_overlap+recent_science,Crossref publication supports search-term overlap only; weak-signal status and exact application require expert review.,unavailable,,,,,,,no_relevant_result,,,,,,,,,,,,,,,,found,New electronic skin brings self-healing sensors to underwater robots and divers,https://www.msn.com/en-us/news/technology/new-electronic-skin-brings-self-healing-sensors-to-underwater-robots-and-divers/ar-AA28jqaC,2026-07-20,www.msn.com,,,,,,technology_only_not_application,0,0,0,1,0,6.519,,,,,,,,,,1.791759,-0.223144,-0.733969,,0.583333,0.0,,,,,,,,,,,,,,,,,1,,,,,,,,,,,0.0,0.009016,0.0,,,,,,0,,0,1,1,1,1
pos_59914c21e776780a,1,bronze,provisional_positive,needs_human_review,2026-09-22,weak-signals-63-v2,tech_556ef07a633e,Food and agriculture,Пищевые и агротехнологии,precision fermentation,прецизионная ферментация,smallholder farming,малых фермерских хозяйств,precision fermentation for smallholder farming,прецизионная ферментация для малых фермерских хозяйств,en,precision fermentation smallholder farming,"From Bioreactor to Market: Opportunities and Challenges of Animal-Free Proteins from Precision Fermentation, Cell Culture and Molecular Engineering",https://doi.org/10.3390/app16157392,https://api.crossref.org/works/10.3390/app16157392,https://doi.org/10.3390/app16157392,2026-07-23,day,unknown,MDPI AG,"The search for sustainable and ethical alternatives to conventional protein production has become increasingly important due to climate change, population growth, and the need to reduce the environmental impact of food systems. This work explores the development of animal-free proteins produced in laboratory settings using innovative technologies such as precision fermentation, submerged fermentation, plant cell culture, and molecular engineering. These methods enable the production of high-quality proteins without relying on animal farming or large-scale traditional agriculture. In addition t",title_or_abstract_terms,,0.825,7,relevant_works_in_top_200_crossref_results,curated_application+crossref_title_abstract_term_overlap+recent_science,Crossref publication supports search-term overlap only; weak-signal status and exact application require expert review.,unavailable,,,,,,,found,Kenya Precision Agriculture Market Enhance Smallholder Farming With a Focus on Soil Fertility,https://menafn.com/1098577800/Kenya-Precision-Agriculture-Market-Enhance-Smallholder-Farming-With-a-Focus-on-Soil-Fertility,2019-05-27,menafn.com,The Kenya precision agriculture market is primarily driven due to the increasing demand for food in Kenya. The Food and Agriculture Organization (FAO) of the United Nations estimates that almost ...,,,,,,,,,,,found,Scientists Estimate Precision-Fermented Milk Could Use 96% Less Land,https://dairynews.today/news/scientists_estimate_precision_fermented_milk_could_use_96_less_land_2406382.html,2026-09-18,dairynews.today,,,,,,technology_only_not_application,0,0,0,1,0,1.722,,,,,,,,,,2.079442,2.079442,2.079442,,0.05,0.142857,,,,,,,,,,,,,,,,,2,,,,,,,,,,,0.606428,0.0,0.142857,,,,,,1,,0,1,1,1,1
pos_848297ee06106d9e,1,bronze,provisional_positive,needs_human_review,2026-09-22,weak-signals-63-v2,tech_910b8457fe7f,Robotics,Роботы,electrohydraulic soft actuators,электрогидравлические мягкие приводы,crop harvesting,сбора урожая,electrohydraulic soft actuators for crop harvesting,электрогидравлические мягкие приводы для сбора урожая,en,electrohydraulic soft actuators crop harvesting,Vacuum-Driven 3D Printable Soft Actuators with Foldable Contraction Capabilities,https://doi.org/10.3390/act15030136,https://api.crossref.org/works/10.3390/act15030136,https://doi.org/10.3390/act15030136,2026-02-28,day,unknown,MDPI AG,"This study highlights the potential of Kresling-based soft grippers for practical deployment in automated production tasks, including precision assembly and fruit harvesting.",same_abstract_sentence,,0.608333,1,relevant_works_in_top_200_crossref_results,curated_application+crossref_title_abstract_term_overlap+recent_science,Crossref publication supports search-term overlap only; weak-signal status and exact application require expert review.,unavailable,,,,,,,no_relevant_result,,,,,,,,,,,,,,,,found,Soft Electrohydraulic Actuators with Intrinsic Electroadhesion,https://www.nature.com/nature-index/article/10.1109/iros60139.2025.11246248,2025-10-24,www.nature.com,https://www.colorado.edu/mechanical/taxonomy/term/217,,,,,technology_only_not_application,0,0,0,1,0,0.564,,,,,,,,,,0.693147,0.693147,0.693147,,0.142857,0.0,,,,,,,,,,,,,,,,,1,,,,,,,,,,,0.0,0.020725,0.0,,,,,,0,,0,1,1,1,1
pos_b4661cc6144e3db8,1,bronze,provisional_positive,needs_human_review,2026-09-22,weak-signals-63-v2,tech_4afb7ce056f3,Fintech,Финтех,purpose-bound programmable money,программируемые деньги с целевыми ограничениями,emerging market financial inclusion,финансовой доступности на развивающихся рынках,purpose-bound programmable money for emerging market financial inclusion,программируемые деньги с целевыми ограничениями для финансовой доступности на развивающихся рынках,en,purpose-bound programmable money emerging market financial inclusion,"Reprogramming Capitalism: Purpose-Bound Money, Computational Governance, and the Future of&amp;nbsp; Political Economy",https://doi.org/10.2139/ssrn.6783599,https://api.crossref.org/works/10.2139/ssrn.6783599,https://doi.org/10.2139/ssrn.6783599,2026-01-01,year,unknown,Elsevier BV,The paper proposes a differentiated monetary architecture in which selected domains of socially foundational consumption operate through purpose-bound monetary layers partially insulated from speculative financial circulation.,same_abstract_sentence,,0.825,2,relevant_works_in_top_200_crossref_results,curated_application+crossref_title_abstract_term_overlap+recent_science,Crossref publication supports search-term overlap only; weak-signal status and exact application require expert review.,unavailable,,,,,,,no_relevant_result,,,,,,,,,,,,,,,,no_relevant_result,,,,,,,,,,,0,0,0,1,0,0.723,,,,,,,,,,1.098612,1.098612,1.098612,,0.0,0.5,,,,,,,,,,,,,,,,,1,,,,,,,,,,,0.0,0.002451,0.5,,,,,,1,,0,1,1,1,1
pos_e0ff2f22b0d092cd,1,bronze,provisional_positive,needs_human_review,2026-09-22,weak-signals-63-v2,tech_9b82715fb847,Clean energy,Энергетика и климат,electrochemical direct air carbon capture,электрохимический прямой захват углерода из воздуха,green steel production,производства зелёной стали,electrochemical direct air carbon capture for green steel production,электрохимический прямой захват углерода из воздуха для производства зелёной стали,en,electrochemical direct air carbon capture green steel production,Advancing Direct Air Capture Technologies: From Carbon Removal to Sustainable Aviation Fuels,https://doi.org/10.5194/egusphere-egu25-12733,https://api.crossref.org/works/10.5194/egusphere-egu25-12733,https://doi.org/10.5194/egusphere-egu25-12733,2025-03-18,day,unknown,Copernicus GmbH,"To complement these efforts, based on the experimental results, we are designing an integrated DAC system prototype that combines heating for regeneration and cooling within a single integrated unit, enhancing operational efficiency.We are also beginning to study the integration of DAC systems with green hydrogen production to synthesize electrochemical Sustainable Aviation Fuel (eSAF), providing a sustainable alternative for aviation fuel.",same_abstract_sentence,,0.883333,1,relevant_works_in_top_200_crossref_results,curated_application+crossref_title_abstract_term_overlap+recent_science,Crossref publication supports search-term overlap only; weak-signal status and exact application require expert review.,unavailable,,,,,,,no_relevant_result,,,,,,,,,,,,,,,,found,How Can Direct Air Capture Scale to Deliver Real Carbon Removal for Climate Solutions,https://www.techtimes.com/articles/315533/20260403/how-can-direct-air-capture-scale-deliver-real-carbon-removal-climate-solutions.htm,2026-04-03,www.techtimes.com,https://www.buffalo.edu/undergrad-research/opportunities.host.html/content/shared/www/undergrad-research/research-opportunities/incovering-important-reactions-for-electrochemical-carbon-capture.detail.html,,,,,technology_only_not_application,0,0,0,1,0,1.514,,,,,,,,,,0.693147,0.693147,0.693147,,0.0,1.0,,,,,,,,,,,,,,,,,1,,,,,,,,,,,0.0,0.002033,1.0,,,,,,0,,0,1,1,1,1
pos_ac7987e56e929725,1,bronze,provisional_positive,needs_human_review,2026-09-22,weak-signals-63-v2,tech_0a74e5afbe45,Edge AI,Edge,tinyML neural processing units,нейропроцессоры tinyML,factory machine monitoring,мониторинга промышленного оборудования,tinyML neural processing units for factory machine monitoring,нейропроцессоры tinyML для мониторинга промышленного оборудования,en,tinyML neural processing units factory machine monitoring,SCALABLE PARALLEL TRAINING OF DEEP NEURAL NETWORKS FOR IMAGE CLASSIFICATION USING TENSOR PROCESSING UNITS,https://doi.org/10.31891/csit-2025-1-12,https://api.crossref.org/works/10.31891/csit-2025-1-12,https://doi.org/10.31891/csit-2025-1-12,2025-03-27,day,unknown,Khmelnytskyi National University,"This scalability is particularly beneficial for tasks requiring rapid processing of large volumes of image data, such as real-time applications in environmental monitoring or wildlife research.",same_abstract_sentence,,0.720833,3,relevant_works_in_top_200_crossref_results,curated_application+crossref_title_abstract_term_overlap+recent_science,Crossref publication supports search-term overlap only; weak-signal status and exact application require expert review.,unavailable,,,,,,,no_relevant_result,,,,,,,,,,,,,,,,no_relevant_result,,,,,,,,,,,0,0,0,1,0,1.489,,,,,,,,,,1.386294,1.386294,1.386294,,0.0,0.333333,,,,,,,,,,,,,,,,,1,,,,,,,,,,,0.0,0.026042,1.0,,,,,,1,,0,1,1,1,1
pos_bb99418222e99100,1,bronze,provisional_positive,needs_human_review,2026-09-22,weak-signals-63-v2,tech_6fea4324339f,Biotechnology,Биотехнологии и медицина,organoid intelligence,органоидный интеллект,digital pathology,цифровой патологии,organoid intelligence for digital pathology,органоидный интеллект для цифровой патологии,en,organoid intelligence digital pathology,Artificial Intelligence Virtual Organoid Laboratories (AIVO-Labs),https://doi.org/10.36922/or025520040,https://api.crossref.org/works/10.36922/or025520040,https://doi.org/10.36922/or025520040,2026-09-21,day,unknown,AccScience Publishing,"We propose Artificial Intelligence Virtual Organoid Laboratories (AIVO-Labs), a closed-loop experimental paradigm that couples physical organoid experiments with Artificial Intelligence Virtual Organoids (AIVOs) as continuously updated digital twins.",same_abstract_sentence,,0.825,9,relevant_works_in_top_200_crossref_results,curated_application+crossref_title_abstract_term_overlap+recent_science,Crossref publication supports search-term overlap only; weak-signal status and exact application require expert review.,unavailable,,,,,,,no_relevant_result,,,,,,,,,,,,,,,,found,Organoid Intelligence Market - Global Forecast to 2036; Biological Computing and Brain Organoids Drive Growth,https://finance.yahoo.com/technology/ai/articles/organoid-intelligence-market-global-forecast-110200493.html,2026-09-10,finance.yahoo.com,,,,,,technology_only_not_application,0,0,0,1,0,1.703,,,,,,,,,,2.302585,2.302585,2.302585,,0.0,0.111111,,,,,,,,,,,,,,,,,1,,,,,,,,,,,1.029866,0.022142,0.666667,,,,,,1,,0,1,1,1,1
pos_950385c1e11c4121,1,bronze,provisional_positive,needs_human_review,2026-09-22,weak-signals-63-v2,tech_ca6c013b1e26,AI security,Защита ИИ,AI model provenance and software bills of materials,провенанс моделей ИИ и ведомости компонентов,edge AI systems,периферийных систем ИИ,AI model provenance and software bills of materials for edge AI systems,провенанс моделей ИИ и ведомости компонентов для периферийных систем ИИ,en,AI model provenance and software bills of materials edge AI systems,Securing the AI Supply Chain: A Framework for AI Software Bills of Materials and Model Provenance Assurance,https://doi.org/10.14738/tmlai.1401.19884,https://api.crossref.org/works/10.14738/tmlai.1401.19884,https://doi.org/10.14738/tmlai.1401.19884,2026-01-25,day,unknown,Scholar Publishing,"The proliferation of artificial intelligence (AI) systems has exposed critical vulnerabilities in their supply chains, encompassing models, datasets, training pipelines, and dependencies, which introduce risks such as data poisoning, model theft, and adversarial attacks.",same_abstract_sentence,,0.883333,10,relevant_works_in_top_200_crossref_results,curated_application+crossref_title_abstract_term_overlap+recent_science,Crossref publication supports search-term overlap only; weak-signal status and exact application require expert review.,unavailable,,,,,,,no_relevant_result,,,,,,,,,,,,,,,,no_relevant_result,,,,,,,,,,,0,0,0,1,0,0.723,,,,,,,,,,2.397895,2.397895,2.397895,,0.0,0.7,,,,,,,,,,,,,,,,,1,,,,,,,,,,,0.0,0.020571,0.2,,,,,,1,,0,1,1,1,1
pos_87cb5387eb5e9031,1,bronze,provisional_positive,needs_human_review,2026-09-22,weak-signals-63-v2,tech_f4583fff1f59,Industrial AI,Индустриальный ИИ,adaptive vision-guided robotic welding,адаптивная роботизированная сварка с машинным зрением,industrial microgrids,промышленных микросетей,adaptive vision-guided robotic welding for industrial microgrids,адаптивная роботизированная сварка с машинным зрением для промышленных микросетей,en,adaptive vision-guided robotic welding industrial microgrids,3D vision-guided adaptive trajectory planning for complex spatial welds based on multi-source point cloud fusion,https://doi.org/10.21203/rs.3.rs-9894473/v1,https://api.crossref.org/works/10.21203/rs.3.rs-9894473/v1,https://doi.org/10.21203/rs.3.rs-9894473/v1,2026-07-13,day,unknown,Springer Science and Business Media LLC,"Experimental results on complex workpieces demonstrate that the proposed method achieves full closed‑loop welding without CAD models, with accuracy and stability meeting industrial requirements.",same_abstract_sentence,,0.825,6,relevant_works_in_top_200_crossref_results,curated_application+crossref_title_abstract_term_overlap+recent_science,Crossref publication supports search-term overlap only; weak-signal status and exact application require expert review.,unavailable,,,,,,,no_relevant_result,,,,,,,,,,,,,,,,no_relevant_result,,,,,,,,,,,0,0,0,1,0,5.722,,,,,,,,,,1.791759,0.287682,-0.117783,,0.0,0.333333,,,,,,,,,,,,,,,,,1,,,,,,,,,,,0.0,0.01227,1.0,,,,,,1,,0,1,1,1,1
pos_10bbb51f5301fdeb,1,bronze,provisional_positive,needs_human_review,2026-09-22,weak-signals-63-v2,tech_c4d4a95e99c6,AI infrastructure,Инфраструктура ИИ,neuromorphic processors,нейроморфные процессоры,high-performance scientific computing,высокопроизводительных научных вычислений,neuromorphic processors for high-performance scientific computing,нейроморфные процессоры для высокопроизводительных научных вычислений,en,neuromorphic processors high-performance scientific computing,Forecasting the future: From quantum chips to neuromorphic engineering and bio-integrated processors,https://doi.org/10.70593/978-93-49910-47-8_12,https://api.crossref.org/works/10.70593/978-93-49910-47-8_12,https://doi.org/10.70593/978-93-49910-47-8_12,2025-05-07,day,unknown,Deep Science Publishing,"Among many possible alternative computing architectures, neuromorphic computing based on brain-inspired computing is one of the most promising (Feng et al., 2018; Himelstein, 2022; Schell, 2024).",same_abstract_sentence,,0.883333,2,relevant_works_in_top_200_crossref_results,curated_application+crossref_title_abstract_term_overlap+recent_science,Crossref publication supports search-term overlap only; weak-signal status and exact application require expert review.,unavailable,,,,,,,no_relevant_result,,,,,,,,,,,,,,,,found,Why Is Microchip Technology (MCHP) Getting Fresh Edge AI Validation?,https://uk.finance.yahoo.com/news/why-microchip-technology-mchp-getting-031710426.html,2026-09-18,uk.finance.yahoo.com,,,,,,technology_only_not_application,0,0,0,1,0,1.722,,,,,,,,,,1.098612,1.098612,1.098612,,0.0,0.0,,,,,,,,,,,,,,,,,1,,,,,,,,,,,1.855288,0.03154,1.0,,,,,,1,,0,1,1,1,1
pos_db3e42c522e3813e,1,bronze,provisional_positive,needs_human_review,2026-09-22,weak-signals-63-v2,tech_82d037ad270c,Quantum technology,Квантовые технологии,quantum-inspired tensor optimization,квантово-инспирированная тензорная оптимизация,electric grid optimization,оптимизации электрических сетей,quantum-inspired tensor optimization for electric grid optimization,квантово-инспирированная тензорная оптимизация для оптимизации электрических сетей,en,quantum-inspired tensor optimization electric grid optimization,"Neural Dynamic Programming and Quantum-Inspired Mobility Optimization: Electric Vehicles, Mechatronics and Clean Transportation",https://doi.org/10.62311/nesx/rb4jy-978-81-689790-6-2,https://api.crossref.org/works/10.62311/nesx/rb4jy-978-81-689790-6-2,https://doi.org/10.62311/nesx/rb4jy-978-81-689790-6-2,2026-07-30,day,unknown,National Education Services,"Keywords Neural dynamic programming, approximate dynamic programming, quantum-inspired optimization, QUBO, electric vehicles, charging optimization, mechatronics, clean transportation, reinforcement learning, multi-agent systems, graph learning, digital twins, hardware-in-the-loop, edge intelligence, mobility MLOps, stochastic optimization, causal inference, battery degradation, grid integration, fleet coordination, road safety, transport equity, algorithmic governance, resilient mobility",same_abstract_sentence,,0.783333,4,relevant_works_in_top_200_crossref_results,curated_application+crossref_title_abstract_term_overlap+recent_science,Crossref publication supports search-term overlap only; weak-signal status and exact application require expert review.,unavailable,,,,,,,no_relevant_result,,,,,,,,,,,,,,,,found,Quantum-Inspired Optimization Algorithms for Combinatorial Problems,https://www.nature.com/nature-index/topics/l4/quantum-inspired-optimization-algorithms-for-combinatorial-problems,2025-05-31,www.nature.com,,,,,,technology_only_not_application,0,0,0,1,0,4.734,,,,,,,,,,1.098612,0.0,0.405465,,0.0,0.0,,,,,,,,,,,,,,,,,1,,,,,,,,,,,0.0,0.036115,0.0,,,,,,0,,0,1,1,1,1
pos_303824c5803597fb,1,bronze,provisional_positive,needs_human_review,2026-09-22,weak-signals-63-v2,tech_a53d6cffd6c7,Space and ocean,Космос и океан,orbital edge computing,орбитальные периферийные вычисления,wildfire detection,выявления лесных пожаров,orbital edge computing for wildfire detection,орбитальные периферийные вычисления для выявления лесных пожаров,en,orbital edge computing wildfire detection,Geometric Processing using Orbital Edge Computing for Earth observation Satellites,https://doi.org/10.2139/ssrn.7471088,https://api.crossref.org/works/10.2139/ssrn.7471088,https://doi.org/10.2139/ssrn.7471088,2026-01-01,year,unknown,Elsevier BV,"Data processing on remote sensing satellite involves three major steps: data acquisition from on-board sensors, downloading and ground data processing. The substantial demand for high spatial, spectral and temporal resolutions result in a rapid upsurge in the volume of data generation. Thus, a huge demand for high data rate downlink, high performance computing systems for generating products in quick turn-around-time can be addressed by processing real-time data using space qualified edge computing devices. Object detection, event monitoring and tracking of vehicles (ships, aircrafts etc.,) ar",title_or_abstract_terms,,0.825,3,relevant_works_in_top_200_crossref_results,curated_application+crossref_title_abstract_term_overlap+recent_science,Crossref publication supports search-term overlap only; weak-signal status and exact application require expert review.,unavailable,,,,,,,no_relevant_result,,,,,,,,,,,,,,,,found,Sophia Space Sets $300 Million Asset Financing Framework With SLI For 10-Satellite Orbital Computing Constellation,https://pulse2.com/sophia-space-sets-300-million-asset-financing-framework-with-sli-for-10-satellite-orbital-computing-constellation/,2026-09-21,pulse2.com,,Galaxia closes $4.5 million CAD Seed round to scale orbital edge computing hardware,https://spaceq.ca/galaxia-closes-4-5-million-cad-seed-round-to-scale-orbital-edge-computing-hardware/,2026-09-11,$4.5 m,technology_only_not_application,1,0,0,0,0,3.228,,,,,,,,,,1.098612,0.405465,-0.287682,,0.045455,0.5,,,,,,,,,,,,,,,,,1,,,,,,,,,,,0.0,0.037037,0.666667,,,,,,1,,0,1,1,1,1
pos_a9cc766e7a0daf60,1,bronze,provisional_positive,needs_human_review,2026-09-22,weak-signals-63-v2,tech_a003fd430bcf,Advanced materials,Передовые материалы,self-healing electronic skin,самовосстанавливающаяся электронная кожа,wearable electronics,носимой электроники,self-healing electronic skin for wearable electronics,самовосстанавливающаяся электронная кожа для носимой электроники,en,self-healing electronic skin wearable electronics,Bio-Based Self-Healing Polyurethane Coatings for Electronic Skin: From Dynamic Network Design to Embodied Intelligent Applications,https://doi.org/10.3390/coatings16091042,https://api.crossref.org/works/10.3390/coatings16091042,https://doi.org/10.3390/coatings16091042,2026-09-03,day,unknown,MDPI AG,"As a crucial intersection of flexible electronics and embodied intelligent robotics, electronic skin is evolving from single flexible sensors toward a skin-like intelligent system integrating flexible support, signal sensing, environmental protection, signal transmission, and intelligent feedback.",same_abstract_sentence,,0.825,13,relevant_works_in_top_200_crossref_results,curated_application+crossref_title_abstract_term_overlap+recent_science,Crossref publication supports search-term overlap only; weak-signal status and exact application require expert review.,unavailable,,,,,,,no_relevant_result,,,,,,,,,,,,,,,,found,New electronic skin brings self-healing sensors to underwater robots and divers,https://www.msn.com/en-us/news/technology/new-electronic-skin-brings-self-healing-sensors-to-underwater-robots-and-divers/ar-AA28jqaC,2026-07-20,www.msn.com,,,,,,technology_only_not_application,0,1,0,0,0,5.224,,,,,,,,,,2.302585,1.609438,2.302585,,0.0,0.0,,,,,,,,,,,,,,,,,1,,,,,,,,,,,0.0,0.008885,0.0,,,,,,1,,0,1,1,1,1
pos_8ece9504eb01b8c9,1,bronze,provisional_positive,needs_human_review,2026-09-22,weak-signals-63-v2,tech_556ef07a633e,Food and agriculture,Пищевые и агротехнологии,precision fermentation,прецизионная ферментация,vertical farming,вертикального земледелия,precision fermentation for vertical farming,прецизионная ферментация для вертикального земледелия,en,precision fermentation vertical farming,"From Bioreactor to Market: Opportunities and Challenges of Animal-Free Proteins from Precision Fermentation, Cell Culture and Molecular Engineering",https://doi.org/10.3390/app16157392,https://api.crossref.org/works/10.3390/app16157392,https://doi.org/10.3390/app16157392,2026-07-23,day,unknown,MDPI AG,"The search for sustainable and ethical alternatives to conventional protein production has become increasingly important due to climate change, population growth, and the need to reduce the environmental impact of food systems. This work explores the development of animal-free proteins produced in laboratory settings using innovative technologies such as precision fermentation, submerged fermentation, plant cell culture, and molecular engineering. These methods enable the production of high-quality proteins without relying on animal farming or large-scale traditional agriculture. In addition t",title_or_abstract_terms,,0.825,6,relevant_works_in_top_200_crossref_results,curated_application+crossref_title_abstract_term_overlap+recent_science,Crossref publication supports search-term overlap only; weak-signal status and exact application require expert review.,unavailable,,,,,,,no_relevant_result,,,,,,,,,,,,,,,,found,Scientists Estimate Precision-Fermented Milk Could Use 96% Less Land,https://dairynews.today/news/scientists_estimate_precision_fermented_milk_could_use_96_less_land_2406382.html,2026-09-18,dairynews.today,,,,,,technology_only_not_application,0,0,0,1,0,1.722,,,,,,,,,,1.94591,1.94591,1.94591,,0.0875,0.0,,,,,,,,,,,,,,,,,1,,,,,,,,,,,0.670241,0.0,0.166667,,,,,,1,,0,1,1,1,1
pos_961fd5b7b39ec13a,1,bronze,provisional_positive,needs_human_review,2026-09-22,weak-signals-63-v2,tech_ba7bad14c1c9,Robotics,Роботы,decentralized robot swarms,децентрализованные рои роботов,warehouse fulfillment,складской комплектации,decentralized robot swarms for warehouse fulfillment,децентрализованные рои роботов для складской комплектации,en,decentralized robot swarms warehouse fulfillment,Distributed and decentralized task allocation for heterogeneous swarms,https://doi.org/10.1007/s10015-025-01104-3,https://api.crossref.org/works/10.1007/s10015-025-01104-3,https://doi.org/10.1007/s10015-025-01104-3,2026-01-28,day,unknown,Springer Science and Business Media LLC,"Abstract This paper presents a multi-layered framework for fully distributed and decentralized task allocation in heterogeneous swarms, derived from interaction-based dynamics. This approach is built upon a baseline of homogeneous swarms composed of simple, autonomous, identical, locally sensing agents. Agents operate under the “flexible swarm” paradigm, which promotes global cohesion through local interactions that prevent swarm fragmentation. We demonstrate how a desired swarm behavior of exploration, task detection, and requirement fulfillment can emerge from local motion rules based solely",title_or_abstract_terms,,0.608333,1,relevant_works_in_top_200_crossref_results,curated_application+crossref_title_abstract_term_overlap+recent_science,Crossref publication supports search-term overlap only; weak-signal status and exact application require expert review.,unavailable,,,,,,,no_relevant_result,,,,,,,,,,,,,,,,found,Decentralized Declustering of Multiple Underactuated Autonomous Surface Vehicles: Managing Robot Swarms in the Field,https://www.nature.com/nature-index/article/10.1109/iros60139.2025.11246947,2025-10-24,www.nature.com,,,,,,technology_only_not_application,1,0,0,0,0,0.649,,,,,,,,,,0.693147,0.693147,0.693147,,0.0,0.0,,,,,,,,,,,,,,,,,1,,,,,,,,,,,0.0,0.0,1.0,,,,,,0,,0,1,1,1,1
pos_e89d006b4c53f91e,1,bronze,provisional_positive,needs_human_review,2026-09-22,weak-signals-63-v2,tech_4afb7ce056f3,Fintech,Финтех,purpose-bound programmable money,программируемые деньги с целевыми ограничениями,programmable settlement,программируемых расчётов,purpose-bound programmable money for programmable settlement,программируемые деньги с целевыми ограничениями для программируемых расчётов,en,purpose-bound programmable money programmable settlement,"Reprogramming Capitalism: Purpose-Bound Money, Computational Governance, and the Future of&amp;nbsp; Political Economy",https://doi.org/10.2139/ssrn.6783599,https://api.crossref.org/works/10.2139/ssrn.6783599,https://doi.org/10.2139/ssrn.6783599,2026-01-01,year,unknown,Elsevier BV,"The paper concludes that programmable monetary systems may represent not merely a monetary innovation, but part of a broader transition from industrial market civilization toward computationally coordinated political-economic systems centered on capability stabilization, adaptive governance, and differentiated institutional coordination.&amp;nbsp;",same_abstract_sentence,,0.825,31,relevant_works_in_top_200_crossref_results,curated_application+crossref_title_abstract_term_overlap+recent_science,Crossref publication supports search-term overlap only; weak-signal status and exact application require expert review.,unavailable,,,,,,,no_relevant_result,,,,,,,,,,,,,,,,no_relevant_result,,,,,,,,,,,0,0,0,1,0,7.392,,,,,,,,,,2.833213,1.386294,2.484907,,0.0,0.533333,,,,,,,,,,,,,,,,,1,,,,,,,,,,,0.0,0.003129,0.16129,,,,,,1,,0,1,1,1,1
pos_eff41379de054c3d,1,bronze,provisional_positive,needs_human_review,2026-09-22,weak-signals-63-v2,tech_2a9034457e21,Clean energy,Энергетика и климат,sodium-ion batteries,натрий-ионные аккумуляторы,green steel production,производства зелёной стали,sodium-ion batteries for green steel production,натрий-ионные аккумуляторы для производства зелёной стали,en,sodium-ion batteries green steel production,Sodium-Ion Batteries: Applications and Properties,https://doi.org/10.3390/batteries11020061,https://api.crossref.org/works/10.3390/batteries11020061,https://doi.org/10.3390/batteries11020061,2025-02-06,day,unknown,MDPI AG,"Despite many advantages of LIB technology, the availability of materials needed for the production of these batteries and the associated costs must also be considered.",same_abstract_sentence,,0.883333,1,relevant_works_in_top_200_crossref_results,curated_application+crossref_title_abstract_term_overlap+recent_science,Crossref publication supports search-term overlap only; weak-signal status and exact application require expert review.,unavailable,,,,,,,no_relevant_result,,,,,,,,,,,,,,,,found,"Sodium-ion batteries are cheaper, and new index shows when they can replace lithium-ion",https://www.msn.com/en-us/technology/tech-companies/sodium-ion-batteries-are-cheaper-and-new-index-shows-when-they-can-replace-lithium-ion/ar-AA2cMfXQ,2026-09-22,www.msn.com,,,,,,technology_only_not_application,1,0,0,0,0,1.624,,,,,,,,,,0.693147,0.693147,0.693147,,1.842105,0.0,,,,,,,,,,,,,,,,,1,,,,,,,,,,,0.0,0.017668,0.0,,,,,,0,,0,1,1,1,1
pos_8b988330f13e6334,1,bronze,provisional_positive,needs_human_review,2026-09-22,weak-signals-63-v2,tech_44b6494eee17,Edge AI,Edge,adaptive edge-to-cloud inference routing,адаптивная маршрутизация инференса между устройством и облаком,wearable health monitoring,носимого мониторинга здоровья,adaptive edge-to-cloud inference routing for wearable health monitoring,адаптивная маршрутизация инференса между устройством и облаком для носимого мониторинга здоровья,en,adaptive edge-to-cloud inference routing wearable health monitoring,Hierarchical Adaptive Conformal Inference for Reliable Uncertainty Quantification in Edge-Deployable Medical Wearables,https://doi.org/10.2139/ssrn.6094246,https://api.crossref.org/works/10.2139/ssrn.6094246,https://doi.org/10.2139/ssrn.6094246,2026-01-01,year,unknown,Elsevier BV,"Wearable medical devices enable continuous health monitoring, yet deploying reliable AI diagnostics remains challenging. Deep learning classifiers lack statistically rigorous uncertainty quantification, and standard conformal prediction methods fail under the multi-scale physiological drift inherent to streaming biosignals. We present Hierarchical Adaptive Conformal Inference (H-ACI), a framework achieving valid coverage guarantees while operating within tight memory constraints (&lt;3 KB). H-ACI employs parallel adaptive conformal predictors at different timescales, aggregated via exponential",title_or_abstract_terms,,0.675,2,relevant_works_in_top_200_crossref_results,curated_application+crossref_title_abstract_term_overlap+recent_science,Crossref publication supports search-term overlap only; weak-signal status and exact application require expert review.,unavailable,,,,,,,no_relevant_result,,,,,,,,,,,,,,,,no_relevant_result,,,,,,,,,,,0,0,0,1,0,0.723,,,,,,,,,,1.098612,1.098612,1.098612,,0.0625,1.0,,,,,,,,,,,,,,,,,1,,,,,,,,,,,0.0,0.036545,0.5,,,,,,1,,0,1,1,1,1
pos_0510c9491f696b2a,1,bronze,provisional_positive,needs_human_review,2026-09-22,weak-signals-63-v2,tech_6fea4324339f,Biotechnology,Биотехнологии и медицина,organoid intelligence,органоидный интеллект,brain-computer interfaces,интерфейсов мозг–компьютер,organoid intelligence for brain-computer interfaces,органоидный интеллект для интерфейсов мозг–компьютер,en,organoid intelligence brain-computer interfaces,FOIN: A Federated Multi-Organoid Intelligence Architecture using Combinatorial Graph Modelling,https://doi.org/10.21203/rs.3.rs-10784696/v1,https://api.crossref.org/works/10.21203/rs.3.rs-10784696/v1,https://doi.org/10.21203/rs.3.rs-10784696/v1,2026-09-10,day,unknown,Springer Science and Business Media LLC,"Abstract Organoid Intelligence (OI) is a paradigm for computing which combines biological neural systems with artificial intelligence to enable adaptive and energy-efficient computing. Most of the current organoid-based systems are centralized and noncollaborative and have very limited capabilities for collaborative learning. To overcome these challenges, a hybrid distributed cognition architecture, called a Federated Organoid Intelligence Network (FOIN), is proposed, which integrates brain organoids, federated learning, neuromorphic computing, and edge AI to build a distributed biohybrid cogn",title_or_abstract_terms,,0.825,4,relevant_works_in_top_200_crossref_results,curated_application+crossref_title_abstract_term_overlap+recent_science,Crossref publication supports search-term overlap only; weak-signal status and exact application require expert review.,unavailable,,,,,,,no_relevant_result,,,,,,,,,,,,,,,,found,Organoid Intelligence Market - Global Forecast to 2036; Biological Computing and Brain Organoids Drive Growth,https://finance.yahoo.com/technology/ai/articles/organoid-intelligence-market-global-forecast-110200493.html,2026-09-10,finance.yahoo.com,,,,,,technology_only_not_application,0,1,0,0,0,1.369,,,,,,,,,,1.609438,1.609438,1.609438,,0.0625,0.25,,,,,,,,,,,,,,,,,1,,,,,,,,,,,0.881057,0.025551,0.75,,,,,,1,,0,1,1,1,1
pos_54423fdee5d1ba75,1,bronze,provisional_positive,needs_human_review,2026-09-22,weak-signals-63-v2,tech_b54c259cf36d,AI security,Защита ИИ,AI agent identity and delegated authorization,идентичность ИИ-агентов и делегированная авторизация,industrial control agents,агентов промышленного управления,AI agent identity and delegated authorization for industrial control agents,идентичность ИИ-агентов и делегированная авторизация для агентов промышленного управления,en,AI agent identity and delegated authorization industrial control agents,The Closed Intent Loop: Identity and Authorization in Autonomous Tool-using AI Agents,https://doi.org/10.2139/ssrn.7418158,https://api.crossref.org/works/10.2139/ssrn.7418158,https://doi.org/10.2139/ssrn.7418158,2026-01-01,year,unknown,Elsevier BV,"Authentication establishes which agent issued a request. It does not establish whether that request belongs to the task a human delegated. Human-facing systems close this gap with transaction confirmation, in which a principal reviews a description of the pending action on a channel separate from the one carrying the request, then approves that specific action. The separation is what gives the approval its value, because an attacker who controls the request path does not thereby control the approval. Autonomous tool-using agents have no such separate channel. Any confirmation an agent produces",title_or_abstract_terms,,0.883333,4,relevant_works_in_top_200_crossref_results,curated_application+crossref_title_abstract_term_overlap+recent_science,Crossref publication supports search-term overlap only; weak-signal status and exact application require expert review.,unavailable,,,,,,,no_relevant_result,,,,,,,,,,,,,,,,found,How Do AI Agents Make Payments? From Authorization to Settlement,https://tradebrains.in/brand/how-do-ai-agents-make-payments-from-authorization-to-settlement-12566534,2026-09-21,tradebrains.in,,,,,,technology_only_not_application,0,0,0,1,0,0.723,,,,,,,,,,1.609438,1.609438,1.609438,,0.0,1.0,,,,,,,,,,,,,,,,,1,,,,,,,,,,,0.0,0.002935,0.0,,,,,,1,,0,1,1,1,1
pos_80b516968953534d,1,bronze,provisional_positive,needs_human_review,2026-09-22,weak-signals-63-v2,tech_f4583fff1f59,Industrial AI,Индустриальный ИИ,adaptive vision-guided robotic welding,адаптивная роботизированная сварка с машинным зрением,food manufacturing,пищевого производства,adaptive vision-guided robotic welding for food manufacturing,адаптивная роботизированная сварка с машинным зрением для пищевого производства,en,adaptive vision-guided robotic welding food manufacturing,3D vision-guided adaptive trajectory planning for complex spatial welds based on multi-source point cloud fusion,https://doi.org/10.21203/rs.3.rs-9894473/v1,https://api.crossref.org/works/10.21203/rs.3.rs-9894473/v1,https://doi.org/10.21203/rs.3.rs-9894473/v1,2026-07-13,day,unknown,Springer Science and Business Media LLC,"Abstract With the rapid advancement of intelligent manufacturing, robotic welding has increasingly applied to workpieces with diverse spatial welds; However, the lack of CAD models poses a major challenge for trajectory planning in small-batch customized production.",same_abstract_sentence,,0.825,7,relevant_works_in_top_200_crossref_results,curated_application+crossref_title_abstract_term_overlap+recent_science,Crossref publication supports search-term overlap only; weak-signal status and exact application require expert review.,unavailable,,,,,,,no_relevant_result,,,,,,,,,,,,,,,,no_relevant_result,,,,,,,,,,,1,0,0,0,0,6.543,,,,,,,,,,1.791759,0.916291,0.916291,,0.033333,0.25,,,,,,,,,,,,,,,,,1,,,,,,,,,,,0.0,0.006971,1.0,,,,,,1,,0,1,1,1,1
pos_80198e9a4bca9003,1,bronze,provisional_positive,needs_human_review,2026-09-22,weak-signals-63-v2,tech_c4d4a95e99c6,AI infrastructure,Инфраструктура ИИ,neuromorphic processors,нейроморфные процессоры,scientific foundation models,научных фундаментальных моделей,neuromorphic processors for scientific foundation models,нейроморфные процессоры для научных фундаментальных моделей,en,neuromorphic processors scientific foundation models,NEUROMORPHIC PROCESSORS: DESIGN PRINCIPLES AND COMPARATIVE REVIEW,https://doi.org/10.17721/ait.2025.08,https://api.crossref.org/works/10.17721/ait.2025.08,https://doi.org/10.17721/ait.2025.08,2025-01-01,year,unknown,Taras Shevchenko National University of Kyiv,The paper addresses the scientific and practical problem of designing neuromorphic processors and systems based on spiking neural networks (SNNs).,same_abstract_sentence,,0.883333,1,relevant_works_in_top_200_crossref_results,curated_application+crossref_title_abstract_term_overlap+recent_science,Crossref publication supports search-term overlap only; weak-signal status and exact application require expert review.,unavailable,,,,,,,no_relevant_result,,,,,,,,,,,,,,,,found,Why Is Microchip Technology (MCHP) Getting Fresh Edge AI Validation?,https://uk.finance.yahoo.com/news/why-microchip-technology-mchp-getting-031710426.html,2026-09-18,uk.finance.yahoo.com,,,,,,technology_only_not_application,0,0,0,1,0,1.722,,,,,,,,,,0.693147,0.693147,0.693147,,0.0,0.0,,,,,,,,,,,,,,,,,1,,,,,,,,,,,0.0,0.02507,1.0,,,,,,0,,0,1,1,1,1
pos_22d1728d9011cebb,1,bronze,provisional_positive,needs_human_review,2026-09-22,weak-signals-63-v2,tech_82d037ad270c,Quantum technology,Квантовые технологии,quantum-inspired tensor optimization,квантово-инспирированная тензорная оптимизация,financial risk simulation,моделирования финансовых рисков,quantum-inspired tensor optimization for financial risk simulation,квантово-инспирированная тензорная оптимизация для моделирования финансовых рисков,en,quantum-inspired tensor optimization financial risk simulation,Topological Market-Regime Detection and Systemic-Risk Network Intelligence for Nature-Risk Finance and Quantum-Inspired Portfolio Optimization,https://doi.org/10.62311/nesx/rb9jy-978-81-689653-0-0,https://api.crossref.org/works/10.62311/nesx/rb9jy-978-81-689653-0-0,https://doi.org/10.62311/nesx/rb9jy-978-81-689653-0-0,2026-07-30,day,unknown,National Education Services,"Keywords topological data analysis, persistent homology, market regimes, systemic risk, financial networks, contagion, nature risk, climate finance, ESG, transition finance, portfolio optimization, quantum-inspired optimization, QUBO, graph neural networks, deep hedging, generative market models, causal inference, stress testing, scenario analysis, risk MLOps, reproducibility, model governance, financial stability, environmental markets",same_abstract_sentence,,0.783333,2,relevant_works_in_top_200_crossref_results,curated_application+crossref_title_abstract_term_overlap+recent_science,Crossref publication supports search-term overlap only; weak-signal status and exact application require expert review.,unavailable,,,,,,,no_relevant_result,,,,,,,,,,,,,,,,found,Quantum-Inspired Optimization Algorithms for Combinatorial Problems,https://www.nature.com/nature-index/topics/l4/quantum-inspired-optimization-algorithms-for-combinatorial-problems,2025-05-31,www.nature.com,,,,,,technology_only_not_application,1,0,0,0,0,1.927,,,,,,,,,,1.098612,1.098612,1.098612,,0.086957,0.0,,,,,,,,,,,,,,,,,1,,,,,,,,,,,0.0,0.039216,1.0,,,,,,1,,0,1,1,1,1
pos_824246bc766718e5,1,bronze,provisional_positive,needs_human_review,2026-09-22,weak-signals-63-v2,tech_a53d6cffd6c7,Space and ocean,Космос и океан,orbital edge computing,орбитальные периферийные вычисления,fisheries monitoring,мониторинга рыболовства,orbital edge computing for fisheries monitoring,орбитальные периферийные вычисления для мониторинга рыболовства,en,orbital edge computing fisheries monitoring,Geometric Processing using Orbital Edge Computing for Earth observation Satellites,https://doi.org/10.2139/ssrn.7471088,https://api.crossref.org/works/10.2139/ssrn.7471088,https://doi.org/10.2139/ssrn.7471088,2026-01-01,year,unknown,Elsevier BV,"Data processing on remote sensing satellite involves three major steps: data acquisition from on-board sensors, downloading and ground data processing. The substantial demand for high spatial, spectral and temporal resolutions result in a rapid upsurge in the volume of data generation. Thus, a huge demand for high data rate downlink, high performance computing systems for generating products in quick turn-around-time can be addressed by processing real-time data using space qualified edge computing devices. Object detection, event monitoring and tracking of vehicles (ships, aircrafts etc.,) ar",title_or_abstract_terms,,0.825,4,relevant_works_in_top_200_crossref_results,curated_application+crossref_title_abstract_term_overlap+recent_science,Crossref publication supports search-term overlap only; weak-signal status and exact application require expert review.,unavailable,,,,,,,no_relevant_result,,,,,,,,,,,,,,,,found,Sophia Space Sets $300 Million Asset Financing Framework With SLI For 10-Satellite Orbital Computing Constellation,https://pulse2.com/sophia-space-sets-300-million-asset-financing-framework-with-sli-for-10-satellite-orbital-computing-constellation/,2026-09-21,pulse2.com,,Galaxia closes $4.5 million CAD Seed round to scale orbital edge computing hardware,https://spaceq.ca/galaxia-closes-4-5-million-cad-seed-round-to-scale-orbital-edge-computing-hardware/,2026-09-11,$4.5 m,technology_only_not_application,1,0,0,0,0,5.057,,,,,,,,,,1.386294,0.405465,0.405465,,0.0,0.5,,,,,,,,,,,,,,,,,1,,,,,,,,,,,0.0,0.034826,0.5,,,,,,1,,0,1,1,1,1
pos_650233ebf1f3308f,1,bronze,provisional_positive,needs_human_review,2026-09-22,weak-signals-63-v2,tech_a003fd430bcf,Advanced materials,Передовые материалы,self-healing electronic skin,самовосстанавливающаяся электронная кожа,corrosion protection,защиты от коррозии,self-healing electronic skin for corrosion protection,самовосстанавливающаяся электронная кожа для защиты от коррозии,en,self-healing electronic skin corrosion protection,Bio-Based Self-Healing Polyurethane Coatings for Electronic Skin: From Dynamic Network Design to Embodied Intelligent Applications,https://doi.org/10.3390/coatings16091042,https://api.crossref.org/works/10.3390/coatings16091042,https://doi.org/10.3390/coatings16091042,2026-09-03,day,unknown,MDPI AG,"As a crucial intersection of flexible electronics and embodied intelligent robotics, electronic skin is evolving from single flexible sensors toward a skin-like intelligent system integrating flexible support, signal sensing, environmental protection, signal transmission, and intelligent feedback.",same_abstract_sentence,,0.825,3,relevant_works_in_top_200_crossref_results,curated_application+crossref_title_abstract_term_overlap+recent_science,Crossref publication supports search-term overlap only; weak-signal status and exact application require expert review.,unavailable,,,,,,,no_relevant_result,,,,,,,,,,,,,,,,found,New electronic skin brings self-healing sensors to underwater robots and divers,https://www.msn.com/en-us/news/technology/new-electronic-skin-brings-self-healing-sensors-to-underwater-robots-and-divers/ar-AA28jqaC,2026-07-20,www.msn.com,,,,,,technology_only_not_application,1,0,0,0,0,4.723,,,,,,,,,,1.098612,0.0,0.0,,0.0,0.0,,,,,,,,,,,,,,,,,1,,,,,,,,,,,0.0,0.012953,0.0,,,,,,0,,0,1,1,1,1
pos_c313626f59e3d9aa,1,bronze,provisional_positive,needs_human_review,2026-09-22,weak-signals-63-v2,tech_556ef07a633e,Food and agriculture,Пищевые и агротехнологии,precision fermentation,прецизионная ферментация,early crop disease detection,раннего выявления болезней растений,precision fermentation for early crop disease detection,прецизионная ферментация для раннего выявления болезней растений,en,precision fermentation early crop disease detection,Gut Microbiome–Hormone Interactions and Precision Fermentation in the Prevention of Early Cardiovascular Risk in Adolescents,https://doi.org/10.3390/ijms27125309,https://api.crossref.org/works/10.3390/ijms27125309,https://doi.org/10.3390/ijms27125309,2026-06-11,day,unknown,MDPI AG,"By situating precision fermentation within the broader context of adolescent metabolic susceptibility, this review highlights its potential to support microbiome resilience, stabilise hormonal regulation and mitigate early cardiovascular risk.",same_abstract_sentence,,0.825,1,relevant_works_in_top_200_crossref_results,curated_application+crossref_title_abstract_term_overlap+recent_science,Crossref publication supports search-term overlap only; weak-signal status and exact application require expert review.,unavailable,,,,,,,no_relevant_result,,,,,,,,,,,,,,,,found,Scientists Estimate Precision-Fermented Milk Could Use 96% Less Land,https://dairynews.today/news/scientists_estimate_precision_fermented_milk_could_use_96_less_land_2406382.html,2026-09-18,dairynews.today,,,,,,technology_only_not_application,0,0,1,0,0,0.282,,,,,,,,,,0.693147,0.693147,0.693147,,0.333333,0.0,,,,,,,,,,,,,,,,,1,,,,,,,,,,,0.0,0.0,1.0,,,,,,0,,0,1,1,1,1
pos_abf309f669c458fb,1,bronze,provisional_positive,needs_human_review,2026-09-22,weak-signals-63-v2,tech_910b8457fe7f,Robotics,Роботы,electrohydraulic soft actuators,электрогидравлические мягкие приводы,physical rehabilitation,физической реабилитации,electrohydraulic soft actuators for physical rehabilitation,электрогидравлические мягкие приводы для физической реабилитации,en,electrohydraulic soft actuators physical rehabilitation,Modeling Soft Rehabilitation Actuators: Segmented PRB Formulations with FEM-Based Calibration,https://doi.org/10.3390/act15010022,https://api.crossref.org/works/10.3390/act15010022,https://doi.org/10.3390/act15010022,2026-01-01,day,unknown,MDPI AG,This pipeline provides a practical route from detailed FE models to controller-ready reduced-order surrogates for design-space exploration and patient-specific control of soft rehabilitation actuators.,same_abstract_sentence,,0.608333,10,relevant_works_in_top_200_crossref_results,curated_application+crossref_title_abstract_term_overlap+recent_science,Crossref publication supports search-term overlap only; weak-signal status and exact application require expert review.,unavailable,,,,,,,no_relevant_result,,,,,,,,,,,,,,,,found,Soft Electrohydraulic Actuators with Intrinsic Electroadhesion,https://www.nature.com/nature-index/article/10.1109/iros60139.2025.11246248,2025-10-24,www.nature.com,https://www.colorado.edu/mechanical/taxonomy/term/217,,,,,technology_only_not_application,0,0,0,1,0,6.062,,,,,,,,,,1.609438,0.223144,-0.064539,,0.267045,0.0,,,,,,,,,,,,,,,,,1,,,,,,,,,,,0.0,0.017535,1.0,,,,,,1,,0,1,1,1,1
pos_e63d89832955c1d9,1,bronze,provisional_positive,needs_human_review,2026-09-22,weak-signals-63-v2,tech_e9c200d65f1c,Fintech,Финтех,federated learning for financial crime detection,федеративное обучение для выявления финансовых преступлений,cross-border settlement,трансграничных расчётов,federated learning for financial crime detection for cross-border settlement,федеративное обучение для выявления финансовых преступлений для трансграничных расчётов,en,federated learning for financial crime detection cross-border settlement,Autonomous Federated Compliance Intelligence for Global Anti-Financial Crime Networks,https://doi.org/10.52783/jisem.v10i63s.14112,https://api.crossref.org/works/10.52783/jisem.v10i63s.14112,https://doi.org/10.52783/jisem.v10i63s.14112,2025-12-13,day,unknown,Science Research Society,"Financial crime detection faces unparalleled challenges as criminal networks exploit digital payment channels, cryptocurrency platforms, and cross-border transaction systems outside traditional monitoring frameworks.",same_abstract_sentence,,0.825,3,relevant_works_in_top_200_crossref_results,curated_application+crossref_title_abstract_term_overlap+recent_science,Crossref publication supports search-term overlap only; weak-signal status and exact application require expert review.,unavailable,,,,,,,no_relevant_result,,,,,,,,,,,,,,,,found,Sigma360 And Consilient Announce Strategic Integration To Transform Financial Crime Detection With Federated Machine Learning Driven Pkyc And Transaction Risk Monitoring,https://menafn.com/1110962653/Sigma360-And-Consilient-Announce-Strategic-Integration-To-Transform-Financial-Crime-Detection-With-Federated-Machine-Learning-Driven-Pkyc-And-Transaction-Risk-Monitoring,2026-04-09,menafn.com,,,,,,technology_only_not_application,1,0,0,0,0,1.722,,,,,,,,,,1.386294,1.386294,1.386294,,0.0,0.333333,,,,,,,,,,,,,,,,,1,,,,,,,,,,,0.0,0.03605,0.0,,,,,,1,,0,1,1,1,1
pos_044a29d06af0e36f,1,bronze,provisional_positive,needs_human_review,2026-09-22,weak-signals-63-v2,tech_2a9034457e21,Clean energy,Энергетика и климат,sodium-ion batteries,натрий-ионные аккумуляторы,green hydrogen production,производства зелёного водорода,sodium-ion batteries for green hydrogen production,натрий-ионные аккумуляторы для производства зелёного водорода,en,sodium-ion batteries green hydrogen production,Sodium-Ion Batteries: Applications and Properties,https://doi.org/10.3390/batteries11020061,https://api.crossref.org/works/10.3390/batteries11020061,https://doi.org/10.3390/batteries11020061,2025-02-06,day,unknown,MDPI AG,"Despite many advantages of LIB technology, the availability of materials needed for the production of these batteries and the associated costs must also be considered.",same_abstract_sentence,,0.883333,1,relevant_works_in_top_200_crossref_results,curated_application+crossref_title_abstract_term_overlap+recent_science,Crossref publication supports search-term overlap only; weak-signal status and exact application require expert review.,unavailable,,,,,,,no_relevant_result,,,,,,,,,,,,,,,,found,"Sodium-ion batteries are cheaper, and new index shows when they can replace lithium-ion",https://www.msn.com/en-us/technology/tech-companies/sodium-ion-batteries-are-cheaper-and-new-index-shows-when-they-can-replace-lithium-ion/ar-AA2cMfXQ,2026-09-22,www.msn.com,,,,,,technology_only_not_application,1,0,0,0,0,1.624,,,,,,,,,,0.693147,0.693147,0.693147,,1.842105,0.0,,,,,,,,,,,,,,,,,1,,,,,,,,,,,0.0,0.017668,0.0,,,,,,0,,0,1,1,1,1
pos_5ad355da7f0d25f6,1,bronze,provisional_positive,needs_human_review,2026-09-22,weak-signals-63-v2,tech_453d689ffa85,Edge AI,Edge,on-device model fine-tuning,дообучение моделей на устройстве,factory machine monitoring,мониторинга промышленного оборудования,on-device model fine-tuning for factory machine monitoring,дообучение моделей на устройстве для мониторинга промышленного оборудования,en,on-device model fine-tuning factory machine monitoring,Fine-Tuning for Network Intrusion Detection,https://doi.org/10.2139/ssrn.7491038,https://api.crossref.org/works/10.2139/ssrn.7491038,https://doi.org/10.2139/ssrn.7491038,2026-01-01,year,unknown,Elsevier BV,"Network intrusion detection (NID) has shifted from rule-centered monitoring toward machine learning systems that learn representations of flows, packets, sessions, endpoints, and network behavior. This transition improves automation, but it also exposes a central deployment problem: a model trained in one network, time period, topology, protocol mix, or attack distribution can degrade when the operational environment changes. Fine-tuning provides a family of mechanisms for adapting a pretrained model to a target NID task or environment without rebuilding the entire model from scratch. This pap",title_or_abstract_terms,,0.666667,2,relevant_works_in_top_200_crossref_results,curated_application+crossref_title_abstract_term_overlap+recent_science,Crossref publication supports search-term overlap only; weak-signal status and exact application require expert review.,unavailable,,,,,,,no_relevant_result,,,,,,,,,,,,,,,,found,Fine-Tuning AI Made Simple : Transform Your AI Into a Specialist,https://www.geeky-gadgets.com/how-to-fine-tune-ai-models/,2025-11-03,www.geeky-gadgets.com,,,,,,technology_only_not_application,0,0,0,1,0,1.785,,,,,,,,,,1.098612,1.098612,1.098612,,0.02381,1.0,,,,,,,,,,,,,,,,,1,,,,,,,,,,,0.0,0.037665,0.5,,,,,,1,,0,1,1,1,1
pos_eb94d74b946fff84,1,bronze,provisional_positive,needs_human_review,2026-09-22,weak-signals-63-v2,tech_6fea4324339f,Biotechnology,Биотехнологии и медицина,organoid intelligence,органоидный интеллект,precision diagnostics,точной диагностики,organoid intelligence for precision diagnostics,органоидный интеллект для точной диагностики,en,organoid intelligence precision diagnostics,"Synergistic applications of artificial intelligence and organoid technology in gastric precancerous lesion research: Mechanisms, translation, and challenges",https://doi.org/10.35713/aic.v7.i1.114273,https://api.crossref.org/works/10.35713/aic.v7.i1.114273,https://doi.org/10.35713/aic.v7.i1.114273,2026-09-08,day,unknown,Baishideng Publishing Group Inc.,"Gastric precancerous lesions (GPLs) are critical stages in gastric carcinogenesis, where early and precise identification and intervention are pivotal for improving patient prognosis. Recent advancements in artificial intelligence (AI) and organoid technology have revolutionized GPL research, with their synergistic applications progressively overcoming limitations of traditional methodologies. This review systematically summarizes the latest progress in AI and organoid technology for GPLs, focusing on mechanistic exploration, diagnostic optimization, and therapeutic innovation. We highlight ho",title_or_abstract_terms,,0.825,6,relevant_works_in_top_200_crossref_results,curated_application+crossref_title_abstract_term_overlap+recent_science,Crossref publication supports search-term overlap only; weak-signal status and exact application require expert review.,unavailable,,,,,,,no_relevant_result,,,,,,,,,,,,,,,,found,Organoid Intelligence Market - Global Forecast to 2036; Biological Computing and Brain Organoids Drive Growth,https://finance.yahoo.com/technology/ai/articles/organoid-intelligence-market-global-forecast-110200493.html,2026-09-10,finance.yahoo.com,,,,,,technology_only_not_application,0,0,0,1,0,0.832,,,,,,,,,,1.94591,1.94591,1.94591,,0.0,0.0,,,,,,,,,,,,,,,,,1,,,,,,,,,,,0.787402,0.009449,0.833333,,,,,,1,,0,1,1,1,1
pos_5413bf60f33de7c3,1,bronze,provisional_positive,needs_human_review,2026-09-22,weak-signals-63-v2,tech_b54c259cf36d,AI security,Защита ИИ,AI agent identity and delegated authorization,идентичность ИИ-агентов и делегированная авторизация,government service agents,агентов государственных сервисов,AI agent identity and delegated authorization for government service agents,идентичность ИИ-агентов и делегированная авторизация для агентов государственных сервисов,en,AI agent identity and delegated authorization government service agents,Identity Is Not Personhood: A Study of Estonia’s AI-isikukood and the Design of Inspectable Delegated Agency,https://doi.org/10.2139/ssrn.6964515,https://api.crossref.org/works/10.2139/ssrn.6964515,https://doi.org/10.2139/ssrn.6964515,2026-01-01,year,unknown,Elsevier BV,"We use a mixed-methods design combining a 24-hour discourse analysis of official statements, media coverage, and an Estonian expert-practitioner thread; constructive design of an action evidence package and delegation marker; evaluation in a synthetic verifier laboratory; and comparative public-evidence analysis across 250 jurisdictions and 50 public-sector AI agents.",same_abstract_sentence,,0.883333,2,relevant_works_in_top_200_crossref_results,curated_application+crossref_title_abstract_term_overlap+recent_science,Crossref publication supports search-term overlap only; weak-signal status and exact application require expert review.,unavailable,,,,,,,no_relevant_result,,,,,,,,,,,,,,,,found,How Do AI Agents Make Payments? From Authorization to Settlement,https://tradebrains.in/brand/how-do-ai-agents-make-payments-from-authorization-to-settlement-12566534,2026-09-21,tradebrains.in,,,,,,technology_only_not_application,0,0,0,1,0,0.723,,,,,,,,,,1.098612,1.098612,1.098612,,0.0,1.0,,,,,,,,,,,,,,,,,1,,,,,,,,,,,0.0,0.004831,0.0,,,,,,1,,0,1,1,1,1
pos_3d35d5370c3ca3bb,1,bronze,provisional_positive,needs_human_review,2026-09-22,weak-signals-63-v2,tech_f4583fff1f59,Industrial AI,Индустриальный ИИ,adaptive vision-guided robotic welding,адаптивная роботизированная сварка с машинным зрением,pharmaceutical manufacturing,фармацевтического производства,adaptive vision-guided robotic welding for pharmaceutical manufacturing,адаптивная роботизированная сварка с машинным зрением для фармацевтического производства,en,adaptive vision-guided robotic welding pharmaceutical manufacturing,3D vision-guided adaptive trajectory planning for complex spatial welds based on multi-source point cloud fusion,https://doi.org/10.21203/rs.3.rs-9894473/v1,https://api.crossref.org/works/10.21203/rs.3.rs-9894473/v1,https://doi.org/10.21203/rs.3.rs-9894473/v1,2026-07-13,day,unknown,Springer Science and Business Media LLC,"Abstract With the rapid advancement of intelligent manufacturing, robotic welding has increasingly applied to workpieces with diverse spatial welds; However, the lack of CAD models poses a major challenge for trajectory planning in small-batch customized production.",same_abstract_sentence,,0.825,6,relevant_works_in_top_200_crossref_results,curated_application+crossref_title_abstract_term_overlap+recent_science,Crossref publication supports search-term overlap only; weak-signal status and exact application require expert review.,unavailable,,,,,,,no_relevant_result,,,,,,,,,,,,,,,,no_relevant_result,,,,,,,,,,,1,0,0,0,0,6.543,,,,,,,,,,1.609438,1.609438,2.302585,,0.033333,0.25,,,,,,,,,,,,,,,,,1,,,,,,,,,,,0.0,0.008696,1.0,,,,,,1,,0,1,1,1,1
pos_46a732bacf5ffe5d,1,bronze,provisional_positive,needs_human_review,2026-09-22,weak-signals-63-v2,tech_04c7297ffefe,AI infrastructure,Инфраструктура ИИ,analog in-memory computing,аналоговые вычисления в памяти,large-scale recommendation systems,крупномасштабных рекомендательных систем,analog in-memory computing for large-scale recommendation systems,аналоговые вычисления в памяти для крупномасштабных рекомендательных систем,en,analog in-memory computing large-scale recommendation systems,An SRAM-based fully-integrated analog closed-loop in-memory computing accelerator,https://doi.org/10.21203/rs.3.rs-5595805/v1,https://api.crossref.org/works/10.21203/rs.3.rs-5595805/v1,https://doi.org/10.21203/rs.3.rs-5595805/v1,2024-12-16,day,unknown,Springer Science and Business Media LLC,"Abstract Conventional processors are unsuited for the increasingly data-intensive workloads brought upon by the resurgence of artificial intelligence (AI) and machine learning (ML) in the latest years. The widespread diffusion of ML techniques in many different technological fields has prompted both academia and industry to rethink the processor structure, abandoning the outdated physical separation between memory and computing units of von Neumann's architecture. Novel computing paradigms have emerged, such as in-memory computing (IMC), in which memory and computing are blended together in a ",title_or_abstract_terms,,0.883333,2,relevant_works_in_top_200_crossref_results,curated_application+crossref_title_abstract_term_overlap+recent_science,Crossref publication supports search-term overlap only; weak-signal status and exact application require expert review.,unavailable,,,,,,,no_relevant_result,,,,,,,,,,,,,,,,found,A method to create fault-tolerant analog in-memory computing systems,https://www.msn.com/en-us/news/technology/a-method-to-create-fault-tolerant-analog-in-memory-computing-systems/ar-AA27NF3m,2026-07-13,www.msn.com,https://news.ucsc.edu/2026/09/cybersecurity-compute-in-memory/,,,,,technology_only_not_application,0,1,0,0,0,6.721,,,,,,,,,,0.693147,0.693147,0.693147,,0.095238,1.0,,,,,,,,,,,,,,,,,1,,,,,,,,,,,0.0,0.023091,1.0,,,,,,0,,0,1,1,1,1
pos_907cf939c48de28c,1,bronze,provisional_positive,needs_human_review,2026-09-22,weak-signals-63-v2,tech_82d037ad270c,Quantum technology,Квантовые технологии,quantum-inspired tensor optimization,квантово-инспирированная тензорная оптимизация,medical imaging,медицинской визуализации,quantum-inspired tensor optimization for medical imaging,квантово-инспирированная тензорная оптимизация для медицинской визуализации,en,quantum-inspired tensor optimization medical imaging,DPD Helix quantum inspired multi biometric medical image watermarking framework using Quantum Particle Swarm Optimization,https://doi.org/10.1007/s44163-026-01437-3,https://api.crossref.org/works/10.1007/s44163-026-01437-3,https://doi.org/10.1007/s44163-026-01437-3,2026-05-22,day,unknown,Springer Science and Business Media LLC,"This paper presents DPD-Helix, a quantum-inspired multi-biometric medical image watermarking framework that synergistically integrates Dual-Tree Complex Wavelet Transform (DTCWT), Pseudo-Zernike Moments (PZM), DNA encoding, and Quantum Particle Swarm Optimization (QPSO).",same_abstract_sentence,,0.783333,5,relevant_works_in_top_200_crossref_results,curated_application+crossref_title_abstract_term_overlap+recent_science,Crossref publication supports search-term overlap only; weak-signal status and exact application require expert review.,unavailable,,,,,,,no_relevant_result,,,,,,,,,,,,,,,,found,Quantum-Inspired Optimization Algorithms for Combinatorial Problems,https://www.nature.com/nature-index/topics/l4/quantum-inspired-optimization-algorithms-for-combinatorial-problems,2025-05-31,www.nature.com,,,,,,technology_only_not_application,0,0,0,1,0,5.117,,,,,,,,,,1.098612,0.0,-0.405465,,0.071429,0.0,,,,,,,,,,,,,,,,,1,,,,,,,,,,,0.0,0.037328,0.4,,,,,,0,,0,1,1,1,1
pos_61dc9338312ad8e9,1,bronze,provisional_positive,needs_human_review,2026-09-22,weak-signals-63-v2,tech_b0b7d837ef80,Space and ocean,Космос и океан,space-based solar power,космическая солнечная энергетика,disaster response,реагирования на стихийные бедствия,space-based solar power for disaster response,космическая солнечная энергетика для реагирования на стихийные бедствия,en,space-based solar power disaster response,SPACE-BASED SOLAR POWER: SCIENCE FICTION OR A NEAR-FUTURE REALITY,https://doi.org/10.36296/1819-8058.2025.1(80).70-81,https://api.crossref.org/works/10.36296/1819-8058.2025.1(80).70-81,https://doi.org/10.36296/1819-8058.2025.1(80).70-81,2025-03-31,day,unknown,Vidnovluvana energetika,"In response, the exploration of alter-native power generation methods has become imperative.",same_abstract_sentence,,0.825,1,relevant_works_in_top_200_crossref_results,curated_application+crossref_title_abstract_term_overlap+recent_science,Crossref publication supports search-term overlap only; weak-signal status and exact application require expert review.,unavailable,,,,,,,found,Could Space Solar Power Play a Key Role in Disaster Relief?,https://uk.news.yahoo.com/could-space-solar-power-play-120934035.html,2025-02-03,uk.news.yahoo.com,Add Yahoo as a preferred source to see more of our stories on Google. The Los Angeles wildfires of January 2025 highlight a critical vulnerability in disaster response: power failure. With insured ...,,,,,,,,,,,found,Is the AI boom getting us any closer to space-based solar?,https://www.latitudemedia.com/news/is-the-ai-boom-getting-us-any-closer-to-space-based-solar/,2026-09-22,www.latitudemedia.com,,,,,,technology_only_not_application,0,0,0,1,0,1.478,,,,,,,,,,0.693147,0.693147,0.693147,,0.055556,0.0,,,,,,,,,,,,,,,,,2,,,,,,,,,,,0.0,0.0,1.0,,,,,,0,,0,1,1,1,1
pos_df4a0e072b24b594,1,bronze,provisional_positive,needs_human_review,2026-09-22,weak-signals-63-v2,tech_3eeb530de6d6,Advanced materials,Передовые материалы,programmable mechanical metamaterials,программируемые механические метаматериалы,corrosion protection,защиты от коррозии,programmable mechanical metamaterials for corrosion protection,программируемые механические метаматериалы для защиты от коррозии,en,programmable mechanical metamaterials corrosion protection,Programmable crushing mechanism and dual mechanical protection of chiral metamaterials based on compression softening effect,https://doi.org/10.1016/j.matdes.2026.116616,https://api.crossref.org/works/10.1016/j.matdes.2026.116616,https://doi.org/10.1016/j.matdes.2026.116616,2026-09-01,month,unknown,Elsevier BV,Programmable crushing mechanism and dual mechanical protection of chiral metamaterials based on compression softening effect,title_terms_only,,0.825,6,relevant_works_in_top_200_crossref_results,curated_application+crossref_title_abstract_term_overlap+recent_science,Crossref publication supports search-term overlap only; weak-signal status and exact application require expert review.,unavailable,,,,,,,no_relevant_result,,,,,,,,,,,,,,,,found,"Nanomaterials Transformed by Engineering Shape, Not Chemistry",https://www.azonano.com/news.aspx?newsID=41618,2026-01-23,www.azonano.com,,,,,,technology_only_not_application,1,0,0,0,0,4.903,,,,,,,,,,1.386294,0.287682,-0.117783,,0.0,0.333333,,,,,,,,,,,,,,,,,1,,,,,,,,,,,0.0,0.022222,0.333333,,,,,,1,,0,1,1,1,1
pos_2075ee676bfc5d0f,1,bronze,provisional_positive,needs_human_review,2026-09-22,weak-signals-63-v2,tech_cda08c149293,Food and agriculture,Пищевые и агротехнологии,engineered microbial biostimulants,инженерные микробные биостимуляторы,soil health monitoring,мониторинга здоровья почв,engineered microbial biostimulants for soil health monitoring,инженерные микробные биостимуляторы для мониторинга здоровья почв,en,engineered microbial biostimulants soil health monitoring,"Toward Sustainable Crop Production in a Changing Climate: Microbiomes, Pathogens, Biostimulants and Biocontrol Innovations",https://doi.org/10.1111/1751-7915.70442,https://api.crossref.org/works/10.1111/1751-7915.70442,https://doi.org/10.1111/1751-7915.70442,2026-09-01,month,unknown,Wiley,"ABSTRACT Climate change is recognised as one of the most pressing global challenges, with profound consequences for plant health, agricultural productivity, and food security worldwide. In this opinion article, we discuss recent advances in how climate change affects plant–microbe interactions, soil antibiotic resistance, and plant‐associated microbiomes, including shifts in the distribution of plant pathogens. We also examine the influence of land‐use practices, including integrated agricultural management, on the physicochemical and microbiological properties of soils under changing climatic",title_or_abstract_terms,,0.666667,4,relevant_works_in_top_200_crossref_results,curated_application+crossref_title_abstract_term_overlap+recent_science,Crossref publication supports search-term overlap only; weak-signal status and exact application require expert review.,unavailable,,,,,,,no_relevant_result,,,,,,,,,,,,,,,,found,"[Latest] Global Microbial Biostimulants Market Size/Share Worth USD 13.88 Billion by 2034 at a 10.5% CAGR: Custom Market Insights (Analysis, Outlook, Leaders, Report, Trends ...",https://uk.finance.yahoo.com/news/latest-global-microbial-biostimulants-market-073000815.html,2026-08-12,uk.finance.yahoo.com,,,,,,technology_only_not_application,0,0,1,0,0,3.754,,,,,,,,,,1.098612,-0.693147,-2.079442,,0.0,0.0,,,,,,,,,,,,,,,,,1,,,,,,,,,,,0.0,0.0,0.5,,,,,,0,,0,1,1,1,1
pos_d5e148b0b0172457,1,bronze,provisional_positive,needs_human_review,2026-09-22,weak-signals-63-v2,tech_447e6f80b07b,Robotics,Роботы,zero-shot simulation-to-reality transfer,zero-shot перенос из симуляции в реальность,subsea inspection,подводной инспекции,zero-shot simulation-to-reality transfer for subsea inspection,zero-shot перенос из симуляции в реальность для подводной инспекции,en,zero-shot simulation-to-reality transfer subsea inspection,ARTIFICIAL INTELLIGENCE METHODS WITH A SMALL AMOUNT OF TRAINING DATA: FEW-SHOT AND ZERO-SHOT APPROACHES,https://doi.org/10.36871/2618-9976.2026.03.014,https://api.crossref.org/works/10.36871/2618-9976.2026.03.014,https://doi.org/10.36871/2618-9976.2026.03.014,2026-01-01,year,unknown,The publishing house - SCIENTIFIC LIBRARY,"Modern artificial intelligence systems demonstrate high efficiency when working with large, labeled datasets, however, in a number of applied tasks, such as medical diagnostics, industrial inspection, rare event processing and personalized intelligent services, the availability of labeled data is extremely limited, which makes traditional teaching methods ineffective or unacceptable. In this regard, the importance of approaches capable of learning and making decisions based on a minimum number of examples or even without explicit examples of the target class is increasing, which has led to the",title_or_abstract_terms,,0.608333,1,relevant_works_in_top_200_crossref_results,curated_application+crossref_title_abstract_term_overlap+recent_science,Crossref publication supports search-term overlap only; weak-signal status and exact application require expert review.,unavailable,,,,,,,no_relevant_result,,,,,,,,,,,,,,,,no_relevant_result,,,,,,,,,,,1,0,0,0,0,0.723,,,,,,,,,,0.693147,0.693147,0.693147,,0.0,0.0,,,,,,,,,,,,,,,,,1,,,,,,,,,,,0.0,0.040698,1.0,,,,,,0,,0,1,1,1,1
pos_8462935dde487333,1,bronze,provisional_positive,needs_human_review,2026-09-22,weak-signals-63-v2,tech_e9c200d65f1c,Fintech,Финтех,federated learning for financial crime detection,федеративное обучение для выявления финансовых преступлений,emerging market financial inclusion,финансовой доступности на развивающихся рынках,federated learning for financial crime detection for emerging market financial inclusion,федеративное обучение для выявления финансовых преступлений для финансовой доступности на развивающихся рынках,en,federated learning for financial crime detection emerging market financial inclusion,Federated Learning for Agentic Gen AI in Financial Risk Management for National Financial Security,https://doi.org/10.20944/preprints202510.0524.v1,https://api.crossref.org/works/10.20944/preprints202510.0524.v1,https://doi.org/10.20944/preprints202510.0524.v1,2025-10-07,day,unknown,MDPI AG,This paper provides a comprehensive analysis of the synergistic integration of Federated Learning with Generative and Agentic AI systems for financial risk management.,same_abstract_sentence,,0.825,9,relevant_works_in_top_200_crossref_results,curated_application+crossref_title_abstract_term_overlap+recent_science,Crossref publication supports search-term overlap only; weak-signal status and exact application require expert review.,unavailable,,,,,,,no_relevant_result,,,,,,,,,,,,,,,,found,Sigma360 And Consilient Announce Strategic Integration To Transform Financial Crime Detection With Federated Machine Learning Driven Pkyc And Transaction Risk Monitoring,https://menafn.com/1110962653/Sigma360-And-Consilient-Announce-Strategic-Integration-To-Transform-Financial-Crime-Detection-With-Federated-Machine-Learning-Driven-Pkyc-And-Transaction-Risk-Monitoring,2026-04-09,menafn.com,,,,,,technology_only_not_application,0,0,0,1,0,1.593,,,,,,,,,,2.302585,2.302585,2.302585,,0.0,0.444444,,,,,,,,,,,,,,,,,1,,,,,,,,,,,0.509165,0.025458,1.0,,,,,,1,,0,1,1,1,1
pos_020fc152ffab0059,1,bronze,provisional_positive,needs_human_review,2026-09-22,weak-signals-63-v2,tech_9b82715fb847,Clean energy,Энергетика и климат,electrochemical direct air carbon capture,электрохимический прямой захват углерода из воздуха,carbon-neutral chemicals,углеродно-нейтрального производства химикатов,electrochemical direct air carbon capture for carbon-neutral chemicals,электрохимический прямой захват углерода из воздуха для углеродно-нейтрального производства химикатов,en,electrochemical direct air carbon capture carbon-neutral chemicals,INTELLIGENT SOLAR-POWERED DIRECT AIR CAPTURE AND ELECTROCHEMICAL CARBON UTILIZATION: A MACHINE LEARNINGENHANCED MULTI-OBJECTIVE OPTIMIZATION AND SLIDING MODE CONTROL FRAMEWORK FOR NET-ZERO INDUSTRIAL DECARBONIZATION,https://doi.org/10.33564/ijeast.2026.v11i02.018,https://api.crossref.org/works/10.33564/ijeast.2026.v11i02.018,https://doi.org/10.33564/ijeast.2026.v11i02.018,2026-06-01,day,unknown,International Journal of Engineering Applied Sciences and Technology,"Among these, the pathway that combines direct air capture (DAC) with electrochemical carbon utilization can not only deliver negative emissions, but also produce high-value chemicals simultaneously, making it a highly promising technical direction at present.",same_abstract_sentence,,0.825,2,relevant_works_in_top_200_crossref_results,curated_application+crossref_title_abstract_term_overlap+recent_science,Crossref publication supports search-term overlap only; weak-signal status and exact application require expert review.,unavailable,,,,,,,no_relevant_result,,,,,,,,,,,,,,,,found,How Can Direct Air Capture Scale to Deliver Real Carbon Removal for Climate Solutions,https://www.techtimes.com/articles/315533/20260403/how-can-direct-air-capture-scale-deliver-real-carbon-removal-climate-solutions.htm,2026-04-03,www.techtimes.com,https://www.buffalo.edu/undergrad-research/opportunities.host.html/content/shared/www/undergrad-research/research-opportunities/incovering-important-reactions-for-electrochemical-carbon-capture.detail.html,,,,,technology_only_not_application,0,0,0,1,0,0.433,,,,,,,,,,1.098612,1.098612,1.098612,,0.0,0.5,,,,,,,,,,,,,,,,,1,,,,,,,,,,,0.0,0.010657,1.0,,,,,,1,,0,1,1,1,1
pos_9d1d213b8d0eb36e,1,bronze,provisional_positive,needs_human_review,2026-09-22,weak-signals-63-v2,tech_453d689ffa85,Edge AI,Edge,on-device model fine-tuning,дообучение моделей на устройстве,remote infrastructure monitoring,мониторинга удалённой инфраструктуры,on-device model fine-tuning for remote infrastructure monitoring,дообучение моделей на устройстве для мониторинга удалённой инфраструктуры,en,on-device model fine-tuning remote infrastructure monitoring,Artificial Intelligence Based Fine Tuning Model Based Fall Activity Recognition System for Disabled Persons in IoT Environment,https://doi.org/10.14293/pr2199.001350.v1,https://api.crossref.org/works/10.14293/pr2199.001350.v1,https://doi.org/10.14293/pr2199.001350.v1,2024-12-09,day,unknown,ScienceOpen,"Remote monitoring of fall actions or conditions and the everyday lifecycle of disabled losses is the vital drive of current tele-medicine. Internet of Things (IoT) and Artificial intelligence (AI) models contain deep learning (DL) and machine learning (ML) techniques, which are to be executed in the domain of medication for motorizing the recognition procedure of abnormal and unhealthy cases. A lot of applications contain real recognition of fall accidents in adult patients. Due to human gestures, it is insignificant to discover human activity with a greater level of accuracy for each applicat",title_or_abstract_terms,,0.666667,1,relevant_works_in_top_200_crossref_results,curated_application+crossref_title_abstract_term_overlap+recent_science,Crossref publication supports search-term overlap only; weak-signal status and exact application require expert review.,unavailable,,,,,,,no_relevant_result,,,,,,,,,,,,,,,,found,Fine-Tuning AI Made Simple : Transform Your AI Into a Specialist,https://www.geeky-gadgets.com/how-to-fine-tune-ai-models/,2025-11-03,www.geeky-gadgets.com,,,,,,technology_only_not_application,1,0,0,0,0,1.785,,,,,,,,,,0.693147,0.693147,0.693147,,0.047619,1.0,,,,,,,,,,,,,,,,,1,,,,,,,,,,,0.0,0.02439,1.0,,,,,,0,,0,1,1,1,1
pos_cbcf10889633ebe9,1,bronze,provisional_positive,needs_human_review,2026-09-22,weak-signals-63-v2,tech_7b169bfa3cf0,Biotechnology,Биотехнологии и медицина,federated learning across clinical institutions,федеративное обучение между клиническими учреждениями,digital pathology,цифровой патологии,federated learning across clinical institutions for digital pathology,федеративное обучение между клиническими учреждениями для цифровой патологии,en,federated learning across clinical institutions digital pathology,Beyond the Hype: How Federated Learning and Privacy-Preserving AI Are Reshaping Clinical Decision-Making in 2026,https://doi.org/10.33140/mcr.11.07.03,https://api.crossref.org/works/10.33140/mcr.11.07.03,https://doi.org/10.33140/mcr.11.07.03,2026-07-17,day,unknown,Opast Group LLC,"We analyze three key developments: (1) the emergence of FL as a practical framework for multi-institutional collaboration in oncology and pathology, enabling model training across sites without raw data sharing; (2) the integration of differential privacy, homomorphic encryption, and blockchain to provide formal privacy guarantees while maintaining clinical-grade performance; and (3) the translation of these technologies into real-world clinical workflows, including rare disease diagnosis and Alzheimer’s staging.",same_abstract_sentence,,0.825,4,relevant_works_in_top_200_crossref_results,curated_application+crossref_title_abstract_term_overlap+recent_science,Crossref publication supports search-term overlap only; weak-signal status and exact application require expert review.,unavailable,,,,,,,no_relevant_result,,,,,,,,,,,,,,,,no_relevant_result,,,,,,,,,,,0,0,0,1,0,1.722,,,,,,,,,,1.609438,1.609438,1.609438,,0.0,0.0,,,,,,,,,,,,,,,,,1,,,,,,,,,,,0.0,0.050874,0.75,,,,,,1,,0,1,1,1,1
pos_9147200e66f61feb,1,bronze,provisional_positive,needs_human_review,2026-09-22,weak-signals-63-v2,tech_914ccf8d83e7,AI security,Защита ИИ,memory poisoning defense for AI agents,защита памяти ИИ-агентов от отравления,financial service agents,агентов финансовых сервисов,memory poisoning defense for AI agents for financial service agents,защита памяти ИИ-агентов от отравления для агентов финансовых сервисов,en,memory poisoning defense for AI agents financial service agents,Poisoning the Compliance Mind: Adversarial Memory Injection Attacks on RAG-Based AML Agents and a Defense Framework for High-Stakes Financial Environments,https://doi.org/10.2139/ssrn.6734225,https://api.crossref.org/works/10.2139/ssrn.6734225,https://doi.org/10.2139/ssrn.6734225,2026-01-01,year,unknown,Elsevier BV,"Unlike stateless classifiers, these agents maintain a persistent vector memory that conditions every downstream compliance decision.",same_abstract_sentence,,0.883333,2,relevant_works_in_top_200_crossref_results,curated_application+crossref_title_abstract_term_overlap+recent_science,Crossref publication supports search-term overlap only; weak-signal status and exact application require expert review.,unavailable,,,,,,,no_relevant_result,,,,,,,,,,,,,,,,found,The memory problem holding back AI security agents,https://www.computing.co.uk/feature/2026/the-memory-problem-holding-back-ai-security-agents,2026-07-08,www.computing.co.uk,,,,,,technology_only_not_application,0,0,0,1,0,0.723,,,,,,,,,,1.098612,1.098612,1.098612,,0.0,0.5,,,,,,,,,,,,,,,,,1,,,,,,,,,,,0.0,0.0,1.0,,,,,,1,,0,1,1,1,1
pos_8791216a7012491c,1,bronze,provisional_positive,needs_human_review,2026-09-22,weak-signals-63-v2,tech_f4583fff1f59,Industrial AI,Индустриальный ИИ,adaptive vision-guided robotic welding,адаптивная роботизированная сварка с машинным зрением,steel production,производства стали,adaptive vision-guided robotic welding for steel production,адаптивная роботизированная сварка с машинным зрением для производства стали,en,adaptive vision-guided robotic welding steel production,3D vision-guided adaptive trajectory planning for complex spatial welds based on multi-source point cloud fusion,https://doi.org/10.21203/rs.3.rs-9894473/v1,https://api.crossref.org/works/10.21203/rs.3.rs-9894473/v1,https://doi.org/10.21203/rs.3.rs-9894473/v1,2026-07-13,day,unknown,Springer Science and Business Media LLC,"Abstract With the rapid advancement of intelligent manufacturing, robotic welding has increasingly applied to workpieces with diverse spatial welds; However, the lack of CAD models poses a major challenge for trajectory planning in small-batch customized production.",same_abstract_sentence,,0.825,7,relevant_works_in_top_200_crossref_results,curated_application+crossref_title_abstract_term_overlap+recent_science,Crossref publication supports search-term overlap only; weak-signal status and exact application require expert review.,unavailable,,,,,,,no_relevant_result,,,,,,,,,,,,,,,,no_relevant_result,,,,,,,,,,,0,1,0,0,0,6.543,,,,,,,,,,1.386294,0.693147,1.098612,,0.0,0.333333,,,,,,,,,,,,,,,,,1,,,,,,,,,,,0.0,0.008258,1.0,,,,,,1,,0,1,1,1,1
pos_44627ce842b82651,1,bronze,provisional_positive,needs_human_review,2026-09-22,weak-signals-63-v2,tech_91dbb677cb4a,AI infrastructure,Инфраструктура ИИ,photonic neural accelerators,фотонные нейросетевые ускорители,privacy-preserving inference,конфиденциального инференса,photonic neural accelerators for privacy-preserving inference,фотонные нейросетевые ускорители для конфиденциального инференса,en,photonic neural accelerators privacy-preserving inference,Photonic Quantum Neural Operators for Multiscale Simulation and Scientific Machine Intelligence,https://doi.org/10.62311/nesx/rb4jy-978-81-689340-6-1,https://api.crossref.org/works/10.62311/nesx/rb4jy-978-81-689340-6-1,https://doi.org/10.62311/nesx/rb4jy-978-81-689340-6-1,2026-07-30,day,unknown,National Education Services,"Keywords photonic quantum computing, neural operators, scientific machine learning, multiscale simulation, bosonic computation, continuous-variable quantum systems, operator learning, physics-informed AI, spectral operators, graph neural operators, causal inference, Bayesian calibration, inverse problems, uncertainty quantification, scientific MLOps, photonic accelerators, quantum-AI, distributed scientific computing, reproducibility, sustainable computing, digital twins, scientific governance",same_abstract_sentence,,0.825,10,relevant_works_in_top_200_crossref_results,curated_application+crossref_title_abstract_term_overlap+recent_science,Crossref publication supports search-term overlap only; weak-signal status and exact application require expert review.,unavailable,,,,,,,no_relevant_result,,,,,,,,,,,,,,,,found,Photonic Neural Network Architectures for Energy-Efficient Computing,https://www.nature.com/nature-index/topics/l4/photonic-neural-network-architectures-for-energy-efficient-computing,2026-04-30,www.nature.com,,,,,,technology_only_not_application,0,0,0,1,0,4.523,,,,,,,,,,2.079442,-0.182322,-1.280934,,0.0,0.25,,,,,,,,,,,,,,,,,1,,,,,,,,,,,0.623053,0.049221,1.0,,,,,,0,,0,1,1,1,1
pos_f18e6b488a442796,1,bronze,provisional_positive,needs_human_review,2026-09-22,weak-signals-63-v2,tech_82d037ad270c,Quantum technology,Квантовые технологии,quantum-inspired tensor optimization,квантово-инспирированная тензорная оптимизация,battery material simulation,моделирования материалов аккумуляторов,quantum-inspired tensor optimization for battery material simulation,квантово-инспирированная тензорная оптимизация для моделирования материалов аккумуляторов,en,quantum-inspired tensor optimization battery material simulation,Hybrid quantum-inspired secure and energy-efficient framework for wireless sensor networks using quantum key distribution and optimization techniques,https://doi.org/10.1038/s41598-026-68327-7,https://api.crossref.org/works/10.1038/s41598-026-68327-7,https://doi.org/10.1038/s41598-026-68327-7,2026-09-16,day,unknown,Springer Science and Business Media LLC,"Abstract Wireless sensor networks (WSNs) require secure and energy-efficient communication because sensor nodes operate with limited battery power, constrained communication range, and high vulnerability to interception, spoofing, and malicious forwarding. Existing methods usually optimize security, clustering, or routing independently, which reduces overall network efficiency under dense and adversarial conditions. To address this limitation, this work proposes a hybrid framework named BB84-CFG-OOA, which integrates BB84-inspired Quantum Key Distribution (QKD) for secure session key establish",title_or_abstract_terms,,0.666667,1,relevant_works_in_top_200_crossref_results,curated_application+crossref_title_abstract_term_overlap+recent_science,Crossref publication supports search-term overlap only; weak-signal status and exact application require expert review.,unavailable,,,,,,,no_relevant_result,,,,,,,,,,,,,,,,found,Quantum-Inspired Optimization Algorithms for Combinatorial Problems,https://www.nature.com/nature-index/topics/l4/quantum-inspired-optimization-algorithms-for-combinatorial-problems,2025-05-31,www.nature.com,,,,,,technology_only_not_application,1,0,0,0,0,0.016,,,,,,,,,,0.693147,0.693147,0.693147,,0.0,0.0,,,,,,,,,,,,,,,,,1,,,,,,,,,,,0.0,0.048,1.0,,,,,,0,,0,1,1,1,1
pos_bea0bfb45af6e400,1,bronze,provisional_positive,needs_human_review,2026-09-22,weak-signals-63-v2,tech_b0b7d837ef80,Space and ocean,Космос и океан,space-based solar power,космическая солнечная энергетика,mineral exploration,разведки полезных ископаемых,space-based solar power for mineral exploration,космическая солнечная энергетика для разведки полезных ископаемых,en,space-based solar power mineral exploration,SPACE-BASED SOLAR POWER: SCIENCE FICTION OR A NEAR-FUTURE REALITY,https://doi.org/10.36296/1819-8058.2025.1(80).70-81,https://api.crossref.org/works/10.36296/1819-8058.2025.1(80).70-81,https://doi.org/10.36296/1819-8058.2025.1(80).70-81,2025-03-31,day,unknown,Vidnovluvana energetika,"In response, the exploration of alter-native power generation methods has become imperative.",same_abstract_sentence,,0.825,4,relevant_works_in_top_200_crossref_results,curated_application+crossref_title_abstract_term_overlap+recent_science,Crossref publication supports search-term overlap only; weak-signal status and exact application require expert review.,unavailable,,,,,,,no_relevant_result,,,,,,,,,,,,,,,,found,Is the AI boom getting us any closer to space-based solar?,https://www.latitudemedia.com/news/is-the-ai-boom-getting-us-any-closer-to-space-based-solar/,2026-09-22,www.latitudemedia.com,,,,,,technology_only_not_application,0,0,0,1,0,4.435,,,,,,,,,,1.386294,-0.405465,-0.81093,,0.055556,0.0,,,,,,,,,,,,,,,,,1,,,,,,,,,,,0.0,0.0,0.5,,,,,,0,,0,1,1,1,1
pos_c2e823673050562a,1,bronze,provisional_positive,needs_human_review,2026-09-22,weak-signals-63-v2,tech_3eeb530de6d6,Advanced materials,Передовые материалы,programmable mechanical metamaterials,программируемые механические метаматериалы,aerospace structures,аэрокосмических конструкций,programmable mechanical metamaterials for aerospace structures,программируемые механические метаматериалы для аэрокосмических конструкций,en,programmable mechanical metamaterials aerospace structures,Programmable Sequential 4D Actuation in Multistable Kirigami Metamaterials,https://doi.org/10.1002/advs.77412,https://api.crossref.org/works/10.1002/advs.77412,https://doi.org/10.1002/advs.77412,2026-08-24,day,unknown,Wiley,"ABSTRACT Programmable shape transformation is essential for adaptive soft mechanisms operating in constrained or dynamic environments. This study presents a modular kirigami metamaterial platform that enables programmable multistability and sequential 4D actuation through thermally triggered recovery. Inspired by geometric motifs from traditional Korean Dancheong patterns, in which symmetry and motif stacking govern pattern formation, two kirigami unit cells with different slit configurations are designed to exhibit distinct bistable responses and directional auxetic behavior. Using dual‐mater",title_or_abstract_terms,,0.825,26,relevant_works_in_top_200_crossref_results,curated_application+crossref_title_abstract_term_overlap+recent_science,Crossref publication supports search-term overlap only; weak-signal status and exact application require expert review.,unavailable,,,,,,,no_relevant_result,,,,,,,,,,,,,,,,found,"Nanomaterials Transformed by Engineering Shape, Not Chemistry",https://www.azonano.com/news.aspx?newsID=41618,2026-01-23,www.azonano.com,,,,,,technology_only_not_application,0,0,0,1,0,6.034,,,,,,,,,,2.833213,0.77319,1.178655,,0.0,0.25,,,,,,,,,,,,,,,,,1,,,,,,,,,,,0.232288,0.008362,0.230769,,,,,,1,,0,1,1,1,1
pos_37415a7eca5b20f7,1,bronze,provisional_positive,needs_human_review,2026-09-22,weak-signals-63-v2,tech_cda08c149293,Food and agriculture,Пищевые и агротехнологии,engineered microbial biostimulants,инженерные микробные биостимуляторы,low-carbon protein production,низкоуглеродного производства белка,engineered microbial biostimulants for low-carbon protein production,инженерные микробные биостимуляторы для низкоуглеродного производства белка,en,engineered microbial biostimulants low-carbon protein production,"Combined effect of microbial and non-microbial biostimulants on wheat growth, yield, and grain nutritional quality under sandy soil conditions",https://doi.org/10.1186/s12870-026-09659-4,https://api.crossref.org/works/10.1186/s12870-026-09659-4,https://doi.org/10.1186/s12870-026-09659-4,2026-08-13,day,unknown,Springer Science and Business Media LLC,"Abstract Background The agricultural use of sandy soils has expanded worldwide to meet the increasing demand for food and other agricultural commodities resulting from rapid population growth and urbanization. However, the inherent limitations of these soils, particularly their low capacity to retain water and nutrients, pose major challenges to sustainable crop production. Accordingly, field experiments were conducted to assess the effectiveness of integrated microbial and non-microbial biostimulants in improving the performance of wheat ( Triticum aestivum L. cv. Sakha-94). Wheat grains were",title_or_abstract_terms,,0.666667,2,relevant_works_in_top_200_crossref_results,curated_application+crossref_title_abstract_term_overlap+recent_science,Crossref publication supports search-term overlap only; weak-signal status and exact application require expert review.,unavailable,,,,,,,no_relevant_result,,,,,,,,,,,,,,,,found,"[Latest] Global Microbial Biostimulants Market Size/Share Worth USD 13.88 Billion by 2034 at a 10.5% CAGR: Custom Market Insights (Analysis, Outlook, Leaders, Report, Trends ...",https://uk.finance.yahoo.com/news/latest-global-microbial-biostimulants-market-073000815.html,2026-08-12,uk.finance.yahoo.com,,,,,,technology_only_not_application,1,0,0,0,0,1.927,,,,,,,,,,1.098612,1.098612,1.098612,,0.021739,0.0,,,,,,,,,,,,,,,,,1,,,,,,,,,,,0.0,0.0,1.0,,,,,,1,,0,1,1,1,1
pos_3e07fe98464c105b,1,bronze,provisional_positive,needs_human_review,2026-09-22,weak-signals-63-v2,tech_e580e3ac250a,Robotics,Роботы,tactile vision-language-action models,тактильные vision-language-action модели,laboratory automation,автоматизации лабораторий,tactile vision-language-action models for laboratory automation,тактильные vision-language-action модели для автоматизации лабораторий,en,tactile vision-language-action models laboratory automation,Foundation Models for Construction Robotics: Transfer Learning and Vision-Language-Action Integration,https://doi.org/10.55041/ijsrem54814,https://api.crossref.org/works/10.55041/ijsrem54814,https://doi.org/10.55041/ijsrem54814,2025-12-25,day,unknown,Edtech Publishers (OPC) Private Limited,"This research explores transfer learning methodologies across diverse construction tasks, develop vision-language-action (VLA) frameworks for instructable construction robots, implement few-shot learning approaches for rapid adaptation to novel operations, and design generalist robot policies capable of multi-task construction automation.",same_abstract_sentence,,0.608333,1,relevant_works_in_top_200_crossref_results,curated_application+crossref_title_abstract_term_overlap+recent_science,Crossref publication supports search-term overlap only; weak-signal status and exact application require expert review.,unavailable,,,,,,,no_relevant_result,,,,,,,,,,,,,,,,found,Vision-Language-Action Models Arrive,https://semiengineering.com/vision-language-action-models-arrive/,2026-05-14,semiengineering.com,,,,,,technology_only_not_application,1,0,0,0,0,0.742,,,,,,,,,,0.693147,0.693147,0.693147,,0.0,0.0,,,,,,,,,,,,,,,,,1,,,,,,,,,,,7.042254,0.042254,1.0,,,,,,0,,0,1,1,1,1
pos_c47f57ce09827bc5,1,bronze,provisional_positive,needs_human_review,2026-09-22,weak-signals-63-v2,tech_e9c200d65f1c,Fintech,Финтех,federated learning for financial crime detection,федеративное обучение для выявления финансовых преступлений,trade finance,торгового финансирования,federated learning for financial crime detection for trade finance,федеративное обучение для выявления финансовых преступлений для торгового финансирования,en,federated learning for financial crime detection trade finance,Federated Learning for Agentic Gen AI in Financial Risk Management for National Financial Security,https://doi.org/10.20944/preprints202510.0524.v1,https://api.crossref.org/works/10.20944/preprints202510.0524.v1,https://doi.org/10.20944/preprints202510.0524.v1,2025-10-07,day,unknown,MDPI AG,"Agentic Gen AI deployment is critically hampered by the siloed and sensitive nature of financial data, stringent data privacy regulations (e.g., GDPR, CCPA), and growing cybersecurity threats. This paper provides a comprehensive analysis of the synergistic integration of Federated Learning with Generative and Agentic AI systems for financial risk management. We explore the technical foundations of FL, its role in training and deploying Gen AI models like Large Language Models (LLMs) for synthetic data generation and risk analysis, and its function as the backbone for secure, collaborative Agen",title_or_abstract_terms,,0.825,2,relevant_works_in_top_200_crossref_results,curated_application+crossref_title_abstract_term_overlap+recent_science,Crossref publication supports search-term overlap only; weak-signal status and exact application require expert review.,unavailable,,,,,,,no_relevant_result,,,,,,,,,,,,,,,,found,Sigma360 And Consilient Announce Strategic Integration To Transform Financial Crime Detection With Federated Machine Learning Driven Pkyc And Transaction Risk Monitoring,https://menafn.com/1110962653/Sigma360-And-Consilient-Announce-Strategic-Integration-To-Transform-Financial-Crime-Detection-With-Federated-Machine-Learning-Driven-Pkyc-And-Transaction-Risk-Monitoring,2026-04-09,menafn.com,,,,,,technology_only_not_application,0,0,0,1,0,0.958,,,,,,,,,,1.098612,1.098612,1.098612,,0.055556,0.5,,,,,,,,,,,,,,,,,1,,,,,,,,,,,1.919386,0.03263,0.5,,,,,,1,,0,1,1,1,1
pos_2d8057b187ab4177,1,bronze,provisional_positive,needs_human_review,2026-09-22,weak-signals-63-v2,tech_3e5ef9cafb5d,Clean energy,Энергетика и климат,electrochemical ammonia synthesis,электрохимический синтез аммиака,industrial waste heat recovery,утилизации промышленного сбросного тепла,electrochemical ammonia synthesis for industrial waste heat recovery,электрохимический синтез аммиака для утилизации промышленного сбросного тепла,en,electrochemical ammonia synthesis industrial waste heat recovery,Electrochemical Ammonia Synthesis and Integrated Li Recovery from Brine,https://doi.org/10.1149/ma2025-02281543mtgabs,https://api.crossref.org/works/10.1149/ma2025-02281543mtgabs,https://doi.org/10.1149/ma2025-02281543mtgabs,2025-11-24,day,unknown,The Electrochemical Society,"Herein, we have developed a new electrochemical strategy to achieve ammonia production and Li + recovery from brine using a Li-ion selective redox material.",same_abstract_sentence,,0.825,5,relevant_works_in_top_200_crossref_results,curated_application+crossref_title_abstract_term_overlap+recent_science,Crossref publication supports search-term overlap only; weak-signal status and exact application require expert review.,unavailable,,,,,,,no_relevant_result,,,,,,,,,,,,,,,,found,Insights into spinel cobalt oxides may lead to efficient ammonia synthesis,https://phys.org/news/2024-08-insights-spinel-cobalt-oxides-efficient.html,2024-08-27,phys.org,,,,,,technology_only_not_application,1,0,0,0,0,0.827,,,,,,,,,,1.791759,1.791759,1.791759,,0.0,0.0,,,,,,,,,,,,,,,,,1,,,,,,,,,,,0.0,0.031873,0.2,,,,,,1,,0,1,1,1,1
pos_d9112add5a129519,1,bronze,provisional_positive,needs_human_review,2026-09-22,weak-signals-63-v2,tech_0a74e5afbe45,Edge AI,Edge,tinyML neural processing units,нейропроцессоры tinyML,autonomous vehicles,автономного транспорта,tinyML neural processing units for autonomous vehicles,нейропроцессоры tinyML для автономного транспорта,en,tinyML neural processing units autonomous vehicles,Performance Implications of Multi-Chiplet Neural Processing Units on Autonomous Driving Perception,https://doi.org/10.23919/date64628.2025.10993228,https://api.crossref.org/works/10.23919/date64628.2025.10993228,https://doi.org/10.23919/date64628.2025.10993228,2025-03-31,day,unknown,IEEE,Performance Implications of Multi-Chiplet Neural Processing Units on Autonomous Driving Perception,title_terms_only,,0.6625,1,relevant_works_in_top_200_crossref_results,curated_application+crossref_title_abstract_term_overlap+recent_science,Crossref publication supports search-term overlap only; weak-signal status and exact application require expert review.,unavailable,,,,,,,no_relevant_result,,,,,,,,,,,,,,,,no_relevant_result,,,,,,,,,,,1,0,0,0,0,1.478,,,,,,,,,,0.693147,0.693147,0.693147,,0.166667,0.0,,,,,,,,,,,,,,,,,1,,,,,,,,,,,0.0,0.0,0.0,,,,,,0,,0,1,1,1,1
pos_4d6baba22d93c161,1,bronze,provisional_positive,needs_human_review,2026-09-22,weak-signals-63-v2,tech_a2bd4124bb6f,Biotechnology,Биотехнологии и медицина,magnetically guided medical microrobots,магнитоуправляемые медицинские микророботы,drug screening,скрининга лекарств,magnetically guided medical microrobots for drug screening,магнитоуправляемые медицинские микророботы для скрининга лекарств,en,magnetically guided medical microrobots drug screening,Laser‐Guided Self‐Rolled Magnetic Microrobots for Targeted Biofilm Eradication in Severely Infected Medical Stents,https://doi.org/10.1002/smll.74469,https://api.crossref.org/works/10.1002/smll.74469,https://doi.org/10.1002/smll.74469,2026-07-14,day,unknown,Wiley,"Here, a laser‐guided self‐assembly strategy is developed to assemble tubular magnetic micromotors from high‐entropy alloy/polyimide (HEA/PI) bilayers for hydrogel‐based drug delivery and biofilm eradication inside implantable medical tubes.",same_abstract_sentence,,0.825,5,relevant_works_in_top_200_crossref_results,curated_application+crossref_title_abstract_term_overlap+recent_science,Crossref publication supports search-term overlap only; weak-signal status and exact application require expert review.,unavailable,,,,,,,no_relevant_result,,,,,,,,,,,,,,,,found,Liquid Metal Microrobots for Magnetically Guided Transvascular Navigation,https://www.nature.com/nature-index/article/10.1002/adma.202518382,2025-12-18,www.nature.com,,,,,,technology_only_not_application,1,0,0,0,0,4.189,,,,,,,,,,1.609438,1.609438,2.302585,,0.444444,0.0,,,,,,,,,,,,,,,,,1,,,,,,,,,,,0.980392,0.0,1.0,,,,,,1,,0,1,1,1,1
pos_fdcd9df17bd1a9b7,1,bronze,provisional_positive,needs_human_review,2026-09-22,weak-signals-63-v2,tech_914ccf8d83e7,AI security,Защита ИИ,memory poisoning defense for AI agents,защита памяти ИИ-агентов от отравления,industrial control agents,агентов промышленного управления,memory poisoning defense for AI agents for industrial control agents,защита памяти ИИ-агентов от отравления для агентов промышленного управления,en,memory poisoning defense for AI agents industrial control agents,Poisoning the Compliance Mind: Adversarial Memory Injection Attacks on RAG-Based AML Agents and a Defense Framework for High-Stakes Financial Environments,https://doi.org/10.2139/ssrn.6734225,https://api.crossref.org/works/10.2139/ssrn.6734225,https://doi.org/10.2139/ssrn.6734225,2026-01-01,year,unknown,Elsevier BV,"Unlike stateless classifiers, these agents maintain a persistent vector memory that conditions every downstream compliance decision.",same_abstract_sentence,,0.883333,2,relevant_works_in_top_200_crossref_results,curated_application+crossref_title_abstract_term_overlap+recent_science,Crossref publication supports search-term overlap only; weak-signal status and exact application require expert review.,unavailable,,,,,,,no_relevant_result,,,,,,,,,,,,,,,,found,The memory problem holding back AI security agents,https://www.computing.co.uk/feature/2026/the-memory-problem-holding-back-ai-security-agents,2026-07-08,www.computing.co.uk,,,,,,technology_only_not_application,0,0,0,1,0,0.723,,,,,,,,,,1.098612,1.098612,1.098612,,0.0,1.0,,,,,,,,,,,,,,,,,1,,,,,,,,,,,0.0,0.005535,1.0,,,,,,1,,0,1,1,1,1
pos_4a56a53cbea90bc8,1,bronze,provisional_positive,needs_human_review,2026-09-22,weak-signals-63-v2,tech_f4583fff1f59,Industrial AI,Индустриальный ИИ,adaptive vision-guided robotic welding,адаптивная роботизированная сварка с машинным зрением,cement production,производства цемента,adaptive vision-guided robotic welding for cement production,адаптивная роботизированная сварка с машинным зрением для производства цемента,en,adaptive vision-guided robotic welding cement production,3D vision-guided adaptive trajectory planning for complex spatial welds based on multi-source point cloud fusion,https://doi.org/10.21203/rs.3.rs-9894473/v1,https://api.crossref.org/works/10.21203/rs.3.rs-9894473/v1,https://doi.org/10.21203/rs.3.rs-9894473/v1,2026-07-13,day,unknown,Springer Science and Business Media LLC,"Abstract With the rapid advancement of intelligent manufacturing, robotic welding has increasingly applied to workpieces with diverse spatial welds; However, the lack of CAD models poses a major challenge for trajectory planning in small-batch customized production.",same_abstract_sentence,,0.825,6,relevant_works_in_top_200_crossref_results,curated_application+crossref_title_abstract_term_overlap+recent_science,Crossref publication supports search-term overlap only; weak-signal status and exact application require expert review.,unavailable,,,,,,,no_relevant_result,,,,,,,,,,,,,,,,no_relevant_result,,,,,,,,,,,0,1,0,0,0,6.543,,,,,,,,,,1.098612,0.405465,0.81093,,0.0,0.5,,,,,,,,,,,,,,,,,1,,,,,,,,,,,0.0,0.008352,1.0,,,,,,1,,0,1,1,1,1
pos_0161cd4c535c7399,1,bronze,provisional_positive,needs_human_review,2026-09-22,weak-signals-63-v2,tech_9a5298f62ba5,AI infrastructure,Инфраструктура ИИ,optical circuit switching,оптическая коммутация каналов,low-energy AI data centers,энергоэффективных центров обработки данных ИИ,optical circuit switching for low-energy AI data centers,оптическая коммутация каналов для энергоэффективных центров обработки данных ИИ,en,optical circuit switching low-energy AI data centers,Evaluating the Efficiency of Optical Circuit Switching in Mega Data Centers,https://doi.org/10.59543/jidmis.v3.936,https://api.crossref.org/works/10.59543/jidmis.v3.936,https://doi.org/10.59543/jidmis.v3.936,2026-07-23,day,unknown,"Auricle Technologies, Pvt., Ltd.","In sum, it can be concluded that optical circuit switching is the most effective when embedded in traffic-conscious hybrid constructions that can provide a viable and scalable approach to next-generation mega data centers networks",same_abstract_sentence,,0.825,4,relevant_works_in_top_200_crossref_results,curated_application+crossref_title_abstract_term_overlap+recent_science,Crossref publication supports search-term overlap only; weak-signal status and exact application require expert review.,manual_page_review,Methods and techniques for optical circuit switching,https://patents.google.com/patent/US20260110848A1/en,US20260110848A1,2026-04-23,,"The techniques described herein can be used to dynamically route and reroute a network, e.g., as in a data center.",found,iPronics Raises $125 Million to Scale Programmable Optical Networking for AI Data Centers,https://www.thestar.com/globenewswire/ipronics-raises-125-million-to-scale-programmable-optical-networking-for-ai-data-centers/article_74b1983f-885a-58e8-af03-b9659a53517f.html,2026-09-02,www.thestar.com,"VALENCIA, Spain and SANTA CLARA, Calif., Sept. 02, 2026 (GLOBE NEWSWIRE) — iPronics, a pioneer in silicon photonics-based optical circuit switching for AI infrastructure, has announced $125 million in ...",,,,iPronics Raises $125 Million to Scale Programmable Optical Networking for AI Data Centers,https://www.thestar.com/globenewswire/ipronics-raises-125-million-to-scale-programmable-optical-networking-for-ai-data-centers/article_74b1983f-885a-58e8-af03-b9659a53517f.html,2026-09-02,$125 M,iPronics raises $125 M to scale optical networking for AI data centers,https://optics.org/news/ipronics-raises-125-million-to-scale-programmable-optical-networking-for-ai-data-centers,2026-09-02,found,UTStarcom Holdings Corp. Unveils Optical Circuit Switching Solution for AI Data Centers At Cioe 2026,https://www.marketscreener.com/news/utstarcom-holdings-corp-unveils-optical-circuit-switching-solution-for-ai-data-centers-at-cioe-2026-ce785ad8db88ff22,2026-09-21,www.marketscreener.com,,,,,,technology_only_not_application,0,0,0,1,0,7.228,,,,,,,,,,1.386294,1.386294,1.386294,,0.0,0.0,,,,,,,,,,,,,,,,,3,,,,,,,,,,,0.0,0.006356,1.0,,,,,,1,,0,1,1,1,1
pos_bb8af74ccbeaf828,1,bronze,provisional_positive,needs_human_review,2026-09-22,weak-signals-63-v2,tech_b3c29b1ce239,Quantum technology,Квантовые технологии,neutral-atom quantum processors,квантовые процессоры на нейтральных атомах,battery material simulation,моделирования материалов аккумуляторов,neutral-atom quantum processors for battery material simulation,квантовые процессоры на нейтральных атомах для моделирования материалов аккумуляторов,en,neutral-atom quantum processors battery material simulation,Variational Quantum Computation of Floquet Quasienergy Bands on Noisy Intermediate-Scale Quantum Processors,https://doi.org/10.2139/ssrn.7132218,https://api.crossref.org/works/10.2139/ssrn.7132218,https://doi.org/10.2139/ssrn.7132218,2026-01-01,year,unknown,Elsevier BV,"The simulation of time-periodic quantum systems and the characterization of their Floquet quasienergy bands represent a frontier in quantum many-body physics, with profound implications for understanding topological phases, quantum thermodynamics, and driven material design.",same_abstract_sentence,,0.666667,1,relevant_works_in_top_200_crossref_results,curated_application+crossref_title_abstract_term_overlap+recent_science,Crossref publication supports search-term overlap only; weak-signal status and exact application require expert review.,unavailable,,,,,,,no_relevant_result,,,,,,,,,,,,,,,,found,"Fast, continuous, and coherent atom reloading in a neutral-atom qubit array",https://www.science.org/doi/10.1126/science.adz9952,2026-09-16,www.science.org,,,,,,technology_only_not_application,1,0,0,0,0,0.723,,,,,,,,,,0.693147,0.693147,0.693147,,0.0,1.0,,,,,,,,,,,,,,,,,1,,,,,,,,,,,0.0,0.051282,0.0,,,,,,0,,0,1,1,1,1
pos_e9702b815f60e29d,1,bronze,provisional_positive,needs_human_review,2026-09-22,weak-signals-63-v2,tech_f6b80fafee65,Space and ocean,Космос и океан,in-space robotic manufacturing,роботизированное производство в космосе,resilient communications,устойчивой связи,in-space robotic manufacturing for resilient communications,роботизированное производство в космосе для устойчивой связи,en,in-space robotic manufacturing resilient communications,Robotic Testbeds for Emulation of In-Space Assembly and Manufacturing of Advanced Structural Systems,https://doi.org/10.1115/1.4068161,https://api.crossref.org/works/10.1115/1.4068161,https://doi.org/10.1115/1.4068161,2025-03-27,day,unknown,ASME International,"Abstract Tensegrity structures, characterized by axially loaded mechanical structures, offer promising solutions for space engineering due to their lightweight and resilient nature. This article explores the groundbreaking frontier of the autonomous assembly of tensegrity plates in space using robotic platforms, presenting a detailed emulation of the capture and assembly process of two large tensegrity cubic plates into a single, larger rectangular plate. The study employed two robotic platforms: the Holonomic Omnidirectional Motion Emulation Robot (HOMER), emulating the assembly robot, and th",title_or_abstract_terms,,0.825,1,relevant_works_in_top_200_crossref_results,curated_application+crossref_title_abstract_term_overlap+recent_science,Crossref publication supports search-term overlap only; weak-signal status and exact application require expert review.,unavailable,,,,,,,no_relevant_result,,,,,,,,,,,,,,,,no_relevant_result,,,,,,,,,,,1,0,0,0,0,1.489,,,,,,,,,,0.693147,0.693147,0.693147,,0.055556,0.0,,,,,,,,,,,,,,,,,1,,,,,,,,,,,0.0,0.021505,1.0,,,,,,0,,0,1,1,1,1
pos_ffc11604fd3c400b,1,bronze,provisional_positive,needs_human_review,2026-09-22,weak-signals-63-v2,tech_3eeb530de6d6,Advanced materials,Передовые материалы,programmable mechanical metamaterials,программируемые механические метаматериалы,circular manufacturing,циклического производства,programmable mechanical metamaterials for circular manufacturing,программируемые механические метаматериалы для циклического производства,en,programmable mechanical metamaterials circular manufacturing,Programmable Sequential 4D Actuation in Multistable Kirigami Metamaterials,https://doi.org/10.1002/advs.77412,https://api.crossref.org/works/10.1002/advs.77412,https://doi.org/10.1002/advs.77412,2026-08-24,day,unknown,Wiley,"ABSTRACT Programmable shape transformation is essential for adaptive soft mechanisms operating in constrained or dynamic environments. This study presents a modular kirigami metamaterial platform that enables programmable multistability and sequential 4D actuation through thermally triggered recovery. Inspired by geometric motifs from traditional Korean Dancheong patterns, in which symmetry and motif stacking govern pattern formation, two kirigami unit cells with different slit configurations are designed to exhibit distinct bistable responses and directional auxetic behavior. Using dual‐mater",title_or_abstract_terms,,0.825,6,relevant_works_in_top_200_crossref_results,curated_application+crossref_title_abstract_term_overlap+recent_science,Crossref publication supports search-term overlap only; weak-signal status and exact application require expert review.,unavailable,,,,,,,no_relevant_result,,,,,,,,,,,,,,,,found,"Nanomaterials Transformed by Engineering Shape, Not Chemistry",https://www.azonano.com/news.aspx?newsID=41618,2026-01-23,www.azonano.com,,,,,,technology_only_not_application,1,0,0,0,0,2.376,,,,,,,,,,1.94591,0.510826,-0.587787,,0.423077,0.0,,,,,,,,,,,,,,,,,1,,,,,,,,,,,0.0,0.015656,0.0,,,,,,1,,0,1,1,1,1
pos_a891cc3388210d60,1,bronze,provisional_positive,needs_human_review,2026-09-22,weak-signals-63-v2,tech_5d4cec363302,Food and agriculture,Пищевые и агротехнологии,plant bioelectronic interfaces,биоэлектронные интерфейсы растений,soil health monitoring,мониторинга здоровья почв,plant bioelectronic interfaces for soil health monitoring,биоэлектронные интерфейсы растений для мониторинга здоровья почв,en,plant bioelectronic interfaces soil health monitoring,"( <i>Invited</i> ) Materials Strategies for Chronically Stable, High-Precision, Multimodal Bioelectronic Interfaces",https://doi.org/10.1149/ma2026-01341578mtgabs,https://api.crossref.org/works/10.1149/ma2026-01341578mtgabs,https://doi.org/10.1149/ma2026-01341578mtgabs,2026-07-07,day,unknown,The Electrochemical Society,"These advances establish a foundation for next-generation bioelectronic platforms with applications in chronic health monitoring, neuromodulation, and biohybrid systems.",same_abstract_sentence,,0.666667,4,relevant_works_in_top_200_crossref_results,curated_application+crossref_title_abstract_term_overlap+recent_science,Crossref publication supports search-term overlap only; weak-signal status and exact application require expert review.,unavailable,,,,,,,no_relevant_result,,,,,,,,,,,,,,,,found,'Drop-printing' shows potential for constructing bioelectronic interfaces that conform to complex surfaces,https://www.msn.com/en-us/health/other/drop-printing-shows-potential-for-constructing-bioelectronic-interfaces-that-conform-to-complex-surfaces/ar-AA1MUPek,2025-09-19,www.msn.com,,,,,,technology_only_not_application,0,0,0,1,0,2.026,,,,,,,,,,1.609438,0.693147,0.0,,0.0,0.0,,,,,,,,,,,,,,,,,1,,,,,,,,,,,1.369863,0.005479,0.5,,,,,,1,,0,1,1,1,1
pos_2f9f75e1dde2833b,1,bronze,provisional_positive,needs_human_review,2026-09-22,weak-signals-63-v2,tech_447e6f80b07b,Robotics,Роботы,zero-shot simulation-to-reality transfer,zero-shot перенос из симуляции в реальность,physical rehabilitation,физической реабилитации,zero-shot simulation-to-reality transfer for physical rehabilitation,zero-shot перенос из симуляции в реальность для физической реабилитации,en,zero-shot simulation-to-reality transfer physical rehabilitation,Accelerating Bayesian inference of structural damage detection based on physics-guided CNN and zero-shot transfer learning,https://doi.org/10.1177/14759217251395197,https://api.crossref.org/works/10.1177/14759217251395197,https://doi.org/10.1177/14759217251395197,2025-12-03,day,unknown,SAGE Publications,"Bayesian inference for structural damage identification faces prohibitive computational demands due to high-dimensional parameter spaces and repeated evaluations of costly finite element (FE) models during Markov chain Monte Carlo (MCMC) sampling. This study introduces an accelerated Bayesian framework integrating a physics-guided convolutional neural network (PhyCNN) with zero-shot transfer learning to overcome these limitations. The PhyCNN surrogate model embeds fundamental mechanics principles via physics-constrained loss functions, replacing FE simulations to rapidly predict modal paramete",title_or_abstract_terms,,0.608333,2,relevant_works_in_top_200_crossref_results,curated_application+crossref_title_abstract_term_overlap+recent_science,Crossref publication supports search-term overlap only; weak-signal status and exact application require expert review.,unavailable,,,,,,,no_relevant_result,,,,,,,,,,,,,,,,no_relevant_result,,,,,,,,,,,0,0,0,1,0,2.724,,,,,,,,,,1.098612,0.0,-0.693147,,0.222222,0.0,,,,,,,,,,,,,,,,,1,,,,,,,,,,,0.0,0.027542,1.0,,,,,,0,,0,1,1,1,1
pos_baf6f0b631fb1806,1,bronze,provisional_positive,needs_human_review,2026-09-22,weak-signals-63-v2,tech_e9c200d65f1c,Fintech,Финтех,federated learning for financial crime detection,федеративное обучение для выявления финансовых преступлений,central bank digital currency,цифровых валют центральных банков,federated learning for financial crime detection for central bank digital currency,федеративное обучение для выявления финансовых преступлений для цифровых валют центральных банков,en,federated learning for financial crime detection central bank digital currency,Federated Learning for Privacy-Preserving Fraud Detection across Financial Institutions,https://doi.org/10.63282/3050-9416.ijaibdcms-v6i4p138,https://api.crossref.org/works/10.63282/3050-9416.ijaibdcms-v6i4p138,https://doi.org/10.63282/3050-9416.ijaibdcms-v6i4p138,2025-01-01,year,unknown,ScienceTech Xplore,The study contributes to the growing discussion on privacy-preserving artificial intelligence in financial crime detection and digital banking security.,same_abstract_sentence,,0.825,4,relevant_works_in_top_200_crossref_results,curated_application+crossref_title_abstract_term_overlap+recent_science,Crossref publication supports search-term overlap only; weak-signal status and exact application require expert review.,unavailable,,,,,,,no_relevant_result,,,,,,,,,,,,,,,,found,Sigma360 And Consilient Announce Strategic Integration To Transform Financial Crime Detection With Federated Machine Learning Driven Pkyc And Transaction Risk Monitoring,https://menafn.com/1110962653/Sigma360-And-Consilient-Announce-Strategic-Integration-To-Transform-Financial-Crime-Detection-With-Federated-Machine-Learning-Driven-Pkyc-And-Transaction-Risk-Monitoring,2026-04-09,menafn.com,,,,,,technology_only_not_application,1,0,0,0,0,1.722,,,,,,,,,,1.609438,1.609438,1.609438,,0.0,0.25,,,,,,,,,,,,,,,,,1,,,,,,,,,,,0.0,0.030562,1.0,,,,,,1,,0,1,1,1,1
pos_f33a9f1e30ac025a,1,bronze,provisional_positive,needs_human_review,2026-09-22,weak-signals-63-v2,tech_3e5ef9cafb5d,Clean energy,Энергетика и климат,electrochemical ammonia synthesis,электрохимический синтез аммиака,carbon-neutral chemicals,углеродно-нейтрального производства химикатов,electrochemical ammonia synthesis for carbon-neutral chemicals,электрохимический синтез аммиака для углеродно-нейтрального производства химикатов,en,electrochemical ammonia synthesis carbon-neutral chemicals,(Invited) Modular Electrochemical Synthesis to Exploit Dynamic Electricity Markets and Recover Ammonia Electrochemically,https://doi.org/10.1149/ma2024-02593962mtgabs,https://api.crossref.org/works/10.1149/ma2024-02593962mtgabs,https://doi.org/10.1149/ma2024-02593962mtgabs,2024-11-22,day,unknown,The Electrochemical Society,"Using a fast proton redox material, copper hexacyanoferrate, highly rate-mismatched modular electrochemical synthesis was achieved by decoupling half-reactions with different intrinsic kinetics to produce chemicals under drastically different reaction rates and timescales: the fast hydrogen evolution reaction and slow persulfate production reaction.",same_abstract_sentence,,0.825,6,relevant_works_in_top_200_crossref_results,curated_application+crossref_title_abstract_term_overlap+recent_science,Crossref publication supports search-term overlap only; weak-signal status and exact application require expert review.,unavailable,,,,,,,no_relevant_result,,,,,,,,,,,,,,,,found,Insights into spinel cobalt oxides may lead to efficient ammonia synthesis,https://phys.org/news/2024-08-insights-spinel-cobalt-oxides-efficient.html,2024-08-27,phys.org,,,,,,technology_only_not_application,1,0,0,0,0,8.167,,,,,,,,,,1.609438,0.693147,0.693147,,0.0,0.0,,,,,,,,,,,,,,,,,1,,,,,,,,,,,0.0,0.019461,1.0,,,,,,1,,0,1,1,1,1
pos_f84173048549a872,1,bronze,provisional_positive,needs_human_review,2026-09-22,weak-signals-63-v2,tech_0a74e5afbe45,Edge AI,Edge,tinyML neural processing units,нейропроцессоры tinyML,precision agriculture,точного земледелия,tinyML neural processing units for precision agriculture,нейропроцессоры tinyML для точного земледелия,en,tinyML neural processing units precision agriculture,SCALABLE PARALLEL TRAINING OF DEEP NEURAL NETWORKS FOR IMAGE CLASSIFICATION USING TENSOR PROCESSING UNITS,https://doi.org/10.31891/csit-2025-1-12,https://api.crossref.org/works/10.31891/csit-2025-1-12,https://doi.org/10.31891/csit-2025-1-12,2025-03-27,day,unknown,Khmelnytskyi National University,"Image classification using machine learning techniques is crucial in fields such as medicine, ecology, and agriculture, where large datasets of images need to be processed efficiently. However, traditional deep learning methods can be computationally expensive, particularly when handling massive amounts of data. This paper proposes a novel parallel training approach for deep neural networks using multiple Tensor Processing Units (TPUs) with the TensorFlow tf.distribute.Strategy API, aimed at solving the scalability issue in image including bird species classification tasks. The primary advanta",title_or_abstract_terms,,0.6625,5,relevant_works_in_top_200_crossref_results,curated_application+crossref_title_abstract_term_overlap+recent_science,Crossref publication supports search-term overlap only; weak-signal status and exact application require expert review.,unavailable,,,,,,,no_relevant_result,,,,,,,,,,,,,,,,no_relevant_result,,,,,,,,,,,0,0,0,1,0,6.229,,,,,,,,,,1.386294,0.405465,-0.287682,,1.0,0.0,,,,,,,,,,,,,,,,,1,,,,,,,,,,,0.0,0.014905,1.0,,,,,,1,,0,1,1,1,1
pos_d7dd2d522f6eec19,1,bronze,provisional_positive,needs_human_review,2026-09-22,weak-signals-63-v2,tech_a2bd4124bb6f,Biotechnology,Биотехнологии и медицина,magnetically guided medical microrobots,магнитоуправляемые медицинские микророботы,antimicrobial therapy,антимикробной терапии,magnetically guided medical microrobots for antimicrobial therapy,магнитоуправляемые медицинские микророботы для антимикробной терапии,en,magnetically guided medical microrobots antimicrobial therapy,Laser‐Guided Self‐Rolled Magnetic Microrobots for Targeted Biofilm Eradication in Severely Infected Medical Stents,https://doi.org/10.1002/smll.74469,https://api.crossref.org/works/10.1002/smll.74469,https://doi.org/10.1002/smll.74469,2026-07-14,day,unknown,Wiley,"ABSTRACT Pathogenic bacterial biofilms on biological interfaces and implanted medical devices are highly resistant to conventional antimicrobial therapies, leading to persistent infections and device failure.",same_abstract_sentence,,0.825,5,relevant_works_in_top_200_crossref_results,curated_application+crossref_title_abstract_term_overlap+recent_science,Crossref publication supports search-term overlap only; weak-signal status and exact application require expert review.,unavailable,,,,,,,no_relevant_result,,,,,,,,,,,,,,,,found,Liquid Metal Microrobots for Magnetically Guided Transvascular Navigation,https://www.nature.com/nature-index/article/10.1002/adma.202518382,2025-12-18,www.nature.com,,,,,,technology_only_not_application,1,0,0,0,0,3.285,,,,,,,,,,1.609438,0.916291,0.223144,,0.444444,0.25,,,,,,,,,,,,,,,,,1,,,,,,,,,,,1.015228,0.00203,0.8,,,,,,1,,0,1,1,1,1
pos_3eceb08261d6fd3c,1,bronze,provisional_positive,needs_human_review,2026-09-22,weak-signals-63-v2,tech_d24a7ee19fc3,AI security,Защита ИИ,machine unlearning,машинное разобучение,edge AI systems,периферийных систем ИИ,machine unlearning for edge AI systems,машинное разобучение для периферийных систем ИИ,en,machine unlearning edge AI systems,"Machine Unlearning: A Survey of Methods, Metrics, and Challenges in Data Removal for AI Systems",https://doi.org/10.21275/sr251004215417,https://api.crossref.org/works/10.21275/sr251004215417,https://doi.org/10.21275/sr251004215417,2025-10-11,day,unknown,International Journal of Science and Research,"Machine Unlearning: A Survey of Methods, Metrics, and Challenges in Data Removal for AI Systems",title_terms_only,,0.883333,5,relevant_works_in_top_200_crossref_results,curated_application+crossref_title_abstract_term_overlap+recent_science,Crossref publication supports search-term overlap only; weak-signal status and exact application require expert review.,unavailable,,,,,,,no_relevant_result,,,,,,,,,,,,,,,,found,Machine unlearning gets a practical privacy upgrade,https://www.helpnetsecurity.com/2025/07/17/machine-unlearning-privacy-upgrade/,2025-07-16,www.helpnetsecurity.com,https://news.utexas.edu/2024/03/21/machine-unlearning-helps-generative-ai-forget-copyright-protected-and-violent-content/,,,,,technology_only_not_application,0,0,0,1,0,2.338,,,,,,,,,,1.791759,0.916291,0.223144,,0.0,0.25,,,,,,,,,,,,,,,,,1,,,,,,,,,,,0.0,0.030534,0.8,,,,,,1,,0,1,1,1,1
pos_c2534739b12ebd1e,1,bronze,provisional_positive,needs_human_review,2026-09-22,weak-signals-63-v2,tech_a6b70ed883c6,Industrial AI,Индустриальный ИИ,foundation models for industrial time series,фундаментальные модели промышленных временных рядов,mineral processing,обогащения полезных ископаемых,foundation models for industrial time series for mineral processing,фундаментальные модели промышленных временных рядов для обогащения полезных ископаемых,en,foundation models for industrial time series mineral processing,BRIDGE: Big Data-Powered Large Language Models for Real-Time Multi-Modal Decision Support in Industrial Time Series,https://doi.org/10.21203/rs.3.rs-9352751/v1,https://api.crossref.org/works/10.21203/rs.3.rs-9352751/v1,https://doi.org/10.21203/rs.3.rs-9352751/v1,2026-04-21,day,unknown,Springer Science and Business Media LLC,"Existing time-series foundation models address these tasks inisolation and ignore the rich graph-structured topology inherent toindustrial sensor networks, while general-purpose large language models(LLMs) lack efficient mechanisms for processing high-frequency numericalstreams under strict latency constraints.",same_abstract_sentence,,0.825,2,relevant_works_in_top_200_crossref_results,curated_application+crossref_title_abstract_term_overlap+recent_science,Crossref publication supports search-term overlap only; weak-signal status and exact application require expert review.,unavailable,,,,,,,no_relevant_result,,,,,,,,,,,,,,,,no_relevant_result,,,,,,,,,,,1,0,0,0,0,0.526,,,,,,,,,,1.098612,1.098612,1.098612,,0.0,1.0,,,,,,,,,,,,,,,,,1,,,,,,,,,,,0.0,0.010753,1.0,,,,,,1,,0,1,1,1,1
pos_7dca45aebec4bfa7,1,bronze,provisional_positive,needs_human_review,2026-09-22,weak-signals-63-v2,tech_04c7297ffefe,AI infrastructure,Инфраструктура ИИ,analog in-memory computing,аналоговые вычисления в памяти,long-context language model inference,инференса языковых моделей с длинным контекстом,analog in-memory computing for long-context language model inference,аналоговые вычисления в памяти для инференса языковых моделей с длинным контекстом,en,analog in-memory computing long-context language model inference,Efficient transformer adaptation for analog in-memory computing via low-rank adapters,https://doi.org/10.1088/2634-4386/ae405e,https://api.crossref.org/works/10.1088/2634-4386/ae405e,https://doi.org/10.1088/2634-4386/ae405e,2026-02-17,day,unknown,IOP Publishing,"This poses two challenges for adapting a base network to hardware and downstream tasks: (i) conventional analog hardware-aware (AHWA) training requires retraining the entire model, and (ii) reprogramming analog devices is both time- and energy-intensive.",same_abstract_sentence,,0.825,4,relevant_works_in_top_200_crossref_results,curated_application+crossref_title_abstract_term_overlap+recent_science,Crossref publication supports search-term overlap only; weak-signal status and exact application require expert review.,unavailable,,,,,,,no_relevant_result,,,,,,,,,,,,,,,,found,A method to create fault-tolerant analog in-memory computing systems,https://www.msn.com/en-us/news/technology/a-method-to-create-fault-tolerant-analog-in-memory-computing-systems/ar-AA27NF3m,2026-07-13,www.msn.com,https://news.ucsc.edu/2026/09/cybersecurity-compute-in-memory/,,,,,technology_only_not_application,0,0,0,1,0,1.678,,,,,,,,,,1.609438,1.609438,1.609438,,0.025,0.25,,,,,,,,,,,,,,,,,1,,,,,,,,,,,1.686341,0.040472,1.0,,,,,,1,,0,1,1,1,1
pos_7856559e5040e6ff,1,bronze,provisional_positive,needs_human_review,2026-09-22,weak-signals-63-v2,tech_dca0e2cee355,Quantum technology,Квантовые технологии,integrated photonic quantum processors,интегральные фотонные квантовые процессоры,medical imaging,медицинской визуализации,integrated photonic quantum processors for medical imaging,интегральные фотонные квантовые процессоры для медицинской визуализации,en,integrated photonic quantum processors medical imaging,Integrated quantum photonic transceiver: applications to quantum communication and imaging,https://doi.org/10.1117/12.3062895,https://api.crossref.org/works/10.1117/12.3062895,https://doi.org/10.1117/12.3062895,2025-07-18,day,unknown,SPIE,Integrated quantum photonic transceiver: applications to quantum communication and imaging,title_terms_only,,0.6625,4,relevant_works_in_top_200_crossref_results,curated_application+crossref_title_abstract_term_overlap+recent_science,Crossref publication supports search-term overlap only; weak-signal status and exact application require expert review.,unavailable,,,,,,,no_relevant_result,,,,,,,,,,,,,,,,found,Neutral-atom quantum processors get chip-scale photonic link: Osaka hits 10 channels,https://www.msn.com/en-us/technology/quantum-computing/neutral-atom-quantum-processors-get-chip-scale-photonic-link-osaka-hits-10-channels/ar-AA2blWPz,2026-09-01,www.msn.com,,,,,,technology_only_not_application,1,0,0,0,0,6.012,,,,,,,,,,1.098612,-0.405465,-1.504077,,0.0,0.0,,,,,,,,,,,,,,,,,1,,,,,,,,,,,0.0,0.09009,0.0,,,,,,0,,0,1,1,1,1
pos_6468fa818357425a,1,bronze,provisional_positive,needs_human_review,2026-09-22,weak-signals-63-v2,tech_f6b80fafee65,Space and ocean,Космос и океан,in-space robotic manufacturing,роботизированное производство в космосе,polar research,полярных исследований,in-space robotic manufacturing for polar research,роботизированное производство в космосе для полярных исследований,en,in-space robotic manufacturing polar research,Robotic Testbeds for Emulation of In-Space Assembly and Manufacturing of Advanced Structural Systems,https://doi.org/10.1115/1.4068161,https://api.crossref.org/works/10.1115/1.4068161,https://doi.org/10.1115/1.4068161,2025-03-27,day,unknown,ASME International,"This research demonstrates the feasibility and efficacy of robotic platforms for on-orbit assembly of tensegrity structures, paving the way for innovative space infrastructure development and enhanced mission efficiency.",same_abstract_sentence,,0.825,8,relevant_works_in_top_200_crossref_results,curated_application+crossref_title_abstract_term_overlap+recent_science,Crossref publication supports search-term overlap only; weak-signal status and exact application require expert review.,unavailable,,,,,,,no_relevant_result,,,,,,,,,,,,,,,,no_relevant_result,,,,,,,,,,,1,0,0,0,0,5.254,,,,,,,,,,1.791759,0.223144,-0.470004,,0.090278,0.0,,,,,,,,,,,,,,,,,1,,,,,,,,,,,0.0,0.005872,0.5,,,,,,1,,0,1,1,1,1
pos_71e67ea0d9dbfe1e,1,bronze,provisional_positive,needs_human_review,2026-09-22,weak-signals-63-v2,tech_2c1289bbede3,Advanced materials,Передовые материалы,carbon-negative cementitious materials,цементные материалы с отрицательным углеродным следом,hydrogen storage,хранения водорода,carbon-negative cementitious materials for hydrogen storage,цементные материалы с отрицательным углеродным следом для хранения водорода,en,carbon-negative cementitious materials hydrogen storage,Microalgae-Driven Carbon Sequestration and Microbial Biomineralization for Sustainable Cementitious Materials,https://doi.org/10.4018/979-8-3373-7630-1.ch013,https://api.crossref.org/works/10.4018/979-8-3373-7630-1.ch013,https://doi.org/10.4018/979-8-3373-7630-1.ch013,2026-07-31,day,unknown,IGI Global Scientific Publishing,Addressing this challenge requires not only carbon reduction strategies but also active carbon capture and storage mechanisms within construction materials themselves.,same_abstract_sentence,,0.825,4,relevant_works_in_top_200_crossref_results,curated_application+crossref_title_abstract_term_overlap+recent_science,Crossref publication supports search-term overlap only; weak-signal status and exact application require expert review.,unavailable,,,,,,,no_relevant_result,,,,,,,,,,,,,,,,found,Cementitious Materials and Pozzolanic Reactions,https://www.nature.com/nature-index/topics/l4/cementitious-materials-and-pozzolanic-reactions,2025-05-31,www.nature.com,,,,,,technology_only_not_application,1,0,0,0,0,2.689,,,,,,,,,,1.609438,0.693147,0.0,,0.611111,0.0,,,,,,,,,,,,,,,,,1,,,,,,,,,,,0.0,0.0,0.0,,,,,,1,,0,1,1,1,1
pos_9c12cd952790dc3a,1,bronze,provisional_positive,needs_human_review,2026-09-22,weak-signals-63-v2,tech_5d4cec363302,Food and agriculture,Пищевые и агротехнологии,plant bioelectronic interfaces,биоэлектронные интерфейсы растений,livestock health monitoring,мониторинга здоровья сельскохозяйственных животных,plant bioelectronic interfaces for livestock health monitoring,биоэлектронные интерфейсы растений для мониторинга здоровья сельскохозяйственных животных,en,plant bioelectronic interfaces livestock health monitoring,"( <i>Invited</i> ) Materials Strategies for Chronically Stable, High-Precision, Multimodal Bioelectronic Interfaces",https://doi.org/10.1149/ma2026-01341578mtgabs,https://api.crossref.org/works/10.1149/ma2026-01341578mtgabs,https://doi.org/10.1149/ma2026-01341578mtgabs,2026-07-07,day,unknown,The Electrochemical Society,"These advances establish a foundation for next-generation bioelectronic platforms with applications in chronic health monitoring, neuromodulation, and biohybrid systems.",same_abstract_sentence,,0.666667,4,relevant_works_in_top_200_crossref_results,curated_application+crossref_title_abstract_term_overlap+recent_science,Crossref publication supports search-term overlap only; weak-signal status and exact application require expert review.,unavailable,,,,,,,no_relevant_result,,,,,,,,,,,,,,,,found,'Drop-printing' shows potential for constructing bioelectronic interfaces that conform to complex surfaces,https://www.msn.com/en-us/health/other/drop-printing-shows-potential-for-constructing-bioelectronic-interfaces-that-conform-to-complex-surfaces/ar-AA1MUPek,2025-09-19,www.msn.com,,,,,,technology_only_not_application,0,0,0,1,0,2.026,,,,,,,,,,1.609438,0.693147,0.0,,0.0,0.0,,,,,,,,,,,,,,,,,1,,,,,,,,,,,1.369863,0.005479,0.5,,,,,,1,,0,1,1,1,1
pos_d50eade6eae14f36,1,bronze,provisional_positive,needs_human_review,2026-09-22,weak-signals-63-v2,tech_ba7bad14c1c9,Robotics,Роботы,decentralized robot swarms,децентрализованные рои роботов,last-mile delivery,доставки последней мили,decentralized robot swarms for last-mile delivery,децентрализованные рои роботов для доставки последней мили,en,decentralized robot swarms last-mile delivery,Decentralized Local-priority Communication Protocol for Small Unmanned Aerial Vehicle Swarms,https://doi.org/10.18372/1990-5548.85.20430,https://api.crossref.org/works/10.18372/1990-5548.85.20430,https://doi.org/10.18372/1990-5548.85.20430,2025-09-29,day,unknown,State University &quot;Kyiv Aviation Institute&quot;,"The paper proposes a decentralized communication protocol for small swarms of unmanned aerial vehicles that provides prioritized access to the control channel with limited radio resources. The approach is based on local priority selection, agent slot mapping with seat rotation for long-term fairness, and probabilistic sparsity within. This combination manages the load in a mathematical expectation, reduces the probability of collisions, and ensures low latency delivery of priority control messages without a central dispatcher. The simulation results for a swarm of 12 unmanned aerial vehicles d",title_or_abstract_terms,,0.608333,1,relevant_works_in_top_200_crossref_results,curated_application+crossref_title_abstract_term_overlap+recent_science,Crossref publication supports search-term overlap only; weak-signal status and exact application require expert review.,unavailable,,,,,,,no_relevant_result,,,,,,,,,,,,,,,,found,Decentralized Declustering of Multiple Underactuated Autonomous Surface Vehicles: Managing Robot Swarms in the Field,https://www.nature.com/nature-index/article/10.1109/iros60139.2025.11246947,2025-10-24,www.nature.com,,,,,,technology_only_not_application,1,0,0,0,0,0.98,,,,,,,,,,0.693147,0.693147,0.693147,,0.0,0.0,,,,,,,,,,,,,,,,,1,,,,,,,,,,,0.0,0.016529,0.0,,,,,,0,,0,1,1,1,1
pos_b62cd976a1f61fe3,1,bronze,provisional_positive,needs_human_review,2026-09-22,weak-signals-63-v2,tech_4afb7ce056f3,Fintech,Финтех,purpose-bound programmable money,программируемые деньги с целевыми ограничениями,cross-border settlement,трансграничных расчётов,purpose-bound programmable money for cross-border settlement,программируемые деньги с целевыми ограничениями для трансграничных расчётов,en,purpose-bound programmable money cross-border settlement,"Money upgraded: Rethinking cash and liquidity management in the era of tokenised, programmable value",https://doi.org/10.69554/ypzc9540,https://api.crossref.org/works/10.69554/ypzc9540,https://doi.org/10.69554/ypzc9540,2026-03-01,day,unknown,Henry Stewart Publications,"It introduces a framework in which stablecoins support mobility, tokenised deposits provide secure storage, and tokenised money market funds offer intraday yield, together transforming liquidity from static end-of-day positions into a continuous, programmable flow, orchestrated around business events rather than discrete settlement cut-offs.",same_abstract_sentence,,0.783333,4,relevant_works_in_top_200_crossref_results,curated_application+crossref_title_abstract_term_overlap+recent_science,Crossref publication supports search-term overlap only; weak-signal status and exact application require expert review.,unavailable,,,,,,,no_relevant_result,,,,,,,,,,,,,,,,no_relevant_result,,,,,,,,,,,0,0,0,1,0,1.057,,,,,,,,,,1.609438,1.609438,1.609438,,0.0,0.5,,,,,,,,,,,,,,,,,1,,,,,,,,,,,0.0,0.003542,0.25,,,,,,1,,0,1,1,1,1
pos_b6baaf3acdd8fe9a,1,bronze,provisional_positive,needs_human_review,2026-09-22,weak-signals-63-v2,tech_86450e7de250,Clean energy,Энергетика и климат,thermochemical heat batteries,термохимические тепловые аккумуляторы,AI data centers,центров обработки данных ИИ,thermochemical heat batteries for AI data centers,термохимические тепловые аккумуляторы для центров обработки данных ИИ,en,thermochemical heat batteries AI data centers,System-Level Performance Assessment of a Thermochemical Salt-Hydrate Slurry Heat Transfer Fluid for Data Center Cooling,https://doi.org/10.2139/ssrn.7227849,https://api.crossref.org/works/10.2139/ssrn.7227849,https://doi.org/10.2139/ssrn.7227849,2026-01-01,year,unknown,Elsevier BV,"The rapid growth of artificial intelligence (AI) and high-performance computing (HPC) has significantly increased the cooling demand of modern data centers, making the development of energy-efficient thermal management technologies increasingly important. This study proposes a thermochemical paradigm for warm-water data-center cooling, in which thermochemical materials (TCMs) are dispersed into a heat-transfer fluid (HTF) to provide additional thermochemical heat absorption. The proposed concept is evaluated through a system-level analysis of its thermal, hydraulic, economic, and application p",title_or_abstract_terms,,0.783333,3,relevant_works_in_top_200_crossref_results,curated_application+crossref_title_abstract_term_overlap+recent_science,Crossref publication supports search-term overlap only; weak-signal status and exact application require expert review.,unavailable,,,,,,,no_relevant_result,,,,,,,,,,,,,,,,no_relevant_result,,,,,,,,,,,1,0,0,0,0,0.723,,,,,,,,,,1.386294,1.386294,1.386294,,0.0,1.0,,,,,,,,,,,,,,,,,1,,,,,,,,,,,0.0,0.003745,1.0,,,,,,1,,0,1,1,1,1
pos_2cc105d0be7073e4,1,bronze,provisional_positive,needs_human_review,2026-09-22,weak-signals-63-v2,tech_453d689ffa85,Edge AI,Edge,on-device model fine-tuning,дообучение моделей на устройстве,battery-powered IoT,IoT-устройств с батарейным питанием,on-device model fine-tuning for battery-powered IoT,дообучение моделей на устройстве для IoT-устройств с батарейным питанием,en,on-device model fine-tuning battery-powered IoT,LLM-Auth: Protocol-Aware Large Language Model Fine-Tuning for Scalable IoT Device Behavioral Authentication,https://doi.org/10.1109/asens69964.2026.11605297,https://api.crossref.org/works/10.1109/asens69964.2026.11605297,https://doi.org/10.1109/asens69964.2026.11605297,2026-03-01,month,unknown,IEEE,LLM-Auth: Protocol-Aware Large Language Model Fine-Tuning for Scalable IoT Device Behavioral Authentication,title_terms_only,,0.608333,3,relevant_works_in_top_200_crossref_results,curated_application+crossref_title_abstract_term_overlap+recent_science,Crossref publication supports search-term overlap only; weak-signal status and exact application require expert review.,unavailable,,,,,,,no_relevant_result,,,,,,,,,,,,,,,,found,Fine-Tuning AI Made Simple : Transform Your AI Into a Specialist,https://www.geeky-gadgets.com/how-to-fine-tune-ai-models/,2025-11-03,www.geeky-gadgets.com,,,,,,technology_only_not_application,0,0,0,1,0,1.785,,,,,,,,,,1.386294,1.386294,1.386294,,0.0,0.666667,,,,,,,,,,,,,,,,,1,,,,,,,,,,,0.0,0.022346,1.0,,,,,,1,,0,1,1,1,1
pos_66b678e4d41bc8f5,1,bronze,provisional_positive,needs_human_review,2026-09-22,weak-signals-63-v2,tech_a2bd4124bb6f,Biotechnology,Биотехнологии и медицина,magnetically guided medical microrobots,магнитоуправляемые медицинские микророботы,brain-computer interfaces,интерфейсов мозг–компьютер,magnetically guided medical microrobots for brain-computer interfaces,магнитоуправляемые медицинские микророботы для интерфейсов мозг–компьютер,en,magnetically guided medical microrobots brain-computer interfaces,Laser‐Guided Self‐Rolled Magnetic Microrobots for Targeted Biofilm Eradication in Severely Infected Medical Stents,https://doi.org/10.1002/smll.74469,https://api.crossref.org/works/10.1002/smll.74469,https://doi.org/10.1002/smll.74469,2026-07-14,day,unknown,Wiley,"ABSTRACT Pathogenic bacterial biofilms on biological interfaces and implanted medical devices are highly resistant to conventional antimicrobial therapies, leading to persistent infections and device failure.",same_abstract_sentence,,0.825,1,relevant_works_in_top_200_crossref_results,curated_application+crossref_title_abstract_term_overlap+recent_science,Crossref publication supports search-term overlap only; weak-signal status and exact application require expert review.,unavailable,,,,,,,no_relevant_result,,,,,,,,,,,,,,,,found,Liquid Metal Microrobots for Magnetically Guided Transvascular Navigation,https://www.nature.com/nature-index/article/10.1002/adma.202518382,2025-12-18,www.nature.com,,,,,,technology_only_not_application,1,0,0,0,0,0.192,,,,,,,,,,0.693147,0.693147,0.693147,,0.0,0.0,,,,,,,,,,,,,,,,,1,,,,,,,,,,,4.366812,0.0,1.0,,,,,,0,,0,1,1,1,1
pos_c6e84c7710eb9b83,1,bronze,provisional_positive,needs_human_review,2026-09-22,weak-signals-63-v2,tech_d24a7ee19fc3,AI security,Защита ИИ,machine unlearning,машинное разобучение,autonomous supply chains,автономных цепочек поставок,machine unlearning for autonomous supply chains,машинное разобучение для автономных цепочек поставок,en,machine unlearning autonomous supply chains,Machine unlearning in supply chains,https://doi.org/10.1016/j.ifacol.2025.09.495,https://api.crossref.org/works/10.1016/j.ifacol.2025.09.495,https://doi.org/10.1016/j.ifacol.2025.09.495,2025-01-01,year,unknown,Elsevier BV,Machine unlearning in supply chains,title_terms_only,,0.883333,1,relevant_works_in_top_200_crossref_results,curated_application+crossref_title_abstract_term_overlap+recent_science,Crossref publication supports search-term overlap only; weak-signal status and exact application require expert review.,unavailable,,,,,,,no_relevant_result,,,,,,,,,,,,,,,,found,Machine unlearning gets a practical privacy upgrade,https://www.helpnetsecurity.com/2025/07/17/machine-unlearning-privacy-upgrade/,2025-07-16,www.helpnetsecurity.com,https://news.utexas.edu/2024/03/21/machine-unlearning-helps-generative-ai-forget-copyright-protected-and-violent-content/,,,,,technology_only_not_application,1,0,0,0,0,1.722,,,,,,,,,,0.693147,0.693147,0.693147,,0.0,0.0,,,,,,,,,,,,,,,,,1,,,,,,,,,,,0.0,0.0,0.0,,,,,,0,,0,1,1,1,1
pos_13c1889ff7e36c62,1,bronze,provisional_positive,needs_human_review,2026-09-22,weak-signals-63-v2,tech_a6b70ed883c6,Industrial AI,Индустриальный ИИ,foundation models for industrial time series,фундаментальные модели промышленных временных рядов,food manufacturing,пищевого производства,foundation models for industrial time series for food manufacturing,фундаментальные модели промышленных временных рядов для пищевого производства,en,foundation models for industrial time series food manufacturing,BRIDGE: Big Data-Powered Large Language Models for Real-Time Multi-Modal Decision Support in Industrial Time Series,https://doi.org/10.21203/rs.3.rs-9352751/v1,https://api.crossref.org/works/10.21203/rs.3.rs-9352751/v1,https://doi.org/10.21203/rs.3.rs-9352751/v1,2026-04-21,day,unknown,Springer Science and Business Media LLC,"Pre-trained on a curated corpus of \((78)\) millionheterogeneous industrial time-series samples spanning manufacturing, energy,transportation, and cloud-infrastructure domains, BRIDGE is evaluatedon the GiftEval-ZS and Chronos-ZS zero-shot forecasting benchmarks and fourindustrial anomaly-detection benchmarks (SMAP, MSL, SMD, SWaT).BRIDGE achieves state-of-the-art zero-shot CRPS of \((\mathbf{0.396})\)on GiftEval-ZS, surpassing TiRex by \((3.7%)\) and TimesFM 2.0 by \((13.7%)\),while simultaneously attaining an \((F_1)\) score of \((\mathbf{92.4%})\) on SMAPanomaly detection and producing inte",same_abstract_sentence,,0.825,1,relevant_works_in_top_200_crossref_results,curated_application+crossref_title_abstract_term_overlap+recent_science,Crossref publication supports search-term overlap only; weak-signal status and exact application require expert review.,unavailable,,,,,,,no_relevant_result,,,,,,,,,,,,,,,,no_relevant_result,,,,,,,,,,,1,0,0,0,0,0.422,,,,,,,,,,0.693147,0.693147,0.693147,,0.0,1.0,,,,,,,,,,,,,,,,,1,,,,,,,,,,,0.0,0.01107,1.0,,,,,,0,,0,1,1,1,1
pos_ad411ca8204c9291,1,bronze,provisional_positive,needs_human_review,2026-09-22,weak-signals-63-v2,tech_04c7297ffefe,AI infrastructure,Инфраструктура ИИ,analog in-memory computing,аналоговые вычисления в памяти,privacy-preserving inference,конфиденциального инференса,analog in-memory computing for privacy-preserving inference,аналоговые вычисления в памяти для конфиденциального инференса,en,analog in-memory computing privacy-preserving inference,Efficient transformer adaptation for analog in-memory computing via low-rank adapters,https://doi.org/10.1088/2634-4386/ae405e,https://api.crossref.org/works/10.1088/2634-4386/ae405e,https://doi.org/10.1088/2634-4386/ae405e,2026-02-17,day,unknown,IOP Publishing,"Abstract Analog in-memory computing (AIMC) offers a promising solution to the von Neumann bottleneck. However, deploying transformer models on AIMC remains challenging due to their inherent need for flexibility and adaptability across diverse tasks. For the benefits of AIMC to be fully realized, weights of static vector-matrix multiplications must be mapped and programmed to analog devices in a weight-stationary manner. This poses two challenges for adapting a base network to hardware and downstream tasks: (i) conventional analog hardware-aware (AHWA) training requires retraining the entire mo",title_or_abstract_terms,,0.825,12,relevant_works_in_top_200_crossref_results,curated_application+crossref_title_abstract_term_overlap+recent_science,Crossref publication supports search-term overlap only; weak-signal status and exact application require expert review.,unavailable,,,,,,,no_relevant_result,,,,,,,,,,,,,,,,found,A method to create fault-tolerant analog in-memory computing systems,https://www.msn.com/en-us/news/technology/a-method-to-create-fault-tolerant-analog-in-memory-computing-systems/ar-AA27NF3m,2026-07-13,www.msn.com,https://news.ucsc.edu/2026/09/cybersecurity-compute-in-memory/,,,,,technology_only_not_application,0,0,0,1,0,4.679,,,,,,,,,,2.302585,1.098612,1.098612,,0.0,0.375,,,,,,,,,,,,,,,,,1,,,,,,,,,,,0.470146,0.03385,1.0,,,,,,1,,0,1,1,1,1
pos_9774be76cf3bcb1c,1,bronze,provisional_positive,needs_human_review,2026-09-22,weak-signals-63-v2,tech_dca0e2cee355,Quantum technology,Квантовые технологии,integrated photonic quantum processors,интегральные фотонные квантовые процессоры,secure telecommunications,защищённой телекоммуникации,integrated photonic quantum processors for secure telecommunications,интегральные фотонные квантовые процессоры для защищённой телекоммуникации,en,integrated photonic quantum processors secure telecommunications,Secure quantum communications in femtosecond-laser-written integrated photonic devices,https://doi.org/10.1117/12.3038050,https://api.crossref.org/works/10.1117/12.3038050,https://doi.org/10.1117/12.3038050,2024-11-16,day,unknown,SPIE,Secure quantum communications in femtosecond-laser-written integrated photonic devices,title_terms_only,,0.6625,1,relevant_works_in_top_200_crossref_results,curated_application+crossref_title_abstract_term_overlap+recent_science,Crossref publication supports search-term overlap only; weak-signal status and exact application require expert review.,unavailable,,,,,,,no_relevant_result,,,,,,,,,,,,,,,,found,Neutral-atom quantum processors get chip-scale photonic link: Osaka hits 10 channels,https://www.msn.com/en-us/technology/quantum-computing/neutral-atom-quantum-processors-get-chip-scale-photonic-link-osaka-hits-10-channels/ar-AA2blWPz,2026-09-01,www.msn.com,,,,,,technology_only_not_application,1,0,0,0,0,1.848,,,,,,,,,,0.693147,0.693147,0.693147,,0.0,0.0,,,,,,,,,,,,,,,,,1,,,,,,,,,,,0.0,0.25,0.0,,,,,,0,,0,1,1,1,1
pos_18497312a1dda025,1,bronze,provisional_positive,needs_human_review,2026-09-22,weak-signals-63-v2,tech_b0b7d837ef80,Space and ocean,Космос и океан,space-based solar power,космическая солнечная энергетика,climate monitoring,мониторинга климата,space-based solar power for climate monitoring,космическая солнечная энергетика для мониторинга климата,en,space-based solar power climate monitoring,Space-based Reflectors for Night-time Illumination and Enhancing Solar Power Generation over India,https://doi.org/10.21203/rs.3.rs-5588435/v1,https://api.crossref.org/works/10.21203/rs.3.rs-5588435/v1,https://doi.org/10.21203/rs.3.rs-5588435/v1,2024-12-09,day,unknown,Springer Science and Business Media LLC,"Abstract Climate change agreements to contain global warming caused by greenhouse gas (GHG) emissions from fossil fuel-based sources necessitate a shift to renewables for energy generation. India's growing population drives her energy consumption and is predicted to peak by 2060. However, India’s per capita consumption of primary energy (7,129 kWh/yr in 2022) and electricity (1,311 kWh/yr) is much lower than for developed countries. Parity in per capita consumption by 2060 implies an increase in primary energy consumption by 56,277 TWh and the installed capacity for power generation by 2,482 G",title_or_abstract_terms,,0.825,7,relevant_works_in_top_200_crossref_results,curated_application+crossref_title_abstract_term_overlap+recent_science,Crossref publication supports search-term overlap only; weak-signal status and exact application require expert review.,unavailable,,,,,,,no_relevant_result,,,,,,,,,,,,,,,,found,Is the AI boom getting us any closer to space-based solar?,https://www.latitudemedia.com/news/is-the-ai-boom-getting-us-any-closer-to-space-based-solar/,2026-09-22,www.latitudemedia.com,,,,,,technology_only_not_application,0,0,0,1,0,4.057,,,,,,,,,,1.386294,-0.510826,-1.427116,,0.090909,0.5,,,,,,,,,,,,,,,,,1,,,,,,,,,,,1.187648,0.0,0.571429,,,,,,0,,0,1,1,1,1
pos_92c59bb1ac9a0e1d,1,bronze,provisional_positive,needs_human_review,2026-09-22,weak-signals-63-v2,tech_550bb0b51fd9,Advanced materials,Передовые материалы,solid-state battery electrolytes,твердотельные электролиты для аккумуляторов,aerospace structures,аэрокосмических конструкций,solid-state battery electrolytes for aerospace structures,твердотельные электролиты для аккумуляторов для аэрокосмических конструкций,en,solid-state battery electrolytes aerospace structures,Superionic Sodium Thiophosphates: A Record High Conductivity as Solid-State Battery Electrolytes,https://doi.org/10.26434/chemrxiv.15006662/v1,https://api.crossref.org/works/10.26434/chemrxiv.15006662/v1,https://doi.org/10.26434/chemrxiv.15006662/v1,2026-07-28,day,unknown,American Chemical Society (ACS),"Due to limited availability of lithium, sodium-based batteries have emerged as a strong alternative for energy storage applications, due to the abundance, cost-effectiveness, and favorable electrochemical properties of sodium and the similarity between Li and Na chemistries. Sodiumbased all-solid-state batteries (Na-ASSBs) offer a promising pathway due to higher safety and electrochemical performance particularly when coupled with Na-metal anodes. Based on the promising properties of lithium thiophosphate (Li-P-S) battery materials, in this study, we explore their Na-ion equivalents (Na-P-S) a",title_or_abstract_terms,,0.825,6,relevant_works_in_top_200_crossref_results,curated_application+crossref_title_abstract_term_overlap+recent_science,Crossref publication supports search-term overlap only; weak-signal status and exact application require expert review.,unavailable,,,,,,,no_relevant_result,,,,,,,,,,,,,,,,found,KBSI reveals rotating anions boost solid-state battery performance and safety,https://www.dongascience.com/en/news/80004,2026-09-21,www.dongascience.com,,,,,,technology_only_not_application,1,0,0,0,0,5.32,,,,,,,,,,1.386294,0.0,0.0,,0.0,0.5,,,,,,,,,,,,,,,,,1,,,,,,,,,,,0.0,0.021463,0.166667,,,,,,0,,0,1,1,1,1
pos_d550849a7c8afee5,1,bronze,provisional_positive,needs_human_review,2026-09-22,weak-signals-63-v2,tech_f9192b14a45b,Food and agriculture,Пищевые и агротехнологии,vision-guided robotic weeding,роботизированная прополка с машинным зрением,soil health monitoring,мониторинга здоровья почв,vision-guided robotic weeding for soil health monitoring,роботизированная прополка с машинным зрением для мониторинга здоровья почв,en,vision-guided robotic weeding soil health monitoring,Impact of autonomous robotic weeding on soil physical properties across a soil texture gradient,https://doi.org/10.5194/egusphere-egu26-10929,https://api.crossref.org/works/10.5194/egusphere-egu26-10929,https://doi.org/10.5194/egusphere-egu26-10929,2026-03-14,day,unknown,Copernicus GmbH,"The weeding depth is approximately 4 cm.The assessed parameters include bulk density and penetration resistance across three contrasting sites in Germany, sampled at two time points in 2025: before tillage in spring and after several weeding interventions in summer.The sites span approximately 545 – 830 mm of annual precipitation and differ strongly in soil texture, ranging from sand in eastern Germany to loess-derived silt in central Germany to clay-rich soils in southeast Germany.",same_abstract_sentence,,0.666667,2,relevant_works_in_top_200_crossref_results,curated_application+crossref_title_abstract_term_overlap+recent_science,Crossref publication supports search-term overlap only; weak-signal status and exact application require expert review.,unavailable,,,,,,,no_relevant_result,,,,,,,,,,,,,,,,no_relevant_result,,,,,,,,,,,0,0,0,1,0,8.282,,,,,,,,,,0.693147,0.693147,0.693147,,0.0,1.0,,,,,,,,,,,,,,,,,1,,,,,,,,,,,0.0,0.008065,0.5,,,,,,0,,0,1,1,1,1
pos_3dcd1e6aad04ec03,1,bronze,provisional_positive,needs_human_review,2026-09-22,weak-signals-63-v2,tech_ba7bad14c1c9,Robotics,Роботы,decentralized robot swarms,децентрализованные рои роботов,construction automation,автоматизации строительства,decentralized robot swarms for construction automation,децентрализованные рои роботов для автоматизации строительства,en,decentralized robot swarms construction automation,Cognitive RPA Swarms: Leveraging ML Driven Collective Intelligence for Decentralized Process Automation,https://doi.org/10.14738/tmlai.1301.18830,https://api.crossref.org/works/10.14738/tmlai.1301.18830,https://doi.org/10.14738/tmlai.1301.18830,2025-02-25,day,unknown,Scholar Publishing,"Cognitive Robotic Process Automation (RPA) swarms represent a transformative leap in automation, merging machine learning (ML) with swarm intelligence to enable decentralized, self-organizing systems.",same_abstract_sentence,,0.608333,6,relevant_works_in_top_200_crossref_results,curated_application+crossref_title_abstract_term_overlap+recent_science,Crossref publication supports search-term overlap only; weak-signal status and exact application require expert review.,unavailable,,,,,,,no_relevant_result,,,,,,,,,,,,,,,,found,Decentralized Declustering of Multiple Underactuated Autonomous Surface Vehicles: Managing Robot Swarms in the Field,https://www.nature.com/nature-index/article/10.1109/iros60139.2025.11246947,2025-10-24,www.nature.com,,,,,,technology_only_not_application,1,0,0,0,0,6.713,,,,,,,,,,1.098612,0.0,0.693147,,0.0,0.0,,,,,,,,,,,,,,,,,1,,,,,,,,,,,1.926782,0.021195,0.5,,,,,,0,,0,1,1,1,1
pos_36e92dfe37f516b6,1,bronze,provisional_positive,needs_human_review,2026-09-22,weak-signals-63-v2,tech_4afb7ce056f3,Fintech,Финтех,purpose-bound programmable money,программируемые деньги с целевыми ограничениями,central bank digital currency,цифровых валют центральных банков,purpose-bound programmable money for central bank digital currency,программируемые деньги с целевыми ограничениями для цифровых валют центральных банков,en,purpose-bound programmable money central bank digital currency,Digital Gold and Programmable Money: Which Cryptocurrencies Suit Which Investor,https://doi.org/10.2139/ssrn.7378278,https://api.crossref.org/works/10.2139/ssrn.7378278,https://doi.org/10.2139/ssrn.7378278,2026-01-01,year,unknown,Elsevier BV,"This paper introduces the major cryptocurrencies-from Bitcoin and Ether through XRP, Solana, BNB, TRON and Cardano to the stablecoins Tether and USD Coin-naming their creators, their supply rules and their economic uses beyond speculation: cross-border remittances at a fraction of traditional cost, contracts that execute themselves on the blockchain, and the tokenisation of money market funds and bank deposits.",same_abstract_sentence,,0.783333,7,relevant_works_in_top_200_crossref_results,curated_application+crossref_title_abstract_term_overlap+recent_science,Crossref publication supports search-term overlap only; weak-signal status and exact application require expert review.,unavailable,,,,,,,no_relevant_result,,,,,,,,,,,,,,,,no_relevant_result,,,,,,,,,,,0,0,0,1,0,3.71,,,,,,,,,,1.94591,0.693147,-0.405465,,0.0,0.6,,,,,,,,,,,,,,,,,1,,,,,,,,,,,0.0,0.000632,0.285714,,,,,,1,,0,1,1,1,1
pos_6aabb53d04560693,1,bronze,provisional_positive,needs_human_review,2026-09-22,weak-signals-63-v2,tech_86450e7de250,Clean energy,Энергетика и климат,thermochemical heat batteries,термохимические тепловые аккумуляторы,industrial waste heat recovery,утилизации промышленного сбросного тепла,thermochemical heat batteries for industrial waste heat recovery,термохимические тепловые аккумуляторы для утилизации промышленного сбросного тепла,en,thermochemical heat batteries industrial waste heat recovery,Porous bulk composites enabling trimodal sensible-latent-thermochemical heat storage at high temperatures,https://doi.org/10.2139/ssrn.6631925,https://api.crossref.org/works/10.2139/ssrn.6631925,https://doi.org/10.2139/ssrn.6631925,2026-01-01,year,unknown,Elsevier BV,"It provides a new material scheme and technical path for the high efficiency of high-temperature TES systems, and has broad application prospects in fields such as solar thermal utilization and industrial waste heat recovery.",same_abstract_sentence,,0.783333,23,relevant_works_in_top_200_crossref_results,curated_application+crossref_title_abstract_term_overlap+recent_science,Crossref publication supports search-term overlap only; weak-signal status and exact application require expert review.,unavailable,,,,,,,no_relevant_result,,,,,,,,,,,,,,,,no_relevant_result,,,,,,,,,,,0,1,0,0,0,6.393,,,,,,,,,,2.70805,0.619039,0.059423,,0.0,0.333333,,,,,,,,,,,,,,,,,1,,,,,,,,,,,0.0,0.006033,0.826087,,,,,,1,,0,1,1,1,1
pos_f03a326526562f5b,1,bronze,provisional_positive,needs_human_review,2026-09-22,weak-signals-63-v2,tech_453d689ffa85,Edge AI,Edge,on-device model fine-tuning,дообучение моделей на устройстве,autonomous vehicles,автономного транспорта,on-device model fine-tuning for autonomous vehicles,дообучение моделей на устройстве для автономного транспорта,en,on-device model fine-tuning autonomous vehicles,AI-Powered IoT Assistant for Electric Vehicles: Fine-Tuning a Small Language Model for Intent Recognition and Response Generation,https://doi.org/10.2139/ssrn.6157626,https://api.crossref.org/works/10.2139/ssrn.6157626,https://doi.org/10.2139/ssrn.6157626,2026-01-01,year,unknown,Elsevier BV,These results validate the effectiveness of lightweight domain-specific fine-tuning and highlight the potential for deploying efficient AI-driven assistants in smart vehicles.,same_abstract_sentence,,0.608333,1,relevant_works_in_top_200_crossref_results,curated_application+crossref_title_abstract_term_overlap+recent_science,Crossref publication supports search-term overlap only; weak-signal status and exact application require expert review.,unavailable,,,,,,,no_relevant_result,,,,,,,,,,,,,,,,found,Fine-Tuning AI Made Simple : Transform Your AI Into a Specialist,https://www.geeky-gadgets.com/how-to-fine-tune-ai-models/,2025-11-03,www.geeky-gadgets.com,,,,,,technology_only_not_application,0,0,0,1,0,0.723,,,,,,,,,,0.693147,0.693147,0.693147,,0.0,1.0,,,,,,,,,,,,,,,,,1,,,,,,,,,,,0.0,0.016807,1.0,,,,,,0,,0,1,1,1,1
pos_6f143cd498e3e248,1,bronze,provisional_positive,needs_human_review,2026-09-22,weak-signals-63-v2,tech_6fea4324339f,Biotechnology,Биотехнологии и медицина,organoid intelligence,органоидный интеллект,antimicrobial therapy,антимикробной терапии,organoid intelligence for antimicrobial therapy,органоидный интеллект для антимикробной терапии,en,organoid intelligence antimicrobial therapy,"Artificial Intelligence–Enabled Organoid Platforms for Precision Medicine: Integrating Multi-Omics, Digital Twins, and Microphysiological Systems",https://doi.org/10.3390/organoids5030020,https://api.crossref.org/works/10.3390/organoids5030020,https://doi.org/10.3390/organoids5030020,2026-07-02,day,unknown,MDPI AG,"The convergence of artificial intelligence (AI) and organoid technology represents a transformative advance toward precision and predictive medicine. Organoids derived from pluripotent stem cells or patient tissues provide physiologically relevant three-dimensional models that recapitulate key aspects of native organ architecture and function. However, intrinsic biological heterogeneity, high-content imaging outputs, and dynamic spatiotemporal processes pose significant analytical challenges that exceed the capacity of conventional approaches. Recent advances in AI and machine learning enable ",title_or_abstract_terms,,0.825,2,relevant_works_in_top_200_crossref_results,curated_application+crossref_title_abstract_term_overlap+recent_science,Crossref publication supports search-term overlap only; weak-signal status and exact application require expert review.,unavailable,,,,,,,no_relevant_result,,,,,,,,,,,,,,,,found,Organoid Intelligence Market - Global Forecast to 2036; Biological Computing and Brain Organoids Drive Growth,https://finance.yahoo.com/technology/ai/articles/organoid-intelligence-market-global-forecast-110200493.html,2026-09-10,finance.yahoo.com,,,,,,technology_only_not_application,1,0,0,0,0,4.26,,,,,,,,,,0.693147,0.693147,1.386294,,0.0,0.0,,,,,,,,,,,,,,,,,1,,,,,,,,,,,2.079002,0.008316,0.0,,,,,,0,,0,1,1,1,1
pos_c2f5b8bfc15982eb,1,bronze,provisional_positive,needs_human_review,2026-09-22,weak-signals-63-v2,tech_b54c259cf36d,AI security,Защита ИИ,AI agent identity and delegated authorization,идентичность ИИ-агентов и делегированная авторизация,multi-agent enterprise workflows,многоагентных корпоративных процессов,AI agent identity and delegated authorization for multi-agent enterprise workflows,идентичность ИИ-агентов и делегированная авторизация для многоагентных корпоративных процессов,en,AI agent identity and delegated authorization multi-agent enterprise workflows,"Identity-aware Governance for Autonomous AI Agents: A Framework for Enterprise Authorization, Delegation, and Audit",https://doi.org/10.2139/ssrn.6439998,https://api.crossref.org/works/10.2139/ssrn.6439998,https://doi.org/10.2139/ssrn.6439998,2026-01-01,year,unknown,Elsevier BV,"Our central contribution is a layered identity model with cryptographic delegation tokens that propagates human authorization through multi-agent chains, enabling per-call policy evaluation at the infrastructure layer.",same_abstract_sentence,,0.87,5,relevant_works_in_top_200_crossref_results,curated_application+crossref_title_abstract_term_overlap+recent_science,Crossref publication supports search-term overlap only; weak-signal status and exact application require expert review.,unavailable,,,,,,,no_relevant_result,,,,,,,,,,,,,,,,found,How Do AI Agents Make Payments? From Authorization to Settlement,https://tradebrains.in/brand/how-do-ai-agents-make-payments-from-authorization-to-settlement-12566534,2026-09-21,tradebrains.in,,,,,,technology_only_not_application,0,0,0,1,0,1.177,,,,,,,,,,1.791759,1.791759,1.791759,,0.0,0.8,,,,,,,,,,,,,,,,,1,,,,,,,,,,,0.0,0.003852,0.0,,,,,,1,,0,1,1,1,1
pos_d6b323f01b4a0516,1,bronze,provisional_positive,needs_human_review,2026-09-22,weak-signals-63-v2,tech_a6b70ed883c6,Industrial AI,Индустриальный ИИ,foundation models for industrial time series,фундаментальные модели промышленных временных рядов,pharmaceutical manufacturing,фармацевтического производства,foundation models for industrial time series for pharmaceutical manufacturing,фундаментальные модели промышленных временных рядов для фармацевтического производства,en,foundation models for industrial time series pharmaceutical manufacturing,BRIDGE: Big Data-Powered Large Language Models for Real-Time Multi-Modal Decision Support in Industrial Time Series,https://doi.org/10.21203/rs.3.rs-9352751/v1,https://api.crossref.org/works/10.21203/rs.3.rs-9352751/v1,https://doi.org/10.21203/rs.3.rs-9352751/v1,2026-04-21,day,unknown,Springer Science and Business Media LLC,"Pre-trained on a curated corpus of \((78)\) millionheterogeneous industrial time-series samples spanning manufacturing, energy,transportation, and cloud-infrastructure domains, BRIDGE is evaluatedon the GiftEval-ZS and Chronos-ZS zero-shot forecasting benchmarks and fourindustrial anomaly-detection benchmarks (SMAP, MSL, SMD, SWaT).BRIDGE achieves state-of-the-art zero-shot CRPS of \((\mathbf{0.396})\)on GiftEval-ZS, surpassing TiRex by \((3.7%)\) and TimesFM 2.0 by \((13.7%)\),while simultaneously attaining an \((F_1)\) score of \((\mathbf{92.4%})\) on SMAPanomaly detection and producing inte",same_abstract_sentence,,0.825,1,relevant_works_in_top_200_crossref_results,curated_application+crossref_title_abstract_term_overlap+recent_science,Crossref publication supports search-term overlap only; weak-signal status and exact application require expert review.,unavailable,,,,,,,no_relevant_result,,,,,,,,,,,,,,,,no_relevant_result,,,,,,,,,,,1,0,0,0,0,0.422,,,,,,,,,,0.693147,0.693147,0.693147,,0.0,1.0,,,,,,,,,,,,,,,,,1,,,,,,,,,,,0.0,0.01107,1.0,,,,,,0,,0,1,1,1,1
pos_650d21e55649cebe,1,bronze,provisional_positive,needs_human_review,2026-09-22,weak-signals-63-v2,tech_9a5298f62ba5,AI infrastructure,Инфраструктура ИИ,optical circuit switching,оптическая коммутация каналов,long-context language model inference,инференса языковых моделей с длинным контекстом,optical circuit switching for long-context language model inference,оптическая коммутация каналов для инференса языковых моделей с длинным контекстом,en,optical circuit switching long-context language model inference,Training-Phase-Aware Optical Circuit Switching Reconfiguration for Large Language Model,https://doi.org/10.1364/ofc.2026.m3f.5,https://api.crossref.org/works/10.1364/ofc.2026.m3f.5,https://doi.org/10.1364/ofc.2026.m3f.5,2026-01-01,year,unknown,Optica Publishing Group,"We propose a phase-aware optical network that employs OCSs to dynamically reconfigure into phase-optimal topologies, while leveraging Rabenseifner’s/Bruck mappings and slot amortisation, achieving 37.5% faster communication over static optical networks under established LLM training configurations.",title_or_abstract_terms,,0.825,1,relevant_works_in_top_200_crossref_results,curated_application+crossref_title_abstract_term_overlap+recent_science,Crossref publication supports search-term overlap only; weak-signal status and exact application require expert review.,unavailable,,,,,,,no_relevant_result,,,,,,,,,,,,,,,,found,UTStarcom Holdings Corp. Unveils Optical Circuit Switching Solution for AI Data Centers At Cioe 2026,https://www.marketscreener.com/news/utstarcom-holdings-corp-unveils-optical-circuit-switching-solution-for-ai-data-centers-at-cioe-2026-ce785ad8db88ff22,2026-09-21,www.marketscreener.com,,,,,,technology_only_not_application,1,0,0,0,0,0.723,,,,,,,,,,0.693147,0.693147,0.693147,,0.0,0.0,,,,,,,,,,,,,,,,,1,,,,,,,,,,,0.0,0.046512,0.0,,,,,,0,,0,1,1,1,1
pos_13591ad73c8cc66b,1,bronze,provisional_positive,needs_human_review,2026-09-22,weak-signals-63-v2,tech_82d037ad270c,Quantum technology,Квантовые технологии,quantum-inspired tensor optimization,квантово-инспирированная тензорная оптимизация,secure telecommunications,защищённой телекоммуникации,quantum-inspired tensor optimization for secure telecommunications,квантово-инспирированная тензорная оптимизация для защищённой телекоммуникации,en,quantum-inspired tensor optimization secure telecommunications,Hybrid quantum-inspired secure and energy-efficient framework for wireless sensor networks using quantum key distribution and optimization techniques,https://doi.org/10.1038/s41598-026-68327-7,https://api.crossref.org/works/10.1038/s41598-026-68327-7,https://doi.org/10.1038/s41598-026-68327-7,2026-09-16,day,unknown,Springer Science and Business Media LLC,"To address this limitation, this work proposes a hybrid framework named BB84-CFG-OOA, which integrates BB84-inspired Quantum Key Distribution (QKD) for secure session key establishment, Coalition Formation Game (CFG) for stable and energy-aware clustering, and the Orangutan Optimization Algorithm (OOA) for optimal routing path selection.",same_abstract_sentence,,0.608333,3,relevant_works_in_top_200_crossref_results,curated_application+crossref_title_abstract_term_overlap+recent_science,Crossref publication supports search-term overlap only; weak-signal status and exact application require expert review.,unavailable,,,,,,,no_relevant_result,,,,,,,,,,,,,,,,found,Quantum-Inspired Optimization Algorithms for Combinatorial Problems,https://www.nature.com/nature-index/topics/l4/quantum-inspired-optimization-algorithms-for-combinatorial-problems,2025-05-31,www.nature.com,,,,,,technology_only_not_application,1,0,0,0,0,1.722,,,,,,,,,,1.386294,1.386294,1.386294,,0.0,0.333333,,,,,,,,,,,,,,,,,1,,,,,,,,,,,0.0,0.023495,1.0,,,,,,1,,0,1,1,1,1
pos_6f918726422b9d2e,1,bronze,provisional_positive,needs_human_review,2026-09-22,weak-signals-63-v2,tech_a3e80da2a70e,Space and ocean,Космос и океан,autonomous underwater sensor networks,автономные подводные сенсорные сети,offshore energy inspection,инспекции морской энергетической инфраструктуры,autonomous underwater sensor networks for offshore energy inspection,автономные подводные сенсорные сети для инспекции морской энергетической инфраструктуры,en,autonomous underwater sensor networks offshore energy inspection,Machine Learning-Based Prediction System for Optimizing Underwater Wireless Sensor Networks,https://doi.org/10.17485/ijst/v19i13.127,https://api.crossref.org/works/10.17485/ijst/v19i13.127,https://doi.org/10.17485/ijst/v19i13.127,2026-04-17,day,unknown,Indian Society for Education and Environment,"This study aims at designing a machine learning-based prediction system to enhance the performance, reliability and energy efficiency of UWSNs by predicting the network behaviour and sensor node states given different underwater environmental and communication conditions.",same_abstract_sentence,,0.720833,3,relevant_works_in_top_200_crossref_results,curated_application+crossref_title_abstract_term_overlap+recent_science,Crossref publication supports search-term overlap only; weak-signal status and exact application require expert review.,unavailable,,,,,,,no_relevant_result,,,,,,,,,,,,,,,,found,"Nauticus Robotics, Inc. and Strangeworks Collaborate on AI-Optimized Deployment of Undersea Fiber-Optic Sensing Networks",https://www.morningstar.com/news/pr-newswire/20260804da18576/nauticus-robotics-inc-and-strangeworks-collaborate-on-ai-optimized-deployment-of-undersea-fiber-optic-sensing-networks,2026-08-04,www.morningstar.com,,,,,,technology_only_not_application,0,0,0,1,0,7.288,,,,,,,,,,1.098612,1.098612,1.098612,,0.0,0.0,,,,,,,,,,,,,,,,,1,,,,,,,,,,,1.071811,0.02358,1.0,,,,,,1,,0,1,1,1,1
pos_53020f689a60e8e0,1,bronze,provisional_positive,needs_human_review,2026-09-22,weak-signals-63-v2,tech_a003fd430bcf,Advanced materials,Передовые материалы,self-healing electronic skin,самовосстанавливающаяся электронная кожа,hydrogen storage,хранения водорода,self-healing electronic skin for hydrogen storage,самовосстанавливающаяся электронная кожа для хранения водорода,en,self-healing electronic skin hydrogen storage,Self-Healing Pd NPs@MXene/PVA Hydrogel Strain Sensor: High Sensitivity and Wide Range for Electronic Skin,https://doi.org/10.2139/ssrn.6631501,https://api.crossref.org/works/10.2139/ssrn.6631501,https://doi.org/10.2139/ssrn.6631501,2026-01-01,year,unknown,Elsevier BV,"Notably, it achieves 98.4% self-healing efficiency within 25 s, retaining 75% tensile strength and 89% strain capability post-healing, attributed to reversible hydrogen bonds among PVA, MXene, and Pd NPs.",same_abstract_sentence,,0.825,9,relevant_works_in_top_200_crossref_results,curated_application+crossref_title_abstract_term_overlap+recent_science,Crossref publication supports search-term overlap only; weak-signal status and exact application require expert review.,unavailable,,,,,,,no_relevant_result,,,,,,,,,,,,,,,,found,New electronic skin brings self-healing sensors to underwater robots and divers,https://www.msn.com/en-us/news/technology/new-electronic-skin-brings-self-healing-sensors-to-underwater-robots-and-divers/ar-AA28jqaC,2026-07-20,www.msn.com,,,,,,technology_only_not_application,1,0,0,0,0,8.616,,,,,,,,,,1.386294,0.693147,1.609438,,0.666667,0.333333,,,,,,,,,,,,,,,,,1,,,,,,,,,,,0.0,0.005739,0.666667,,,,,,1,,0,1,1,1,1
pos_12599d8432f5482b,1,bronze,provisional_positive,needs_human_review,2026-09-22,weak-signals-63-v2,tech_cda08c149293,Food and agriculture,Пищевые и агротехнологии,engineered microbial biostimulants,инженерные микробные биостимуляторы,alternative dairy production,альтернативного производства молочных продуктов,engineered microbial biostimulants for alternative dairy production,инженерные микробные биостимуляторы для альтернативного производства молочных продуктов,en,engineered microbial biostimulants alternative dairy production,Cultivation in a Natural Microbial Community Enhances the Industrial Performance of a Genetically Engineered Cyanobacterium for Bioplastic Production,https://doi.org/10.1111/1751-7915.70302,https://api.crossref.org/works/10.1111/1751-7915.70302,https://doi.org/10.1111/1751-7915.70302,2026-01-01,month,unknown,Wiley,"To address these challenges, we replaced the native cyanobacterium of a natural microbial consortium with a genetically engineered Synechocystis strain optimised for PHB production, establishing what we define a hybrid photosynthetic microbiome.",same_abstract_sentence,,0.666667,2,relevant_works_in_top_200_crossref_results,curated_application+crossref_title_abstract_term_overlap+recent_science,Crossref publication supports search-term overlap only; weak-signal status and exact application require expert review.,unavailable,,,,,,,no_relevant_result,,,,,,,,,,,,,,,,found,"[Latest] Global Microbial Biostimulants Market Size/Share Worth USD 13.88 Billion by 2034 at a 10.5% CAGR: Custom Market Insights (Analysis, Outlook, Leaders, Report, Trends ...",https://uk.finance.yahoo.com/news/latest-global-microbial-biostimulants-market-073000815.html,2026-08-12,uk.finance.yahoo.com,,,,,,technology_only_not_application,1,0,0,0,0,2.776,,,,,,,,,,1.098612,0.0,-0.693147,,0.25,0.0,,,,,,,,,,,,,,,,,1,,,,,,,,,,,0.0,0.0,0.0,,,,,,0,,0,1,1,1,1
pos_5053dbfe11b4c95e,1,bronze,provisional_positive,needs_human_review,2026-09-22,weak-signals-63-v2,tech_ba7bad14c1c9,Robotics,Роботы,decentralized robot swarms,децентрализованные рои роботов,physical rehabilitation,физической реабилитации,decentralized robot swarms for physical rehabilitation,децентрализованные рои роботов для физической реабилитации,en,decentralized robot swarms physical rehabilitation,Heterogeneous foraging swarms can be better,https://doi.org/10.3389/frobt.2024.1426282,https://api.crossref.org/works/10.3389/frobt.2024.1426282,https://doi.org/10.3389/frobt.2024.1426282,2025-01-20,day,unknown,Frontiers Media SA,"Introduction Inspired by natural phenomena, generations of researchers have been investigating how a swarm of robots can act coherently and purposefully, when individual robots can only sense and communicate with nearby peers, with no means of global communications and coordination. In this paper, we will show that swarms can perform better, when they self-adapt to admit heterogeneous behavior roles. Methods We model a foraging swarm task as an extensive-form fully-cooperative game, in which the swarm reward is an additive function of individual contributions (the sum of collected items). To m",title_or_abstract_terms,,0.608333,6,relevant_works_in_top_200_crossref_results,curated_application+crossref_title_abstract_term_overlap+recent_science,Crossref publication supports search-term overlap only; weak-signal status and exact application require expert review.,unavailable,,,,,,,no_relevant_result,,,,,,,,,,,,,,,,found,Decentralized Declustering of Multiple Underactuated Autonomous Surface Vehicles: Managing Robot Swarms in the Field,https://www.nature.com/nature-index/article/10.1109/iros60139.2025.11246947,2025-10-24,www.nature.com,,,,,,technology_only_not_application,0,0,0,1,0,5.314,,,,,,,,,,1.098612,-0.693147,-0.980829,,0.35,0.0,,,,,,,,,,,,,,,,,1,,,,,,,,,,,0.0,0.018927,0.0,,,,,,0,,0,1,1,1,1
pos_d619fa085c7454b7,1,bronze,provisional_positive,needs_human_review,2026-09-22,weak-signals-63-v2,tech_fe13f42274f2,Fintech,Финтех,AI agent payment authorization protocols,протоколы авторизации платежей ИИ-агентов,digital asset custody,хранения цифровых активов,AI agent payment authorization protocols for digital asset custody,протоколы авторизации платежей ИИ-агентов для хранения цифровых активов,en,AI agent payment authorization protocols digital asset custody,"BLOCKCHAIN IN THE AGENT ECONOMY: IDENTITY, AUTHORIZATION, AND MACHINE-TO-MACHINE SETTLEMENT",https://doi.org/10.61432/cpne0401287b,https://api.crossref.org/works/10.61432/cpne0401287b,https://doi.org/10.61432/cpne0401287b,2026-09-10,day,unknown,"Oikos Institute – Research Center, Bijeljina, Bosnia and Herzegovina","The most plausible institutional outcome is therefore the coexistence of conventional payment systems, managed blockchain services, native on chain settlement, and central bank digital currencies.",same_abstract_sentence,,0.753333,1,relevant_works_in_top_200_crossref_results,curated_application+crossref_title_abstract_term_overlap+recent_science,Crossref publication supports search-term overlap only; weak-signal status and exact application require expert review.,unavailable,,,,,,,no_relevant_result,,,,,,,,,,,,,,,,no_relevant_result,,,,,,,,,,,1,0,0,0,0,0.033,,,,,,,,,,0.693147,0.693147,0.693147,,0.0,0.0,,,,,,,,,,,,,,,,,1,,,,,,,,,,,0.0,0.004348,0.0,,,,,,0,,0,1,1,1,1
pos_db3d453bfc86ca53,1,bronze,provisional_positive,needs_human_review,2026-09-22,weak-signals-63-v2,tech_9b82715fb847,Clean energy,Энергетика и климат,electrochemical direct air carbon capture,электрохимический прямой захват углерода из воздуха,industrial waste heat recovery,утилизации промышленного сбросного тепла,electrochemical direct air carbon capture for industrial waste heat recovery,электрохимический прямой захват углерода из воздуха для утилизации промышленного сбросного тепла,en,electrochemical direct air carbon capture industrial waste heat recovery,DESIGN OF A PLANT FOR THE DIRECT CAPTURE OF METHANE AND CARBON DIOXIDE FROM AIR TO PRODUCE SYNTHESIS GAS,https://doi.org/10.31237/osf.io/95dzc_v1,https://api.crossref.org/works/10.31237/osf.io/95dzc_v1,https://doi.org/10.31237/osf.io/95dzc_v1,2025-10-11,day,unknown,Center for Open Science,"Climate change is a long term difference in temperature and weather conditions.The two main greenhouse gases causing climate change are carbon dioxide (CO2) and methane (CH4) . In this research work, a plant was designed for the direct capture of methane and CO2 from air and for the production of synthesis gas through the dry reforming process using Aspen Adsorption and Aspen Plus as the simulation software. The feed stream consists of air stream (99.95% N2 , 0.05% CO2 and 0.00023% methane) , it was assumed that there was a pretreatment to remove oxygen using the catalytic combustion process, ",title_or_abstract_terms,,0.695,2,relevant_works_in_top_200_crossref_results,curated_application+crossref_title_abstract_term_overlap+recent_science,Crossref publication supports search-term overlap only; weak-signal status and exact application require expert review.,unavailable,,,,,,,no_relevant_result,,,,,,,,,,,,,,,,found,How Can Direct Air Capture Scale to Deliver Real Carbon Removal for Climate Solutions,https://www.techtimes.com/articles/315533/20260403/how-can-direct-air-capture-scale-deliver-real-carbon-removal-climate-solutions.htm,2026-04-03,www.techtimes.com,https://www.buffalo.edu/undergrad-research/opportunities.host.html/content/shared/www/undergrad-research/research-opportunities/incovering-important-reactions-for-electrochemical-carbon-capture.detail.html,,,,,technology_only_not_application,1,0,0,0,0,1.514,,,,,,,,,,1.098612,1.098612,1.098612,,0.0,1.0,,,,,,,,,,,,,,,,,1,,,,,,,,,,,1.715266,0.0,1.0,,,,,,1,,0,1,1,1,1
pos_6a6b7f08bd5d1771,1,bronze,provisional_positive,needs_human_review,2026-09-22,weak-signals-63-v2,tech_453d689ffa85,Edge AI,Edge,on-device model fine-tuning,дообучение моделей на устройстве,precision agriculture,точного земледелия,on-device model fine-tuning for precision agriculture,дообучение моделей на устройстве для точного земледелия,en,on-device model fine-tuning precision agriculture,AI-Powered IoT Assistant for Electric Vehicles: Fine-Tuning a Small Language Model for Intent Recognition and Response Generation,https://doi.org/10.2139/ssrn.6157626,https://api.crossref.org/works/10.2139/ssrn.6157626,https://doi.org/10.2139/ssrn.6157626,2026-01-01,year,unknown,Elsevier BV,"Evaluation results demonstrated significant improvements in intent recognition, with precision, recall, and F1-score increasing from the 40s to the 70s after fine-tuning.",same_abstract_sentence,,0.608333,2,relevant_works_in_top_200_crossref_results,curated_application+crossref_title_abstract_term_overlap+recent_science,Crossref publication supports search-term overlap only; weak-signal status and exact application require expert review.,unavailable,,,,,,,no_relevant_result,,,,,,,,,,,,,,,,found,Fine-Tuning AI Made Simple : Transform Your AI Into a Specialist,https://www.geeky-gadgets.com/how-to-fine-tune-ai-models/,2025-11-03,www.geeky-gadgets.com,,,,,,technology_only_not_application,0,0,0,1,0,2.39,,,,,,,,,,1.098612,0.0,-0.693147,,0.0,1.0,,,,,,,,,,,,,,,,,1,,,,,,,,,,,4.842615,0.026634,1.0,,,,,,0,,0,1,1,1,1
pos_0701bf9908258243,1,bronze,provisional_positive,needs_human_review,2026-09-22,weak-signals-63-v2,tech_6fea4324339f,Biotechnology,Биотехнологии и медицина,organoid intelligence,органоидный интеллект,organ transplantation,трансплантации органов,organoid intelligence for organ transplantation,органоидный интеллект для трансплантации органов,en,organoid intelligence organ transplantation,"Artificial Intelligence–Enabled Organoid Platforms for Precision Medicine: Integrating Multi-Omics, Digital Twins, and Microphysiological Systems",https://doi.org/10.3390/organoids5030020,https://api.crossref.org/works/10.3390/organoids5030020,https://doi.org/10.3390/organoids5030020,2026-07-02,day,unknown,MDPI AG,"The convergence of artificial intelligence (AI) and organoid technology represents a transformative advance toward precision and predictive medicine. Organoids derived from pluripotent stem cells or patient tissues provide physiologically relevant three-dimensional models that recapitulate key aspects of native organ architecture and function. However, intrinsic biological heterogeneity, high-content imaging outputs, and dynamic spatiotemporal processes pose significant analytical challenges that exceed the capacity of conventional approaches. Recent advances in AI and machine learning enable ",title_or_abstract_terms,,0.825,2,relevant_works_in_top_200_crossref_results,curated_application+crossref_title_abstract_term_overlap+recent_science,Crossref publication supports search-term overlap only; weak-signal status and exact application require expert review.,unavailable,,,,,,,no_relevant_result,,,,,,,,,,,,,,,,found,Organoid Intelligence Market - Global Forecast to 2036; Biological Computing and Brain Organoids Drive Growth,https://finance.yahoo.com/technology/ai/articles/organoid-intelligence-market-global-forecast-110200493.html,2026-09-10,finance.yahoo.com,,,,,,technology_only_not_application,1,0,0,0,0,2.231,,,,,,,,,,1.098612,0.0,-0.693147,,0.0,0.0,,,,,,,,,,,,,,,,,1,,,,,,,,,,,7.025761,0.01171,0.0,,,,,,0,,0,1,1,1,1
pos_9e1ea35dba2dcb74,1,bronze,provisional_positive,needs_human_review,2026-09-22,weak-signals-63-v2,tech_b54c259cf36d,AI security,Защита ИИ,AI agent identity and delegated authorization,идентичность ИИ-агентов и делегированная авторизация,autonomous supply chains,автономных цепочек поставок,AI agent identity and delegated authorization for autonomous supply chains,идентичность ИИ-агентов и делегированная авторизация для автономных цепочек поставок,en,AI agent identity and delegated authorization autonomous supply chains,"Identity-aware Governance for Autonomous AI Agents: A Framework for Enterprise Authorization, Delegation, and Audit",https://doi.org/10.2139/ssrn.6439998,https://api.crossref.org/works/10.2139/ssrn.6439998,https://doi.org/10.2139/ssrn.6439998,2026-01-01,year,unknown,Elsevier BV,"Our central contribution is a layered identity model with cryptographic delegation tokens that propagates human authorization through multi-agent chains, enabling per-call policy evaluation at the infrastructure layer.",same_abstract_sentence,,0.87,2,relevant_works_in_top_200_crossref_results,curated_application+crossref_title_abstract_term_overlap+recent_science,Crossref publication supports search-term overlap only; weak-signal status and exact application require expert review.,unavailable,,,,,,,no_relevant_result,,,,,,,,,,,,,,,,found,How Do AI Agents Make Payments? From Authorization to Settlement,https://tradebrains.in/brand/how-do-ai-agents-make-payments-from-authorization-to-settlement-12566534,2026-09-21,tradebrains.in,,,,,,technology_only_not_application,0,0,0,1,0,0.723,,,,,,,,,,1.098612,1.098612,1.098612,,0.0,1.0,,,,,,,,,,,,,,,,,1,,,,,,,,,,,0.0,0.007782,0.0,,,,,,1,,0,1,1,1,1
pos_7e9a71ddd899224e,1,bronze,provisional_positive,needs_human_review,2026-09-22,weak-signals-63-v2,tech_2821e567cd98,Industrial AI,Индустриальный ИИ,reinforcement learning on industrial controllers,обучение с подкреплением на промышленных контроллерах,steel production,производства стали,reinforcement learning on industrial controllers for steel production,обучение с подкреплением на промышленных контроллерах для производства стали,en,reinforcement learning on industrial controllers steel production,Intelligent Temperature Control of a Cement Calciner Outlet Based on Deep Reinforcement Learning: A Comparative Study with Rule-Based and Model Predictive Controllers,https://doi.org/10.2139/ssrn.7493738,https://api.crossref.org/works/10.2139/ssrn.7493738,https://doi.org/10.2139/ssrn.7493738,2026-01-01,year,unknown,Elsevier BV,"Precise temperature regulation at the calciner outlet is essential for clinker quality, thermal efficiency, and operational safety in modern dry-process cement production. However, the calciner exhibits strong nonlinearity, large thermal inertia, and time-varying dynamics caused by coal quality fluctuations and raw feed disturbances, posing a formidable challenge for conventional control strategies. This paper constructs a configurable simulation environment supporting linear, quadratic, and saturation-type thermal dynamic models and implements three fundamentally different controllers---a rul",title_or_abstract_terms,,0.825,8,relevant_works_in_top_200_crossref_results,curated_application+crossref_title_abstract_term_overlap+recent_science,Crossref publication supports search-term overlap only; weak-signal status and exact application require expert review.,unavailable,,,,,,,no_relevant_result,,,,,,,,,,,,,,,,found,“Reinforcement Learning” Fuels the Rise of Adaptive Controllers (Download),https://www.electronicdesign.com/technologies/industrial/document/55361687/reinforcement-learning-fuels-the-rise-of-adaptive-controllers-download,2026-03-03,www.electronicdesign.com,,,,,,technology_only_not_application,0,0,0,1,0,3.723,,,,,,,,,,2.079442,0.847298,-0.251314,,0.0,0.333333,,,,,,,,,,,,,,,,,1,,,,,,,,,,,1.754386,0.038596,1.0,,,,,,1,,0,1,1,1,1
pos_91c72faf2ed2d2ed,1,bronze,provisional_positive,needs_human_review,2026-09-22,weak-signals-63-v2,tech_9a5298f62ba5,AI infrastructure,Инфраструктура ИИ,optical circuit switching,оптическая коммутация каналов,privacy-preserving inference,конфиденциального инференса,optical circuit switching for privacy-preserving inference,оптическая коммутация каналов для конфиденциального инференса,en,optical circuit switching privacy-preserving inference,Performance Thresholds for Optical Circuit Switching in LLM Inference,https://doi.org/10.1364/ofc.2026.w2a.28,https://api.crossref.org/works/10.1364/ofc.2026.w2a.28,https://doi.org/10.1364/ofc.2026.w2a.28,2026-01-01,year,unknown,Optica Publishing Group,"We analyze OCS-based networks for LLM inference, showing sub-700 ns reconfiguration is critical to outperform EPS without high link fan-out. High link fan-out can provide competitive performance even with slower reconfiguration across collective communication patterns.",title_or_abstract_terms,,0.825,1,relevant_works_in_top_200_crossref_results,curated_application+crossref_title_abstract_term_overlap+recent_science,Crossref publication supports search-term overlap only; weak-signal status and exact application require expert review.,unavailable,,,,,,,no_relevant_result,,,,,,,,,,,,,,,,found,UTStarcom Holdings Corp. Unveils Optical Circuit Switching Solution for AI Data Centers At Cioe 2026,https://www.marketscreener.com/news/utstarcom-holdings-corp-unveils-optical-circuit-switching-solution-for-ai-data-centers-at-cioe-2026-ce785ad8db88ff22,2026-09-21,www.marketscreener.com,,,,,,technology_only_not_application,1,0,0,0,0,0.723,,,,,,,,,,0.693147,0.693147,0.693147,,0.0,0.0,,,,,,,,,,,,,,,,,1,,,,,,,,,,,0.0,0.0,1.0,,,,,,0,,0,1,1,1,1
pos_30f69b1f90a2e802,1,bronze,provisional_positive,needs_human_review,2026-09-22,weak-signals-63-v2,tech_b3c29b1ce239,Quantum technology,Квантовые технологии,neutral-atom quantum processors,квантовые процессоры на нейтральных атомах,materials discovery,поиска новых материалов,neutral-atom quantum processors for materials discovery,квантовые процессоры на нейтральных атомах для поиска новых материалов,en,neutral-atom quantum processors materials discovery,Thermodynamic sampling of materials using neutral-atom quantum computers,https://doi.org/10.1038/s41534-026-01323-x,https://api.crossref.org/works/10.1038/s41534-026-01323-x,https://doi.org/10.1038/s41534-026-01323-x,2026-07-21,day,unknown,Springer Science and Business Media LLC,"Abstract Neutral-atom quantum hardware has emerged as a promising platform for programmable many-body physics. In this work, we develop and validate a practical framework for extracting thermodynamic properties of materials using such hardware. As a test case, we consider nitrogen-doped graphene. Starting from Density Functional Theory (DFT) formation energies, we map the material energetics onto a Rydberg-atom Hamiltonian suitable for quantum annealing by fitting an on-site term and distance-dependent pair interactions. The Hamiltonian derived from DFT cannot be implemented directly on curren",title_or_abstract_terms,,0.608333,1,relevant_works_in_top_200_crossref_results,curated_application+crossref_title_abstract_term_overlap+recent_science,Crossref publication supports search-term overlap only; weak-signal status and exact application require expert review.,unavailable,,,,,,,no_relevant_result,,,,,,,,,,,,,,,,found,"Fast, continuous, and coherent atom reloading in a neutral-atom qubit array",https://www.science.org/doi/10.1126/science.adz9952,2026-09-16,www.science.org,,,,,,technology_only_not_application,1,0,0,0,0,0.172,,,,,,,,,,0.693147,0.693147,0.693147,,0.0,0.0,,,,,,,,,,,,,,,,,1,,,,,,,,,,,0.0,0.015152,0.0,,,,,,0,,0,1,1,1,1
pos_4b6691c06a8d2138,1,bronze,provisional_positive,needs_human_review,2026-09-22,weak-signals-63-v2,tech_9d9eafce0d17,Space and ocean,Космос и океан,onboard hyperspectral satellite AI,бортовой ИИ для гиперспектральных спутников,precision agriculture,точного земледелия,onboard hyperspectral satellite AI for precision agriculture,бортовой ИИ для гиперспектральных спутников для точного земледелия,en,onboard hyperspectral satellite AI precision agriculture,"Precision Agriculture, Irrigation Management, and Monitoring using Hyperspectral Remote Sensing and AI",https://doi.org/10.2174/9798898813963126010013,https://api.crossref.org/works/10.2174/9798898813963126010013,https://doi.org/10.2174/9798898813963126010013,2026-05-03,day,unknown,BENTHAM SCIENCE PUBLISHERS,"Farming is changing rapidly, and new technology is making it easier to grow food in a way that is good for both people and the planet. Hyperspectral remote sensing is one of these game-changers—it lets us see details about crops and soil that we could never spot with the naked eye. When you add Artificial Intelligence (AI) into the mix, you get a powerful combination: hyperspectral cameras collect huge amounts of data, and AI helps make sense of it all. This paper looks at how these two technologies work together to help farmers spot problems early, use resources wisely, and grow healthier cro",title_or_abstract_terms,,0.675,8,relevant_works_in_top_200_crossref_results,curated_application+crossref_title_abstract_term_overlap+recent_science,Crossref publication supports search-term overlap only; weak-signal status and exact application require expert review.,unavailable,,,,,,,no_relevant_result,,,,,,,,,,,,,,,,found,TelePIX proves onboard AI pre-processing of satellite imagery without ground stations,https://www.dongascience.com/en/news/79744,2026-09-03,www.dongascience.com,,,,,,technology_only_not_application,0,0,0,1,0,6.828,,,,,,,,,,1.791759,1.791759,1.791759,,0.0,0.8,,,,,,,,,,,,,,,,,1,,,,,,,,,,,0.0,0.005675,1.0,,,,,,1,,0,1,1,1,1
pos_ce3751cfccd950a1,1,bronze,provisional_positive,needs_human_review,2026-09-22,weak-signals-63-v2,tech_3eeb530de6d6,Advanced materials,Передовые материалы,programmable mechanical metamaterials,программируемые механические метаматериалы,low-power sensing,малопотребляющих сенсоров,programmable mechanical metamaterials for low-power sensing,программируемые механические метаматериалы для малопотребляющих сенсоров,en,programmable mechanical metamaterials low-power sensing,"Programmable Compression-Torsion Metamaterials: Synergistic Integration of Structural Protection, Low-Frequency Vibration Isolation, and Intelligent Sensing",https://doi.org/10.2139/ssrn.7214176,https://api.crossref.org/works/10.2139/ssrn.7214176,https://doi.org/10.2139/ssrn.7214176,2026-01-01,year,unknown,Elsevier BV,"Achieving the synergistic integration of structural protection, vibration isolation, and intelligent sensing represents a key challenge at the forefront of mechanical metamaterial research, particularly under high load-bearing conditions where these functionalities are conflicting.",same_abstract_sentence,,0.825,3,relevant_works_in_top_200_crossref_results,curated_application+crossref_title_abstract_term_overlap+recent_science,Crossref publication supports search-term overlap only; weak-signal status and exact application require expert review.,unavailable,,,,,,,no_relevant_result,,,,,,,,,,,,,,,,found,"Nanomaterials Transformed by Engineering Shape, Not Chemistry",https://www.azonano.com/news.aspx?newsID=41618,2026-01-23,www.azonano.com,,,,,,technology_only_not_application,0,1,0,0,0,2.204,,,,,,,,,,1.386294,0.405465,-0.287682,,0.0,0.5,,,,,,,,,,,,,,,,,1,,,,,,,,,,,0.0,0.007474,0.333333,,,,,,1,,0,1,1,1,1
pos_f5f6f70f0d8aeb23,1,bronze,provisional_positive,needs_human_review,2026-09-22,weak-signals-63-v2,tech_6cbc9f14cc20,Food and agriculture,Пищевые и агротехнологии,electrochemical fertilizer production,электрохимическое производство удобрений,soil health monitoring,мониторинга здоровья почв,electrochemical fertilizer production for soil health monitoring,электрохимическое производство удобрений для мониторинга здоровья почв,en,electrochemical fertilizer production soil health monitoring,Can organic Fertilizer be Equivalent to Inorganic Fertilizer for Quality Production of Annual Chrysanthemum and Soil Enrichment?,https://doi.org/10.21276/aatccreview.2025.13.03.278,https://api.crossref.org/works/10.21276/aatccreview.2025.13.03.278,https://doi.org/10.21276/aatccreview.2025.13.03.278,2025-09-01,month,unknown,Marwah Infotech,"It aimed to identify the optimal treatments for enhancing the growth, flowering and quality seed production of Glebionis coronaria and enriching the soil health.",same_abstract_sentence,,0.666667,4,relevant_works_in_top_200_crossref_results,curated_application+crossref_title_abstract_term_overlap+recent_science,Crossref publication supports search-term overlap only; weak-signal status and exact application require expert review.,unavailable,,,,,,,no_relevant_result,,,,,,,,,,,,,,,,found,Electrochemical Ammonia Cracking Boosts Hydrogen Production Efficiency,https://www.hydrogenfuelnews.com/electrochemical-ammonia-cracking-boosts-hydrogen-production-efficiency/8576678/,2026-09-16,www.hydrogenfuelnews.com,,,,,,technology_only_not_application,1,0,0,0,0,5.722,,,,,,,,,,1.386294,1.386294,2.079442,,0.0,0.0,,,,,,,,,,,,,,,,,1,,,,,,,,,,,0.0,0.001745,0.0,,,,,,1,,0,1,1,1,1
pos_748853559b5fba9f,1,bronze,provisional_positive,needs_human_review,2026-09-22,weak-signals-63-v2,tech_910b8457fe7f,Robotics,Роботы,electrohydraulic soft actuators,электрогидравлические мягкие приводы,last-mile delivery,доставки последней мили,electrohydraulic soft actuators for last-mile delivery,электрогидравлические мягкие приводы для доставки последней мили,en,electrohydraulic soft actuators last-mile delivery,"A Review of Soft Robotic Actuators and Their Applications in Bioengineering, with an Emphasis on HASEL Actuators’ Future Potential",https://doi.org/10.3390/act13120524,https://api.crossref.org/works/10.3390/act13120524,https://doi.org/10.3390/act13120524,2024-12-18,day,unknown,MDPI AG,"Bioengineering has increasingly utilized soft robotics due to their mechanical adaptability and flexibility, with applications including drug delivery, assistive and wearable devices, artificial organs, and prosthetics.",same_abstract_sentence,,0.608333,1,relevant_works_in_top_200_crossref_results,curated_application+crossref_title_abstract_term_overlap+recent_science,Crossref publication supports search-term overlap only; weak-signal status and exact application require expert review.,unavailable,,,,,,,no_relevant_result,,,,,,,,,,,,,,,,found,Soft Electrohydraulic Actuators with Intrinsic Electroadhesion,https://www.nature.com/nature-index/article/10.1109/iros60139.2025.11246248,2025-10-24,www.nature.com,https://www.colorado.edu/mechanical/taxonomy/term/217,,,,,technology_only_not_application,1,0,0,0,0,1.76,,,,,,,,,,0.693147,0.693147,0.693147,,1.619048,0.0,,,,,,,,,,,,,,,,,1,,,,,,,,,,,0.0,0.003571,1.0,,,,,,0,,0,1,1,1,1
pos_dbbfb0e5fc9dfaae,1,bronze,provisional_positive,needs_human_review,2026-09-22,weak-signals-63-v2,tech_e9c200d65f1c,Fintech,Финтех,federated learning for financial crime detection,федеративное обучение для выявления финансовых преступлений,offline retail payments,офлайн-розничных платежей,federated learning for financial crime detection for offline retail payments,федеративное обучение для выявления финансовых преступлений для офлайн-розничных платежей,en,federated learning for financial crime detection offline retail payments,Machine Learning for Fraud Detection and Financial Crimes,https://doi.org/10.4018/979-8-3693-9405-2.ch010,https://api.crossref.org/works/10.4018/979-8-3693-9405-2.ch010,https://doi.org/10.4018/979-8-3693-9405-2.ch010,2025-02-28,day,unknown,IGI Global Scientific Publishing,"This chapter reviews how new technology is changing financial crime prevention, using examples from credit card and online retail fraud.",same_abstract_sentence,,0.753333,1,relevant_works_in_top_200_crossref_results,curated_application+crossref_title_abstract_term_overlap+recent_science,Crossref publication supports search-term overlap only; weak-signal status and exact application require expert review.,unavailable,,,,,,,no_relevant_result,,,,,,,,,,,,,,,,found,Sigma360 And Consilient Announce Strategic Integration To Transform Financial Crime Detection With Federated Machine Learning Driven Pkyc And Transaction Risk Monitoring,https://menafn.com/1110962653/Sigma360-And-Consilient-Announce-Strategic-Integration-To-Transform-Financial-Crime-Detection-With-Federated-Machine-Learning-Driven-Pkyc-And-Transaction-Risk-Monitoring,2026-04-09,menafn.com,,,,,,technology_only_not_application,1,0,0,0,0,1.563,,,,,,,,,,0.693147,0.693147,0.693147,,0.0,0.0,,,,,,,,,,,,,,,,,1,,,,,,,,,,,0.0,0.015625,0.0,,,,,,0,,0,1,1,1,1
pos_e3e89d39fab4678c,1,bronze,provisional_positive,needs_human_review,2026-09-22,weak-signals-63-v2,tech_86450e7de250,Clean energy,Энергетика и климат,thermochemical heat batteries,термохимические тепловые аккумуляторы,building heat management,управления теплом в зданиях,thermochemical heat batteries for building heat management,термохимические тепловые аккумуляторы для управления теплом в зданиях,en,thermochemical heat batteries building heat management,Integration of Thermochemical Heat Storage and Heat Pump Performance Study for Sustainable Building Applications,https://doi.org/10.70917/jcc-2026-018,https://api.crossref.org/works/10.70917/jcc-2026-018,https://doi.org/10.70917/jcc-2026-018,2026-08-03,day,unknown,"Cerebration Science Publishing Co., Limited","Thermochemical Energy Storage (TCES) offers high-density thermal storage for building applications, but the thermal delivery limitations of conventional subcritical heat pumps usually restrict system performance.",same_abstract_sentence,,0.666667,11,relevant_works_in_top_200_crossref_results,curated_application+crossref_title_abstract_term_overlap+recent_science,Crossref publication supports search-term overlap only; weak-signal status and exact application require expert review.,unavailable,,,,,,,no_relevant_result,,,,,,,,,,,,,,,,no_relevant_result,,,,,,,,,,,1,0,0,0,0,7.838,,,,,,,,,,2.197225,0.980829,0.575364,,0.111111,0.142857,,,,,,,,,,,,,,,,,1,,,,,,,,,,,0.0,0.021553,1.0,,,,,,1,,0,1,1,1,1
pos_71c7d60e5f732dbb,1,bronze,provisional_positive,needs_human_review,2026-09-22,weak-signals-63-v2,tech_453d689ffa85,Edge AI,Edge,on-device model fine-tuning,дообучение моделей на устройстве,wildlife monitoring,мониторинга дикой природы,on-device model fine-tuning for wildlife monitoring,дообучение моделей на устройстве для мониторинга дикой природы,en,on-device model fine-tuning wildlife monitoring,AI-Powered IoT Assistant for Electric Vehicles: Fine-Tuning a Small Language Model for Intent Recognition and Response Generation,https://doi.org/10.2139/ssrn.6157626,https://api.crossref.org/works/10.2139/ssrn.6157626,https://doi.org/10.2139/ssrn.6157626,2026-01-01,year,unknown,Elsevier BV,"The integration of artificial intelligence (AI) and Internet of Things (IoT) in electric vehicles (EVs) has revolutionized vehicle automation, user interaction, and energy efficiency. This paper presents an AI-powered IoT assistant designed to enhance EV user experience by understanding and responding to natural language queries. We fine-tune a Small Language Model (SLM), Phi-3.5 Mini Instruct, using Supervised Fine-Tuning (SFT) with QLoRA, optimizing it for intent recognition, entity extraction, and response generation. A synthetic multi-turn conversation dataset with 50 intents and entities ",title_or_abstract_terms,,0.608333,4,relevant_works_in_top_200_crossref_results,curated_application+crossref_title_abstract_term_overlap+recent_science,Crossref publication supports search-term overlap only; weak-signal status and exact application require expert review.,unavailable,,,,,,,no_relevant_result,,,,,,,,,,,,,,,,found,Fine-Tuning AI Made Simple : Transform Your AI Into a Specialist,https://www.geeky-gadgets.com/how-to-fine-tune-ai-models/,2025-11-03,www.geeky-gadgets.com,,,,,,technology_only_not_application,0,0,0,1,0,1.785,,,,,,,,,,1.609438,1.609438,1.609438,,0.0,1.0,,,,,,,,,,,,,,,,,1,,,,,,,,,,,0.0,0.031807,0.75,,,,,,1,,0,1,1,1,1
pos_823ac7252bdaec2c,1,bronze,provisional_positive,needs_human_review,2026-09-22,weak-signals-63-v2,tech_ef41e16678ef,Biotechnology,Биотехнологии и медицина,programmable epigenome editing,программируемое редактирование эпигенома,antimicrobial therapy,антимикробной терапии,programmable epigenome editing for antimicrobial therapy,программируемое редактирование эпигенома для антимикробной терапии,en,programmable epigenome editing antimicrobial therapy,Moving Beyond the Double-Strand Break Through CRISPR-Based Epigenome Editing for Specificity-Driven Sickle Cell Disease Therapy,https://doi.org/10.25163/biomedical.10110920,https://api.crossref.org/works/10.25163/biomedical.10110920,https://doi.org/10.25163/biomedical.10110920,2026-06-01,day,unknown,Eman Research Publishing LLC,"We conclude that specificity — not raw editing efficiency — is now the rate-limiting variable for translating epigenome editors into a durable, one-time SCD therapy, and we outline where chromatin-context modeling and delivery engineering are likely to matter most over the next several years.",same_abstract_sentence,,0.825,10,relevant_works_in_top_200_crossref_results,curated_application+crossref_title_abstract_term_overlap+recent_science,Crossref publication supports search-term overlap only; weak-signal status and exact application require expert review.,unavailable,,,,,,,no_relevant_result,,,,,,,,,,,,,,,,found,Omega Therapeutics Stock: Pioneering RNA Editing in Biotech Precision Medicine Landscape,https://www.ad-hoc-news.de/boerse/news/ueberblick/omega-therapeutics-stock-pioneering-rna-editing-in-biotech-precision/69007485,2026-03-27,www.ad-hoc-news.de,,Epitome Therapeutics Raises €4 Million To Advance Epigenome Editing Platform,https://pulse2.com/epitome-therapeutics-raises-e4-million-to-advance-epigenome-editing-platform/,2026-07-06,€4 M,technology_only_not_application,0,0,1,0,0,8.476,,,,,,,,,,1.386294,0.287682,-0.117783,,0.0,0.0,,,,,,,,,,,,,,,,,1,,,,,,,,,,,0.0,0.0,0.2,,,,,,1,,0,1,1,1,1
pos_ffcd8cdf5fce633d,1,bronze,provisional_positive,needs_human_review,2026-09-22,weak-signals-63-v2,tech_b54c259cf36d,AI security,Защита ИИ,AI agent identity and delegated authorization,идентичность ИИ-агентов и делегированная авторизация,defense systems,оборонных систем,AI agent identity and delegated authorization for defense systems,идентичность ИИ-агентов и делегированная авторизация для оборонных систем,en,AI agent identity and delegated authorization defense systems,Execution-Time Authorization for AI Agents: A Formal Framework for Deterministic Governance Boundaries,https://doi.org/10.2139/ssrn.6300558,https://api.crossref.org/works/10.2139/ssrn.6300558,https://doi.org/10.2139/ssrn.6300558,2026-01-01,year,unknown,Elsevier BV,"Execution-time authorization is established as a foundational primitive for enforcement-grade AI governance, providing pre-execution, deterministic, and independently verifiable decision control for autonomous systems.",same_abstract_sentence,,0.87,11,relevant_works_in_top_200_crossref_results,curated_application+crossref_title_abstract_term_overlap+recent_science,Crossref publication supports search-term overlap only; weak-signal status and exact application require expert review.,unavailable,,,,,,,no_relevant_result,,,,,,,,,,,,,,,,found,How Do AI Agents Make Payments? From Authorization to Settlement,https://tradebrains.in/brand/how-do-ai-agents-make-payments-from-authorization-to-settlement-12566534,2026-09-21,tradebrains.in,,,,,,technology_only_not_application,0,0,0,1,0,0.723,,,,,,,,,,2.484907,2.484907,2.484907,,0.0,0.818182,,,,,,,,,,,,,,,,,1,,,,,,,,,,,0.0,0.004168,0.0,,,,,,1,,0,1,1,1,1
pos_aa5080b7f2dc50a0,1,bronze,provisional_positive,needs_human_review,2026-09-22,weak-signals-63-v2,tech_a6b70ed883c6,Industrial AI,Индустриальный ИИ,foundation models for industrial time series,фундаментальные модели промышленных временных рядов,steel production,производства стали,foundation models for industrial time series for steel production,фундаментальные модели промышленных временных рядов для производства стали,en,foundation models for industrial time series steel production,Forecasting Oil Production with Time-Series Foundation Models - A Benchmark Study Against Classical Machine Learning Models,https://doi.org/10.2118/228014-ms,https://api.crossref.org/works/10.2118/228014-ms,https://doi.org/10.2118/228014-ms,2025-10-13,day,unknown,SPE,"In this study, we benchmark a wide range of data-driven forecasting models, including classical machine learning, deep learning, and time series foundation models (TSFMs), on a real-world oil production dataset from a supergiant Middle Eastern reservoir.",same_abstract_sentence,,0.825,3,relevant_works_in_top_200_crossref_results,curated_application+crossref_title_abstract_term_overlap+recent_science,Crossref publication supports search-term overlap only; weak-signal status and exact application require expert review.,unavailable,,,,,,,no_relevant_result,,,,,,,,,,,,,,,,no_relevant_result,,,,,,,,,,,0,0,0,1,0,0.942,,,,,,,,,,1.386294,1.386294,1.386294,,0.0,0.666667,,,,,,,,,,,,,,,,,1,,,,,,,,,,,0.0,0.013624,1.0,,,,,,1,,0,1,1,1,1
pos_1221259598dcdf0c,1,bronze,provisional_positive,needs_human_review,2026-09-22,weak-signals-63-v2,tech_c4d4a95e99c6,AI infrastructure,Инфраструктура ИИ,neuromorphic processors,нейроморфные процессоры,privacy-preserving inference,конфиденциального инференса,neuromorphic processors for privacy-preserving inference,нейроморфные процессоры для конфиденциального инференса,en,neuromorphic processors privacy-preserving inference,Neuromorphic Photonic Processors for Ultra-Low-Latency Edge Inference,https://doi.org/10.1109/optima67660.2025.11380376,https://api.crossref.org/works/10.1109/optima67660.2025.11380376,https://doi.org/10.1109/optima67660.2025.11380376,2025-12-04,day,unknown,IEEE,Neuromorphic Photonic Processors for Ultra-Low-Latency Edge Inference,title_terms_only,,0.825,3,relevant_works_in_top_200_crossref_results,curated_application+crossref_title_abstract_term_overlap+recent_science,Crossref publication supports search-term overlap only; weak-signal status and exact application require expert review.,unavailable,,,,,,,no_relevant_result,,,,,,,,,,,,,,,,found,Why Is Microchip Technology (MCHP) Getting Fresh Edge AI Validation?,https://uk.finance.yahoo.com/news/why-microchip-technology-mchp-getting-031710426.html,2026-09-18,uk.finance.yahoo.com,,,,,,technology_only_not_application,0,0,0,1,0,4.578,,,,,,,,,,1.098612,0.0,0.0,,0.0,0.0,,,,,,,,,,,,,,,,,1,,,,,,,,,,,0.0,0.020513,0.0,,,,,,0,,0,1,1,1,1
pos_fe1fba3c8689b37f,1,bronze,provisional_positive,needs_human_review,2026-09-22,weak-signals-63-v2,tech_82d037ad270c,Quantum technology,Квантовые технологии,quantum-inspired tensor optimization,квантово-инспирированная тензорная оптимизация,geophysical exploration,геофизической разведки,quantum-inspired tensor optimization for geophysical exploration,квантово-инспирированная тензорная оптимизация для геофизической разведки,en,quantum-inspired tensor optimization geophysical exploration,Federated Multi-View Unsupervised Feature Selection via Bio-Inspired Hierarchical-Cognitive Tianji’s Horse Racing Optimization and Tensor Learning,https://doi.org/10.3390/biomimetics11050312,https://api.crossref.org/works/10.3390/biomimetics11050312,https://doi.org/10.3390/biomimetics11050312,2026-05-01,day,unknown,MDPI AG,"As multi-view datasets expand across diverse practical fields, feature selection (FS) has become an indispensable preparatory stage for machine learning models. Nevertheless, real-world multi-view data is often unlabeled and distributed among isolated clients, posing significant challenges to traditional centralized methods due to privacy concerns and communication constraints. Furthermore, existing centralized and federated approaches frequently suffer from entrapment in local optima and lack robust convergence guarantees. To address these issues, we propose Fed-MUFSHT, a federated framework ",title_or_abstract_terms,,0.608333,8,relevant_works_in_top_200_crossref_results,curated_application+crossref_title_abstract_term_overlap+recent_science,Crossref publication supports search-term overlap only; weak-signal status and exact application require expert review.,unavailable,,,,,,,no_relevant_result,,,,,,,,,,,,,,,,found,Quantum-Inspired Optimization Algorithms for Combinatorial Problems,https://www.nature.com/nature-index/topics/l4/quantum-inspired-optimization-algorithms-for-combinatorial-problems,2025-05-31,www.nature.com,,,,,,technology_only_not_application,0,0,0,1,0,4.287,,,,,,,,,,2.079442,1.252763,1.252763,,0.029412,0.333333,,,,,,,,,,,,,,,,,1,,,,,,,,,,,0.759878,0.037994,0.375,,,,,,1,,0,1,1,1,1
pos_ec8b52bff851ddce,1,bronze,provisional_positive,needs_human_review,2026-09-22,weak-signals-63-v2,tech_9d9eafce0d17,Space and ocean,Космос и океан,onboard hyperspectral satellite AI,бортовой ИИ для гиперспектральных спутников,climate monitoring,мониторинга климата,onboard hyperspectral satellite AI for climate monitoring,бортовой ИИ для гиперспектральных спутников для мониторинга климата,en,onboard hyperspectral satellite AI climate monitoring,Analysis of Volcanic CO₂ Emissions Using Next-Generation Satellite Hyperspectral Data,https://doi.org/10.5194/egusphere-egu26-12806,https://api.crossref.org/works/10.5194/egusphere-egu26-12806,https://doi.org/10.5194/egusphere-egu26-12806,2026-03-14,day,unknown,Copernicus GmbH,"The present work investigates advanced methodologies for detecting and quantifying volcanic carbon dioxide (CO₂) emissions from degassing plumes and fumarole fields using hyperspectral data acquired by satellite and airborne sensors. Building upon well-established algorithms such as the Continuum Interpolated Band Ratio (CIBR), Matched Filter (MF) and Imaging Mapping Differential Optical Absorption Spectroscopy (IMAP-DOAS), this study introduces innovative approaches that exploit the high spectral resolution of modern hyperspectral satellite sensors. In particular, the analysis leverages data ",title_or_abstract_terms,,0.675,5,relevant_works_in_top_200_crossref_results,curated_application+crossref_title_abstract_term_overlap+recent_science,Crossref publication supports search-term overlap only; weak-signal status and exact application require expert review.,unavailable,,,,,,,no_relevant_result,,,,,,,,,,,,,,,,found,TelePIX proves onboard AI pre-processing of satellite imagery without ground stations,https://www.dongascience.com/en/news/79744,2026-09-03,www.dongascience.com,,,,,,technology_only_not_application,1,0,0,0,0,6.5,,,,,,,,,,1.386294,0.693147,0.0,,0.0,1.0,,,,,,,,,,,,,,,,,1,,,,,,,,,,,0.0,0.004345,1.0,,,,,,1,,0,1,1,1,1
pos_dcfa91b95ba9aa35,1,bronze,provisional_positive,needs_human_review,2026-09-22,weak-signals-63-v2,tech_3eeb530de6d6,Advanced materials,Передовые материалы,programmable mechanical metamaterials,программируемые механические метаматериалы,hydrogen storage,хранения водорода,programmable mechanical metamaterials for hydrogen storage,программируемые механические метаматериалы для хранения водорода,en,programmable mechanical metamaterials hydrogen storage,Programmable Stimuli-Responsive Mechanical Metamaterials for Information Storage and Logic Processing,https://doi.org/10.1021/acsami.5c18074,https://api.crossref.org/works/10.1021/acsami.5c18074,https://doi.org/10.1021/acsami.5c18074,2025-11-12,day,unknown,American Chemical Society (ACS),Programmable Stimuli-Responsive Mechanical Metamaterials for Information Storage and Logic Processing,title_terms_only,,0.825,2,relevant_works_in_top_200_crossref_results,curated_application+crossref_title_abstract_term_overlap+recent_science,Crossref publication supports search-term overlap only; weak-signal status and exact application require expert review.,unavailable,,,,,,,no_relevant_result,,,,,,,,,,,,,,,,found,"Nanomaterials Transformed by Engineering Shape, Not Chemistry",https://www.azonano.com/news.aspx?newsID=41618,2026-01-23,www.azonano.com,,,,,,technology_only_not_application,1,0,0,0,0,3.723,,,,,,,,,,0.693147,0.0,-0.693147,,0.3,0.0,,,,,,,,,,,,,,,,,1,,,,,,,,,,,0.0,0.043956,0.0,,,,,,0,,0,1,1,1,1
pos_43a8801299eb626f,1,bronze,provisional_positive,needs_human_review,2026-09-22,weak-signals-63-v2,tech_cda08c149293,Food and agriculture,Пищевые и агротехнологии,engineered microbial biostimulants,инженерные микробные биостимуляторы,livestock health monitoring,мониторинга здоровья сельскохозяйственных животных,engineered microbial biostimulants for livestock health monitoring,инженерные микробные биостимуляторы для мониторинга здоровья сельскохозяйственных животных,en,engineered microbial biostimulants livestock health monitoring,Engineered Synthetic Microbial Consortia for In Vivo Plastic-Derived Metabolite Detoxification and Host Health Restoration in Ruminant Animals,https://doi.org/10.22541/au.175494691.19991814/v1,https://api.crossref.org/works/10.22541/au.175494691.19991814/v1,https://doi.org/10.22541/au.175494691.19991814/v1,2025-08-11,day,unknown,Wiley,"These contaminants disrupt rumen microbial ecology, impair fermentation, and contribute to systemic toxicity, adversely affecting animal health and productivity.",same_abstract_sentence,,0.666667,1,relevant_works_in_top_200_crossref_results,curated_application+crossref_title_abstract_term_overlap+recent_science,Crossref publication supports search-term overlap only; weak-signal status and exact application require expert review.,unavailable,,,,,,,no_relevant_result,,,,,,,,,,,,,,,,found,"[Latest] Global Microbial Biostimulants Market Size/Share Worth USD 13.88 Billion by 2034 at a 10.5% CAGR: Custom Market Insights (Analysis, Outlook, Leaders, Report, Trends ...",https://uk.finance.yahoo.com/news/latest-global-microbial-biostimulants-market-073000815.html,2026-08-12,uk.finance.yahoo.com,,,,,,technology_only_not_application,1,0,0,0,0,1.114,,,,,,,,,,0.693147,0.693147,0.693147,,0.0,1.0,,,,,,,,,,,,,,,,,1,,,,,,,,,,,0.0,0.0,0.0,,,,,,0,,0,1,1,1,1
pos_66d0974347065b77,1,bronze,provisional_positive,needs_human_review,2026-09-22,weak-signals-63-v2,tech_7bc6963b2960,Robotics,Роботы,teleoperation data engines for robot learning,платформы телеоперационных данных для обучения роботов,physical rehabilitation,физической реабилитации,teleoperation data engines for robot learning for physical rehabilitation,платформы телеоперационных данных для обучения роботов для физической реабилитации,en,teleoperation data engines for robot learning physical rehabilitation,A Holistic Evaluation of Teleoperation Interfaces for Robotic Manipulation,https://doi.org/10.1145/3785141,https://api.crossref.org/works/10.1145/3785141,https://doi.org/10.1145/3785141,2026-01-19,day,unknown,Association for Computing Machinery (ACM),"Robot teleoperation has become increasingly crucial for extending human capabilities in inaccessible or hazardous environments and facilitating human–robot collaboration. While significant advancements have been made in teleoperation interfaces, the success of these systems critically depends on how effectively humans can interact with and control robotic systems across diverse manipulation tasks. However, existing research primarily evaluates interfaces within specific tasks or applications, lacking systematic assessment across different manipulation scenarios. This limitation leads to subopt",title_or_abstract_terms,,0.565,4,relevant_works_in_top_200_crossref_results,curated_application+crossref_title_abstract_term_overlap+recent_science,Crossref publication supports search-term overlap only; weak-signal status and exact application require expert review.,unavailable,,,,,,,no_relevant_result,,,,,,,,,,,,,,,,found,OpenAI posts $500K robotics salaries to fund data factory behind its robot comeback,https://www.msn.com/en-us/technology/tech-companies/openai-posts-500k-robotics-salaries-to-fund-data-factory-behind-its-robot-comeback/ar-AA2cBgna,2026-09-19,www.msn.com,,,,,,technology_only_not_application,1,0,0,0,0,6.825,,,,,,,,,,1.386294,0.405465,-0.287682,,0.1125,0.5,,,,,,,,,,,,,,,,,1,,,,,,,,,,,0.0,0.015429,1.0,,,,,,1,,0,1,1,1,1
pos_0dccc17ff2ffc28e,1,bronze,provisional_positive,needs_human_review,2026-09-22,weak-signals-63-v2,tech_fe13f42274f2,Fintech,Финтех,AI agent payment authorization protocols,протоколы авторизации платежей ИИ-агентов,machine-to-machine commerce,машинной коммерции,AI agent payment authorization protocols for machine-to-machine commerce,протоколы авторизации платежей ИИ-агентов для машинной коммерции,en,AI agent payment authorization protocols machine-to-machine commerce,"BLOCKCHAIN IN THE AGENT ECONOMY: IDENTITY, AUTHORIZATION, AND MACHINE-TO-MACHINE SETTLEMENT",https://doi.org/10.61432/cpne0401287b,https://api.crossref.org/works/10.61432/cpne0401287b,https://doi.org/10.61432/cpne0401287b,2026-09-10,day,unknown,"Oikos Institute – Research Center, Bijeljina, Bosnia and Herzegovina","Autonomous AI agents increasingly conduct economic transactions on behalf of individuals and organizations. This paper examines which payment architecture is most suitable for such transactions. Using a conceptual research design grounded in transaction cost economics, it separates agent based payments into three functions: identity, authorization, and settlement. It then compares delegated fiat, managed on chain, and native on chain architectures. The analysis shows that identity and authorization do not inherently require blockchain technology. Its distinctive contribution lies in enabling s",title_or_abstract_terms,,0.695,5,relevant_works_in_top_200_crossref_results,curated_application+crossref_title_abstract_term_overlap+recent_science,Crossref publication supports search-term overlap only; weak-signal status and exact application require expert review.,unavailable,,,,,,,no_relevant_result,,,,,,,,,,,,,,,,no_relevant_result,,,,,,,,,,,0,0,0,1,0,0.723,,,,,,,,,,1.791759,1.791759,1.791759,,0.0,0.4,,,,,,,,,,,,,,,,,1,,,,,,,,,,,0.0,0.006944,0.8,,,,,,1,,0,1,1,1,1
pos_e7fda177c5528a7e,1,bronze,provisional_positive,needs_human_review,2026-09-22,weak-signals-63-v2,tech_86450e7de250,Clean energy,Энергетика и климат,thermochemical heat batteries,термохимические тепловые аккумуляторы,seasonal energy storage,сезонного хранения энергии,thermochemical heat batteries for seasonal energy storage,термохимические тепловые аккумуляторы для сезонного хранения энергии,en,thermochemical heat batteries seasonal energy storage,Integration of Thermochemical Heat Storage and Heat Pump Performance Study for Sustainable Building Applications,https://doi.org/10.70917/jcc-2026-018,https://api.crossref.org/works/10.70917/jcc-2026-018,https://doi.org/10.70917/jcc-2026-018,2026-08-03,day,unknown,"Cerebration Science Publishing Co., Limited","Thermochemical Energy Storage (TCES) offers high-density thermal storage for building applications, but the thermal delivery limitations of conventional subcritical heat pumps usually restrict system performance.",same_abstract_sentence,,0.666667,35,relevant_works_in_top_200_crossref_results,curated_application+crossref_title_abstract_term_overlap+recent_science,Crossref publication supports search-term overlap only; weak-signal status and exact application require expert review.,unavailable,,,,,,,found,"Global Market for Thermal Energy Storage 2024-2035: Analysis of TES Technologies, including Sensible Heat Storage, Latent Heat Storage and Thermochemical Energy Storage",https://uk.finance.yahoo.com/news/global-market-thermal-energy-storage-093200665.html,2024-04-25,uk.finance.yahoo.com,"Dublin, April 25, 2024 (GLOBE NEWSWIRE) -- The ""Global Market for Thermal Energy Storage 2024-2035"" report has been added to ResearchAndMarkets.com's offering. Thermal energy storage (TES) is a ...",,,,,,,,,,,no_relevant_result,,,,,,,,,,,0,1,0,0,0,7.395,,,,,,,,,,2.833213,0.09531,-0.127833,,0.0,0.6,,,,,,,,,,,,,,,,,2,,,,,,,,,,,0.0,0.001688,1.0,,,,,,1,,0,1,1,1,1
pos_8163ea2c1e19b895,1,bronze,provisional_positive,needs_human_review,2026-09-22,weak-signals-63-v2,tech_453d689ffa85,Edge AI,Edge,on-device model fine-tuning,дообучение моделей на устройстве,drone navigation,навигации беспилотников,on-device model fine-tuning for drone navigation,дообучение моделей на устройстве для навигации беспилотников,en,on-device model fine-tuning drone navigation,AI-Powered IoT Assistant for Electric Vehicles: Fine-Tuning a Small Language Model for Intent Recognition and Response Generation,https://doi.org/10.2139/ssrn.6157626,https://api.crossref.org/works/10.2139/ssrn.6157626,https://doi.org/10.2139/ssrn.6157626,2026-01-01,year,unknown,Elsevier BV,"The integration of artificial intelligence (AI) and Internet of Things (IoT) in electric vehicles (EVs) has revolutionized vehicle automation, user interaction, and energy efficiency. This paper presents an AI-powered IoT assistant designed to enhance EV user experience by understanding and responding to natural language queries. We fine-tune a Small Language Model (SLM), Phi-3.5 Mini Instruct, using Supervised Fine-Tuning (SFT) with QLoRA, optimizing it for intent recognition, entity extraction, and response generation. A synthetic multi-turn conversation dataset with 50 intents and entities ",title_or_abstract_terms,,0.608333,1,relevant_works_in_top_200_crossref_results,curated_application+crossref_title_abstract_term_overlap+recent_science,Crossref publication supports search-term overlap only; weak-signal status and exact application require expert review.,unavailable,,,,,,,no_relevant_result,,,,,,,,,,,,,,,,found,Fine-Tuning AI Made Simple : Transform Your AI Into a Specialist,https://www.geeky-gadgets.com/how-to-fine-tune-ai-models/,2025-11-03,www.geeky-gadgets.com,,,,,,technology_only_not_application,0,0,0,1,0,0.723,,,,,,,,,,0.693147,0.693147,0.693147,,0.0,1.0,,,,,,,,,,,,,,,,,1,,,,,,,,,,,0.0,0.016807,1.0,,,,,,0,,0,1,1,1,1
pos_075075b934d71c3e,1,bronze,provisional_positive,needs_human_review,2026-09-22,weak-signals-63-v2,tech_a2bd4124bb6f,Biotechnology,Биотехнологии и медицина,magnetically guided medical microrobots,магнитоуправляемые медицинские микророботы,precision diagnostics,точной диагностики,magnetically guided medical microrobots for precision diagnostics,магнитоуправляемые медицинские микророботы для точной диагностики,en,magnetically guided medical microrobots precision diagnostics,Magnetically Guided Microrobots for Targeted Drug Delivery,https://doi.org/10.1002/adhm.202505942,https://api.crossref.org/works/10.1002/adhm.202505942,https://doi.org/10.1002/adhm.202505942,2026-01-22,day,unknown,Wiley,"With continued integration of engineering and biomedical research, magnetically guided microrobots hold strong potential for targeted therapy, regenerative medicine, and minimally invasive treatment, representing a significant advance in precision drug delivery.",same_abstract_sentence,,0.825,2,relevant_works_in_top_200_crossref_results,curated_application+crossref_title_abstract_term_overlap+recent_science,Crossref publication supports search-term overlap only; weak-signal status and exact application require expert review.,unavailable,,,,,,,no_relevant_result,,,,,,,,,,,,,,,,found,Liquid Metal Microrobots for Magnetically Guided Transvascular Navigation,https://www.nature.com/nature-index/article/10.1002/adma.202518382,2025-12-18,www.nature.com,,,,,,technology_only_not_application,1,0,0,0,0,3.285,,,,,,,,,,0.693147,0.0,-0.693147,,1.25,0.0,,,,,,,,,,,,,,,,,1,,,,,,,,,,,0.0,0.0,1.0,,,,,,0,,0,1,1,1,1
pos_1664fbef829ce1ea,1,bronze,provisional_positive,needs_human_review,2026-09-22,weak-signals-63-v2,tech_d24a7ee19fc3,AI security,Защита ИИ,machine unlearning,машинное разобучение,healthcare copilots,медицинских копилотов,machine unlearning for healthcare copilots,машинное разобучение для медицинских копилотов,en,machine unlearning healthcare copilots,Machine Unlearning for GDPR Right-to-Erasure in Antimicrobial Resistance Prediction Models,https://doi.org/10.64898/2026.03.09.26347960,https://api.crossref.org/works/10.64898/2026.03.09.26347960,https://doi.org/10.64898/2026.03.09.26347960,2026-03-10,day,unknown,openRxiv,"Abstract Objective Healthcare machine learning models trained on patient data must comply with the General Data Protection Regulation (GDPR) right-to-erasure requirement, which mandates the removal of individual data contributions from deployed models.",same_abstract_sentence,,0.825,5,relevant_works_in_top_200_crossref_results,curated_application+crossref_title_abstract_term_overlap+recent_science,Crossref publication supports search-term overlap only; weak-signal status and exact application require expert review.,unavailable,,,,,,,no_relevant_result,,,,,,,,,,,,,,,,found,Machine unlearning gets a practical privacy upgrade,https://www.helpnetsecurity.com/2025/07/17/machine-unlearning-privacy-upgrade/,2025-07-16,www.helpnetsecurity.com,https://news.utexas.edu/2024/03/21/machine-unlearning-helps-generative-ai-forget-copyright-protected-and-violent-content/,,,,,technology_only_not_application,0,0,0,1,0,2.283,,,,,,,,,,1.791759,0.916291,0.223144,,0.0,0.75,,,,,,,,,,,,,,,,,1,,,,,,,,,,,0.0,0.013834,1.0,,,,,,1,,0,1,1,1,1
pos_6c6847db17000aa3,1,bronze,provisional_positive,needs_human_review,2026-09-22,weak-signals-63-v2,tech_a6b70ed883c6,Industrial AI,Индустриальный ИИ,foundation models for industrial time series,фундаментальные модели промышленных временных рядов,cement production,производства цемента,foundation models for industrial time series for cement production,фундаментальные модели промышленных временных рядов для производства цемента,en,foundation models for industrial time series cement production,Forecasting Oil Production with Time-Series Foundation Models - A Benchmark Study Against Classical Machine Learning Models,https://doi.org/10.2118/228014-ms,https://api.crossref.org/works/10.2118/228014-ms,https://doi.org/10.2118/228014-ms,2025-10-13,day,unknown,SPE,"In this study, we benchmark a wide range of data-driven forecasting models, including classical machine learning, deep learning, and time series foundation models (TSFMs), on a real-world oil production dataset from a supergiant Middle Eastern reservoir.",same_abstract_sentence,,0.825,3,relevant_works_in_top_200_crossref_results,curated_application+crossref_title_abstract_term_overlap+recent_science,Crossref publication supports search-term overlap only; weak-signal status and exact application require expert review.,unavailable,,,,,,,no_relevant_result,,,,,,,,,,,,,,,,no_relevant_result,,,,,,,,,,,0,0,0,1,0,0.942,,,,,,,,,,1.386294,1.386294,1.386294,,0.0,0.666667,,,,,,,,,,,,,,,,,1,,,,,,,,,,,0.0,0.013624,1.0,,,,,,1,,0,1,1,1,1
pos_5092f44835f13e13,1,bronze,provisional_positive,needs_human_review,2026-09-22,weak-signals-63-v2,tech_91dbb677cb4a,AI infrastructure,Инфраструктура ИИ,photonic neural accelerators,фотонные нейросетевые ускорители,long-context language model inference,инференса языковых моделей с длинным контекстом,photonic neural accelerators for long-context language model inference,фотонные нейросетевые ускорители для инференса языковых моделей с длинным контекстом,en,photonic neural accelerators long-context language model inference,Reconfigurable photonic neural networks: distribution-aligned calibration and dynamic resource allocation for high-performance optical computing accelerators,https://doi.org/10.1364/oe.574781,https://api.crossref.org/works/10.1364/oe.574781,https://doi.org/10.1364/oe.574781,2025-10-17,day,unknown,Optica Publishing Group,"Driven by the rapid adoption of generative models and large language models, the computational demand and scale of modern intelligent data centers have surged. Concurrently, the energy consumption and operational costs of AI workloads are rising exponentially. Photonic computing—offering large bandwidth, low energy consumption, and sub-nanosecond latency—has therefore emerged as a promising paradigm for large-scale AI deployment. However, most existing photonic-AI studies investigate only a single architecture with fixed parameter settings, neglecting dynamic configuration of key variables suc",title_or_abstract_terms,,0.825,2,relevant_works_in_top_200_crossref_results,curated_application+crossref_title_abstract_term_overlap+recent_science,Crossref publication supports search-term overlap only; weak-signal status and exact application require expert review.,unavailable,,,,,,,no_relevant_result,,,,,,,,,,,,,,,,found,Photonic Neural Network Architectures for Energy-Efficient Computing,https://www.nature.com/nature-index/topics/l4/photonic-neural-network-architectures-for-energy-efficient-computing,2026-04-30,www.nature.com,,,,,,technology_only_not_application,0,0,0,1,0,4.523,,,,,,,,,,0.693147,0.693147,1.386294,,0.090909,0.0,,,,,,,,,,,,,,,,,1,,,,,,,,,,,0.0,0.056235,1.0,,,,,,0,,0,1,1,1,1
pos_b543288bd5e393c4,1,bronze,provisional_positive,needs_human_review,2026-09-22,weak-signals-63-v2,tech_ede8d125952f,Quantum technology,Квантовые технологии,quantum repeater networks,сети квантовых повторителей,high-precision timing,высокоточной синхронизации времени,quantum repeater networks for high-precision timing,сети квантовых повторителей для высокоточной синхронизации времени,en,quantum repeater networks high-precision timing,Intelligent Vehicle Repeater for Satellite Networks: A Promising Device for Tourists and Explorers Without Terrestrial Networks,https://doi.org/10.3390/telecom7010008,https://api.crossref.org/works/10.3390/telecom7010008,https://doi.org/10.3390/telecom7010008,2026-01-07,day,unknown,MDPI AG,"Existing vehicle-mounted satellite terminals primarily rely on mechanical or purely analog electronically steered antennas. They lack protocol-level relay capability and usually provide only short-range hotspot connectivity. These limitations make it difficult for such systems to deliver stable, high-throughput satellite access for personal mobile devices in dynamic vehicular environments, especially in remote regions without terrestrial networks. This paper proposes an intelligent vehicle repeater for satellite networks (IVRSN) that builds a dedicated satellite–vehicle–device relay architectu",title_or_abstract_terms,,0.608333,1,relevant_works_in_top_200_crossref_results,curated_application+crossref_title_abstract_term_overlap+recent_science,Crossref publication supports search-term overlap only; weak-signal status and exact application require expert review.,unavailable,,,,,,,no_relevant_result,,,,,,,,,,,,,,,,found,Chinese researchers demonstrate scalable quantum repeater for fiber networks,https://www.sdxcentral.com/news/chinese-researchers-demonstrate-scalable-quantum-repeater-for-fiber-networks/,2026-02-12,www.sdxcentral.com,,,,,,technology_only_not_application,1,0,0,0,0,0.706,,,,,,,,,,0.693147,0.693147,0.693147,,0.0,0.0,,,,,,,,,,,,,,,,,1,,,,,,,,,,,0.0,0.00995,0.0,,,,,,0,,0,1,1,1,1
pos_05aadfa9bf85c5b2,1,bronze,provisional_positive,needs_human_review,2026-09-22,weak-signals-63-v2,tech_9d9eafce0d17,Space and ocean,Космос и океан,onboard hyperspectral satellite AI,бортовой ИИ для гиперспектральных спутников,wildfire detection,выявления лесных пожаров,onboard hyperspectral satellite AI for wildfire detection,бортовой ИИ для гиперспектральных спутников для выявления лесных пожаров,en,onboard hyperspectral satellite AI wildfire detection,Atmospheric correction method and application of satellite hyperspectral data: A case study in mineral resource monitoring,https://doi.org/10.5194/egusphere-egu24-4282,https://api.crossref.org/works/10.5194/egusphere-egu24-4282,https://doi.org/10.5194/egusphere-egu24-4282,2025-01-20,day,unknown,Copernicus GmbH,"Hyperspectral sensors have become indispensable tools in remote sensing applications, playing a pivotal role in precision agriculture, mineral alteration mapping, land cover classification, and autonomous satellite wildfire detection.",same_abstract_sentence,,0.675,25,relevant_works_in_top_200_crossref_results,curated_application+crossref_title_abstract_term_overlap+recent_science,Crossref publication supports search-term overlap only; weak-signal status and exact application require expert review.,unavailable,,,,,,,no_relevant_result,,,,,,,,,,,,,,,,found,TelePIX proves onboard AI pre-processing of satellite imagery without ground stations,https://www.dongascience.com/en/news/79744,2026-09-03,www.dongascience.com,,,,,,technology_only_not_application,0,0,0,1,0,8.671,,,,,,,,,,2.944439,0.980829,0.287682,,0.0,0.666667,,,,,,,,,,,,,,,,,1,,,,,,,,,,,0.0,0.006641,0.6,,,,,,1,,0,1,1,1,1
pos_1c10c8622b3579fc,1,bronze,provisional_positive,needs_human_review,2026-09-22,weak-signals-63-v2,tech_550bb0b51fd9,Advanced materials,Передовые материалы,solid-state battery electrolytes,твердотельные электролиты для аккумуляторов,circular manufacturing,циклического производства,solid-state battery electrolytes for circular manufacturing,твердотельные электролиты для аккумуляторов для циклического производства,en,solid-state battery electrolytes circular manufacturing,Solid State Battery Research,https://doi.org/10.1149/osf.io/ys3gn_v1,https://api.crossref.org/works/10.1149/osf.io/ys3gn_v1,https://doi.org/10.1149/osf.io/ys3gn_v1,2025-10-29,day,unknown,The Electrochemical Society,"How Can Material Optimization Enhance the Performance and Safety of Solid-State Batteries?Shreshth Duttduttshreshth08@gmail.comSpring-Ford Senior High SchoolSolid-state batteries (SSBs) represent a transformative advancement in energy storage technology, offering higher energy density, improved safety, and enhanced cycle life compared to conventional lithium-ion systems. However, widespread implementation remains limited by challenges in solid electrolyte interface stability, ionic conductivity, and scalable manufacturing. This study focuses on the experimental testing and optimization of soli",title_or_abstract_terms,,0.825,3,relevant_works_in_top_200_crossref_results,curated_application+crossref_title_abstract_term_overlap+recent_science,Crossref publication supports search-term overlap only; weak-signal status and exact application require expert review.,unavailable,,,,,,,no_relevant_result,,,,,,,,,,,,,,,,found,KBSI reveals rotating anions boost solid-state battery performance and safety,https://www.dongascience.com/en/news/80004,2026-09-21,www.dongascience.com,,,,,,technology_only_not_application,0,1,0,0,0,7.395,,,,,,,,,,1.098612,1.098612,1.098612,,0.0,1.0,,,,,,,,,,,,,,,,,1,,,,,,,,,,,1.485884,0.041605,1.0,,,,,,1,,0,1,1,1,1
pos_815b60b241c95177,1,bronze,provisional_positive,needs_human_review,2026-09-22,weak-signals-63-v2,tech_cda08c149293,Food and agriculture,Пищевые и агротехнологии,engineered microbial biostimulants,инженерные микробные биостимуляторы,smallholder farming,малых фермерских хозяйств,engineered microbial biostimulants for smallholder farming,инженерные микробные биостимуляторы для малых фермерских хозяйств,en,engineered microbial biostimulants smallholder farming,Biostimulants and Microbial Technologies for Sustainable Field Crops: From Mechanisms to Precision Deployment,https://doi.org/10.17557/tjfc.2007464,https://api.crossref.org/works/10.17557/tjfc.2007464,https://doi.org/10.17557/tjfc.2007464,2026-09-12,day,unknown,Turkish Journal of Field Crops,"Biological inputs often perform well in controlled studies yet respond inconsistently in farmers’ fields. This review examines the conditions under which microbial inoculants and non-microbial biostimulants can be deployed as reliable technologies for cereals, grain legumes, oilseeds, fibre, sugar and forage crops. Across 1,087 paired observations from 180 open-field studies, non-microbial biostimulants increased yield by 17.9% on average (95% confidence interval: 16.7-19.0%), but this mean masked variation among products, crops, soils, climates and application strategies. Rhizobia, beneficial",title_or_abstract_terms,,0.608333,6,relevant_works_in_top_200_crossref_results,curated_application+crossref_title_abstract_term_overlap+recent_science,Crossref publication supports search-term overlap only; weak-signal status and exact application require expert review.,unavailable,,,,,,,no_relevant_result,,,,,,,,,,,,,,,,found,"[Latest] Global Microbial Biostimulants Market Size/Share Worth USD 13.88 Billion by 2034 at a 10.5% CAGR: Custom Market Insights (Analysis, Outlook, Leaders, Report, Trends ...",https://uk.finance.yahoo.com/news/latest-global-microbial-biostimulants-market-073000815.html,2026-08-12,uk.finance.yahoo.com,,,,,,technology_only_not_application,0,0,0,1,0,5.722,,,,,,,,,,1.609438,-0.287682,-0.980829,,0.021739,0.0,,,,,,,,,,,,,,,,,1,,,,,,,,,,,0.0,0.0,0.666667,,,,,,0,,0,1,1,1,1
pos_3750019c47940cbe,1,bronze,provisional_positive,needs_human_review,2026-09-22,weak-signals-63-v2,tech_fe13f42274f2,Fintech,Финтех,AI agent payment authorization protocols,протоколы авторизации платежей ИИ-агентов,programmable settlement,программируемых расчётов,AI agent payment authorization protocols for programmable settlement,протоколы авторизации платежей ИИ-агентов для программируемых расчётов,en,AI agent payment authorization protocols programmable settlement,"BLOCKCHAIN IN THE AGENT ECONOMY: IDENTITY, AUTHORIZATION, AND MACHINE-TO-MACHINE SETTLEMENT",https://doi.org/10.61432/cpne0401287b,https://api.crossref.org/works/10.61432/cpne0401287b,https://doi.org/10.61432/cpne0401287b,2026-09-10,day,unknown,"Oikos Institute – Research Center, Bijeljina, Bosnia and Herzegovina","Using a conceptual research design grounded in transaction cost economics, it separates agent based payments into three functions: identity, authorization, and settlement.",same_abstract_sentence,,0.695,7,relevant_works_in_top_200_crossref_results,curated_application+crossref_title_abstract_term_overlap+recent_science,Crossref publication supports search-term overlap only; weak-signal status and exact application require expert review.,unavailable,,,,,,,no_relevant_result,,,,,,,,,,,,,,,,no_relevant_result,,,,,,,,,,,0,0,0,1,0,1.722,,,,,,,,,,2.079442,2.079442,2.079442,,0.0,0.571429,,,,,,,,,,,,,,,,,1,,,,,,,,,,,0.0,0.014898,0.428571,,,,,,1,,0,1,1,1,1
pos_4f3680446e8fa0c8,1,bronze,provisional_positive,needs_human_review,2026-09-22,weak-signals-63-v2,tech_86450e7de250,Clean energy,Энергетика и климат,thermochemical heat batteries,термохимические тепловые аккумуляторы,green hydrogen production,производства зелёного водорода,thermochemical heat batteries for green hydrogen production,термохимические тепловые аккумуляторы для производства зелёного водорода,en,thermochemical heat batteries green hydrogen production,Enhanced heat and mass transfer in a high-temperature heat pipe-based thermochemical reactor for hydrogen production,https://doi.org/10.1016/j.tca.2025.180107,https://api.crossref.org/works/10.1016/j.tca.2025.180107,https://doi.org/10.1016/j.tca.2025.180107,2025-11-01,month,unknown,Elsevier BV,Enhanced heat and mass transfer in a high-temperature heat pipe-based thermochemical reactor for hydrogen production,title_terms_only,,0.666667,4,relevant_works_in_top_200_crossref_results,curated_application+crossref_title_abstract_term_overlap+recent_science,Crossref publication supports search-term overlap only; weak-signal status and exact application require expert review.,unavailable,,,,,,,found,India inaugurates nuclear-powered hydrogen production facility,https://www.world-nuclear-news.org/articles/india-inaugurates-nuclear-powered-hydrogen-production-facility,2026-06-29,www.world-nuclear-news.org,The facility uses process heat from the Fast Breeder Test Reactor to produce hydrogen through the copper-chlorine thermochemical process developed by Indian researchers. The facility was inaugurated ...,,,,,,,,,,,no_relevant_result,,,,,,,,,,,1,0,0,0,0,2.891,,,,,,,,,,1.609438,0.693147,0.0,,0.0,0.333333,,,,,,,,,,,,,,,,,2,,,,,,,,,,,0.0,0.003472,0.0,,,,,,1,,0,1,1,1,1
pos_c43c160d4d0be50a,1,bronze,provisional_positive,needs_human_review,2026-09-22,weak-signals-63-v2,tech_96a74772ba5b,Edge AI,Edge,event-based vision sensors,событийные сенсоры машинного зрения,drone navigation,навигации беспилотников,event-based vision sensors for drone navigation,событийные сенсоры машинного зрения для навигации беспилотников,en,event-based vision sensors drone navigation,Event-Based Visual/Inertial Odometry for UAV Indoor Navigation,https://doi.org/10.3390/s25010061,https://api.crossref.org/works/10.3390/s25010061,https://doi.org/10.3390/s25010061,2024-12-25,day,unknown,MDPI AG,"Recently, new sensors have emerged, namely event cameras, which show great potential for indoor navigation due to their high dynamic range and low latency.",same_abstract_sentence,,0.608333,4,relevant_works_in_top_200_crossref_results,curated_application+crossref_title_abstract_term_overlap+recent_science,Crossref publication supports search-term overlap only; weak-signal status and exact application require expert review.,unavailable,,,,,,,no_relevant_result,,,,,,,,,,,,,,,,found,Event-Based Cameras: Why Machine Vision Is Moving Beyond Frames,https://www.azosensors.com/article.aspx?ArticleID=3364,2026-09-09,www.azosensors.com,,,,,,technology_only_not_application,0,0,0,1,0,5.722,,,,,,,,,,0.693147,0.693147,2.079442,,1.238095,0.0,,,,,,,,,,,,,,,,,1,,,,,,,,,,,0.0,0.00463,0.75,,,,,,0,,0,1,1,1,1
pos_544a56e9df749981,1,bronze,provisional_positive,needs_human_review,2026-09-22,weak-signals-63-v2,tech_ef41e16678ef,Biotechnology,Биотехнологии и медицина,programmable epigenome editing,программируемое редактирование эпигенома,precision diagnostics,точной диагностики,programmable epigenome editing for precision diagnostics,программируемое редактирование эпигенома для точной диагностики,en,programmable epigenome editing precision diagnostics,CRISPR-Cas9 Technology for Epigenome Editing in Precision Medicine,https://doi.org/10.4018/979-8-3373-4857-5.ch009,https://api.crossref.org/works/10.4018/979-8-3373-4857-5.ch009,https://doi.org/10.4018/979-8-3373-4857-5.ch009,2026-01-07,day,unknown,IGI Global Scientific Publishing,"CRISPR–Cas9, originally derived from a bacterial adaptive immune system, has rapidly evolved into a transformative platform for genome and epigenome engineering with broad applications in biology and precision medicine.",same_abstract_sentence,,0.825,6,relevant_works_in_top_200_crossref_results,curated_application+crossref_title_abstract_term_overlap+recent_science,Crossref publication supports search-term overlap only; weak-signal status and exact application require expert review.,unavailable,,,,,,,no_relevant_result,,,,,,,,,,,,,,,,found,Omega Therapeutics Stock: Pioneering RNA Editing in Biotech Precision Medicine Landscape,https://www.ad-hoc-news.de/boerse/news/ueberblick/omega-therapeutics-stock-pioneering-rna-editing-in-biotech-precision/69007485,2026-03-27,www.ad-hoc-news.de,,Epitome Therapeutics Raises €4 Million To Advance Epigenome Editing Platform,https://pulse2.com/epitome-therapeutics-raises-e4-million-to-advance-epigenome-editing-platform/,2026-07-06,€4 M,technology_only_not_application,0,0,0,1,0,8.142,,,,,,,,,,1.609438,1.609438,2.302585,,0.0,0.0,,,,,,,,,,,,,,,,,1,,,,,,,,,,,0.832639,0.0,0.166667,,,,,,1,,0,1,1,1,1
pos_ff10af07c7cec7d4,1,bronze,provisional_positive,needs_human_review,2026-09-22,weak-signals-63-v2,tech_ca6c013b1e26,AI security,Защита ИИ,AI model provenance and software bills of materials,провенанс моделей ИИ и ведомости компонентов,defense systems,оборонных систем,AI model provenance and software bills of materials for defense systems,провенанс моделей ИИ и ведомости компонентов для оборонных систем,en,AI model provenance and software bills of materials defense systems,Securing the AI Supply Chain: A Framework for AI Software Bills of Materials and Model Provenance Assurance,https://doi.org/10.14738/tmlai.1401.19884,https://api.crossref.org/works/10.14738/tmlai.1401.19884,https://doi.org/10.14738/tmlai.1401.19884,2026-01-25,day,unknown,Scholar Publishing,"The proliferation of artificial intelligence (AI) systems has exposed critical vulnerabilities in their supply chains, encompassing models, datasets, training pipelines, and dependencies, which introduce risks such as data poisoning, model theft, and adversarial attacks.",same_abstract_sentence,,0.825,10,relevant_works_in_top_200_crossref_results,curated_application+crossref_title_abstract_term_overlap+recent_science,Crossref publication supports search-term overlap only; weak-signal status and exact application require expert review.,unavailable,,,,,,,no_relevant_result,,,,,,,,,,,,,,,,no_relevant_result,,,,,,,,,,,0,0,0,1,0,0.723,,,,,,,,,,2.397895,2.397895,2.397895,,0.0,0.7,,,,,,,,,,,,,,,,,1,,,,,,,,,,,0.0,0.020571,0.2,,,,,,1,,0,1,1,1,1
pos_7039ea960b05b89a,1,bronze,provisional_positive,needs_human_review,2026-09-22,weak-signals-63-v2,tech_2821e567cd98,Industrial AI,Индустриальный ИИ,reinforcement learning on industrial controllers,обучение с подкреплением на промышленных контроллерах,pharmaceutical manufacturing,фармацевтического производства,reinforcement learning on industrial controllers for pharmaceutical manufacturing,обучение с подкреплением на промышленных контроллерах для фармацевтического производства,en,reinforcement learning on industrial controllers pharmaceutical manufacturing,Improving the PID Controllers of Roll-to-Roll Processes using Reinforcement Learning,https://doi.org/10.5753/eniac.2024.245136,https://api.crossref.org/works/10.5753/eniac.2024.245136,https://doi.org/10.5753/eniac.2024.245136,2024-11-17,day,unknown,Sociedade Brasileira de Computação - SBC,"Approximately 90% of control loops in industrial systems utilize Proportional Integral Derivative (PID) controllers, which are essential for ensuring product quality in roll-to-roll (R2R) manufacturing processes.",same_abstract_sentence,,0.825,11,relevant_works_in_top_200_crossref_results,curated_application+crossref_title_abstract_term_overlap+recent_science,Crossref publication supports search-term overlap only; weak-signal status and exact application require expert review.,unavailable,,,,,,,no_relevant_result,,,,,,,,,,,,,,,,found,“Reinforcement Learning” Fuels the Rise of Adaptive Controllers (Download),https://www.electronicdesign.com/technologies/industrial/document/55361687/reinforcement-learning-fuels-the-rise-of-adaptive-controllers-download,2026-03-03,www.electronicdesign.com,,,,,,technology_only_not_application,0,0,0,1,0,1.845,,,,,,,,,,2.484907,2.484907,2.484907,,0.0,0.363636,,,,,,,,,,,,,,,,,1,,,,,,,,,,,1.309472,0.037538,1.0,,,,,,1,,0,1,1,1,1
pos_b11d0ed034457ee6,1,bronze,provisional_positive,needs_human_review,2026-09-22,weak-signals-63-v2,tech_04c7297ffefe,AI infrastructure,Инфраструктура ИИ,analog in-memory computing,аналоговые вычисления в памяти,low-energy AI data centers,энергоэффективных центров обработки данных ИИ,analog in-memory computing for low-energy AI data centers,аналоговые вычисления в памяти для энергоэффективных центров обработки данных ИИ,en,analog in-memory computing low-energy AI data centers,Prospects of analog in-memory computing using ferroelectric tunnel junctions,https://doi.org/10.1088/2634-4386/add0d9,https://api.crossref.org/works/10.1088/2634-4386/add0d9,https://doi.org/10.1088/2634-4386/add0d9,2025-05-06,day,unknown,IOP Publishing,"Abstract Artificial intelligence (AI) is set to disrupt the way businesses and civil society operate, but the large energy usage for training and running AI compute models remains a pressing concern in terms of its sustainability. Analog in-memory computing (AIMC) hardware based on memristor devices is a promising route to significant energy-savings. Among the various memristor technologies, ferroelectric tunnel junctions (FTJs) hold considerable promise for large scale AIMC. Their performance prospects remain to be fully assessed; therefore, we here evaluate the viability of FTJ memristors as",title_or_abstract_terms,,0.825,6,relevant_works_in_top_200_crossref_results,curated_application+crossref_title_abstract_term_overlap+recent_science,Crossref publication supports search-term overlap only; weak-signal status and exact application require expert review.,unavailable,,,,,,,no_relevant_result,,,,,,,,,,,,,,,,found,A method to create fault-tolerant analog in-memory computing systems,https://www.msn.com/en-us/news/technology/a-method-to-create-fault-tolerant-analog-in-memory-computing-systems/ar-AA27NF3m,2026-07-13,www.msn.com,https://news.ucsc.edu/2026/09/cybersecurity-compute-in-memory/,,,,,technology_only_not_application,0,0,0,1,0,2.193,,,,,,,,,,1.94591,1.098612,0.405465,,0.095238,0.6,,,,,,,,,,,,,,,,,1,,,,,,,,,,,0.696864,0.021603,0.833333,,,,,,1,,0,1,1,1,1
pos_5bd73ea2a1972a4d,1,bronze,provisional_positive,needs_human_review,2026-09-22,weak-signals-63-v2,tech_b3c29b1ce239,Quantum technology,Квантовые технологии,neutral-atom quantum processors,квантовые процессоры на нейтральных атомах,geophysical exploration,геофизической разведки,neutral-atom quantum processors for geophysical exploration,квантовые процессоры на нейтральных атомах для геофизической разведки,en,neutral-atom quantum processors geophysical exploration,Solving Maximum-Cut problem using Neutral atom quantum computer,https://doi.org/10.15862/83mnnpk25.40,https://api.crossref.org/works/10.15862/83mnnpk25.40,https://doi.org/10.15862/83mnnpk25.40,2025-01-01,year,unknown,"Publishing company «World of science», LLC","We explore two algorithmic pathways: first, a quantum algorithm based on quantum phase estimation and a modified Grover's search for solution space exploration, which was numerically simulated using the Qiskit library.",same_abstract_sentence,,0.608333,2,relevant_works_in_top_200_crossref_results,curated_application+crossref_title_abstract_term_overlap+recent_science,Crossref publication supports search-term overlap only; weak-signal status and exact application require expert review.,unavailable,,,,,,,no_relevant_result,,,,,,,,,,,,,,,,found,"Fast, continuous, and coherent atom reloading in a neutral-atom qubit array",https://www.science.org/doi/10.1126/science.adz9952,2026-09-16,www.science.org,,,,,,technology_only_not_application,1,0,0,0,0,4.66,,,,,,,,,,0.693147,0.693147,1.386294,,0.0,0.0,,,,,,,,,,,,,,,,,1,,,,,,,,,,,0.0,0.061151,0.0,,,,,,0,,0,1,1,1,1
pos_28a3ebf61fc85639,1,bronze,provisional_positive,needs_human_review,2026-09-22,weak-signals-63-v2,tech_a3e80da2a70e,Space and ocean,Космос и океан,autonomous underwater sensor networks,автономные подводные сенсорные сети,disaster response,реагирования на стихийные бедствия,autonomous underwater sensor networks for disaster response,автономные подводные сенсорные сети для реагирования на стихийные бедствия,en,autonomous underwater sensor networks disaster response,Scalable Data Management Techniques for Large-Scale Underwater Wireless Sensor Networks (UWSNs),https://doi.org/10.21203/rs.3.rs-10510538/v1,https://api.crossref.org/works/10.21203/rs.3.rs-10510538/v1,https://doi.org/10.21203/rs.3.rs-10510538/v1,2026-08-20,day,unknown,Springer Science and Business Media LLC,Abstract Underwater Wireless Sensor Networks have a part in environmental monitoring and disaster management in the oceans and exploration of off-shore areas.,same_abstract_sentence,,0.6625,5,relevant_works_in_top_200_crossref_results,curated_application+crossref_title_abstract_term_overlap+recent_science,Crossref publication supports search-term overlap only; weak-signal status and exact application require expert review.,unavailable,,,,,,,no_relevant_result,,,,,,,,,,,,,,,,found,"Nauticus Robotics, Inc. and Strangeworks Collaborate on AI-Optimized Deployment of Undersea Fiber-Optic Sensing Networks",https://www.morningstar.com/news/pr-newswire/20260804da18576/nauticus-robotics-inc-and-strangeworks-collaborate-on-ai-optimized-deployment-of-undersea-fiber-optic-sensing-networks,2026-08-04,www.morningstar.com,,,,,,technology_only_not_application,1,0,0,0,0,4.43,,,,,,,,,,1.386294,0.693147,0.693147,,0.0,0.666667,,,,,,,,,,,,,,,,,1,,,,,,,,,,,0.0,0.042536,1.0,,,,,,1,,0,1,1,1,1
pos_53d434b37cd33111,1,bronze,provisional_positive,needs_human_review,2026-09-22,weak-signals-63-v2,tech_3eeb530de6d6,Advanced materials,Передовые материалы,programmable mechanical metamaterials,программируемые механические метаматериалы,wearable electronics,носимой электроники,programmable mechanical metamaterials for wearable electronics,программируемые механические метаматериалы для носимой электроники,en,programmable mechanical metamaterials wearable electronics,Programmable Reconfiguration of Hybrid 4D Chiral Metamaterials via Mechanical and Thermal Stimuli,https://doi.org/10.1002/adem.202501419,https://api.crossref.org/works/10.1002/adem.202501419,https://doi.org/10.1002/adem.202501419,2025-09-07,day,unknown,Wiley,"Mechanical metamaterials with programmable reconfiguration ability are essential for applications such as adaptive sensors, actuators, and smart wearable systems.",same_abstract_sentence,,0.825,6,relevant_works_in_top_200_crossref_results,curated_application+crossref_title_abstract_term_overlap+recent_science,Crossref publication supports search-term overlap only; weak-signal status and exact application require expert review.,unavailable,,,,,,,no_relevant_result,,,,,,,,,,,,,,,,found,"Nanomaterials Transformed by Engineering Shape, Not Chemistry",https://www.azonano.com/news.aspx?newsID=41618,2026-01-23,www.azonano.com,,,,,,technology_only_not_application,0,1,0,0,0,6.034,,,,,,,,,,1.386294,-0.405465,-0.405465,,0.0,0.0,,,,,,,,,,,,,,,,,1,,,,,,,,,,,0.0,0.005753,0.166667,,,,,,0,,0,1,1,1,1
pos_2c20a252b2aea254,1,bronze,provisional_positive,needs_human_review,2026-09-22,weak-signals-63-v2,tech_cda08c149293,Food and agriculture,Пищевые и агротехнологии,engineered microbial biostimulants,инженерные микробные биостимуляторы,vertical farming,вертикального земледелия,engineered microbial biostimulants for vertical farming,инженерные микробные биостимуляторы для вертикального земледелия,en,engineered microbial biostimulants vertical farming,Biostimulants and Microbial Technologies for Sustainable Field Crops: From Mechanisms to Precision Deployment,https://doi.org/10.17557/tjfc.2007464,https://api.crossref.org/works/10.17557/tjfc.2007464,https://doi.org/10.17557/tjfc.2007464,2026-09-12,day,unknown,Turkish Journal of Field Crops,"Biological inputs often perform well in controlled studies yet respond inconsistently in farmers’ fields. This review examines the conditions under which microbial inoculants and non-microbial biostimulants can be deployed as reliable technologies for cereals, grain legumes, oilseeds, fibre, sugar and forage crops. Across 1,087 paired observations from 180 open-field studies, non-microbial biostimulants increased yield by 17.9% on average (95% confidence interval: 16.7-19.0%), but this mean masked variation among products, crops, soils, climates and application strategies. Rhizobia, beneficial",title_or_abstract_terms,,0.608333,6,relevant_works_in_top_200_crossref_results,curated_application+crossref_title_abstract_term_overlap+recent_science,Crossref publication supports search-term overlap only; weak-signal status and exact application require expert review.,unavailable,,,,,,,no_relevant_result,,,,,,,,,,,,,,,,found,"[Latest] Global Microbial Biostimulants Market Size/Share Worth USD 13.88 Billion by 2034 at a 10.5% CAGR: Custom Market Insights (Analysis, Outlook, Leaders, Report, Trends ...",https://uk.finance.yahoo.com/news/latest-global-microbial-biostimulants-market-073000815.html,2026-08-12,uk.finance.yahoo.com,,,,,,technology_only_not_application,0,0,0,1,0,5.722,,,,,,,,,,1.609438,-0.287682,-0.980829,,0.021739,0.0,,,,,,,,,,,,,,,,,1,,,,,,,,,,,0.0,0.0,0.666667,,,,,,0,,0,1,1,1,1
pos_9735f4e98d0ba04a,1,bronze,provisional_positive,needs_human_review,2026-09-22,weak-signals-63-v2,tech_fe13f42274f2,Fintech,Финтех,AI agent payment authorization protocols,протоколы авторизации платежей ИИ-агентов,trade finance,торгового финансирования,AI agent payment authorization protocols for trade finance,протоколы авторизации платежей ИИ-агентов для торгового финансирования,en,AI agent payment authorization protocols trade finance,FADP: A Sovereignty-Native Payment Protocol for Autonomous Agent Transactions,https://doi.org/10.33774/coe-2026-mchtz,https://api.crossref.org/works/10.33774/coe-2026-mchtz,https://doi.org/10.33774/coe-2026-mchtz,2026-06-05,day,unknown,Cambridge University Press (CUP),"Autonomous AI agents — software systems that independently execute tasks, trade digital assets, and consume services — require machine-native payment infrastructure with formal cryptographic guarantees.",same_abstract_sentence,,0.695,4,relevant_works_in_top_200_crossref_results,curated_application+crossref_title_abstract_term_overlap+recent_science,Crossref publication supports search-term overlap only; weak-signal status and exact application require expert review.,unavailable,,,,,,,no_relevant_result,,,,,,,,,,,,,,,,no_relevant_result,,,,,,,,,,,0,0,0,1,0,1.722,,,,,,,,,,1.609438,1.609438,1.609438,,0.0,0.75,,,,,,,,,,,,,,,,,1,,,,,,,,,,,0.0,0.018779,0.25,,,,,,1,,0,1,1,1,1
pos_5e0eabbd98e3b931,1,bronze,provisional_positive,needs_human_review,2026-09-22,weak-signals-63-v2,tech_86450e7de250,Clean energy,Энергетика и климат,thermochemical heat batteries,термохимические тепловые аккумуляторы,green steel production,производства зелёной стали,thermochemical heat batteries for green steel production,термохимические тепловые аккумуляторы для производства зелёной стали,en,thermochemical heat batteries green steel production,Analysis of Energy Requirements in Thermochemical Heat Treatment Using the Example of Gas Nitriding,https://doi.org/10.1515/htm-2024-0033,https://api.crossref.org/works/10.1515/htm-2024-0033,https://doi.org/10.1515/htm-2024-0033,2025-02-20,day,unknown,Walter de Gruyter GmbH,"Abstract In recent years, the metal processing industry has undergone a massive rethinking in terms of energy use. With the phase-out of nuclear energy, Germany wants to take responsibility and embark on a more sustainable path to green electricity. Not only due to the discontinuation of fast-available nuclear energy, but also due to the increasing demand for electrical energy and the geopolitical situation, the costs for production are continuously rising. Furthermore, the use of fossil fuels has come under criticism in the face of current climate policy discussions, and the procurement of fo",title_or_abstract_terms,,0.666667,1,relevant_works_in_top_200_crossref_results,curated_application+crossref_title_abstract_term_overlap+recent_science,Crossref publication supports search-term overlap only; weak-signal status and exact application require expert review.,unavailable,,,,,,,no_relevant_result,,,,,,,,,,,,,,,,no_relevant_result,,,,,,,,,,,1,0,0,0,0,1.585,,,,,,,,,,0.693147,0.693147,0.693147,,0.0,0.0,,,,,,,,,,,,,,,,,1,,,,,,,,,,,0.0,0.0,0.0,,,,,,0,,0,1,1,1,1
pos_cd2e7797a8c6df2c,1,bronze,provisional_positive,needs_human_review,2026-09-22,weak-signals-63-v2,tech_44b6494eee17,Edge AI,Edge,adaptive edge-to-cloud inference routing,адаптивная маршрутизация инференса между устройством и облаком,industrial predictive maintenance,предиктивного обслуживания оборудования,adaptive edge-to-cloud inference routing for industrial predictive maintenance,адаптивная маршрутизация инференса между устройством и облаком для предиктивного обслуживания оборудования,en,adaptive edge-to-cloud inference routing industrial predictive maintenance,A Cloud-Edge Digital Twin Architecture for Adaptive Battery Health Management in Sustainable Transport Systems,https://doi.org/10.20944/preprints202601.1217.v1,https://api.crossref.org/works/10.20944/preprints202601.1217.v1,https://doi.org/10.20944/preprints202601.1217.v1,2026-01-16,day,unknown,MDPI AG,"This adaptive digital twin supports predictive maintenance, real-time health monitoring, and optimized battery utilization, aligning with smart manufacturing and sustainable energy system goals by extending operational life and improving reliability in EV applications.",same_abstract_sentence,,0.558333,1,relevant_works_in_top_200_crossref_results,curated_application+crossref_title_abstract_term_overlap+recent_science,Crossref publication supports search-term overlap only; weak-signal status and exact application require expert review.,unavailable,,,,,,,no_relevant_result,,,,,,,,,,,,,,,,no_relevant_result,,,,,,,,,,,0,0,0,1,0,0.682,,,,,,,,,,0.693147,0.693147,0.693147,,0.125,1.0,,,,,,,,,,,,,,,,,1,,,,,,,,,,,0.0,0.067568,1.0,,,,,,0,,0,1,1,1,1
pos_857e78e19c20a8b1,1,bronze,provisional_positive,needs_human_review,2026-09-22,weak-signals-63-v2,tech_7b169bfa3cf0,Biotechnology,Биотехнологии и медицина,federated learning across clinical institutions,федеративное обучение между клиническими учреждениями,tissue regeneration,регенерации тканей,federated learning across clinical institutions for tissue regeneration,федеративное обучение между клиническими учреждениями для регенерации тканей,en,federated learning across clinical institutions tissue regeneration,Federated radiomics analysis of preoperative MRI across institutions: toward integrated glioma segmentation and molecular subtyping,https://doi.org/10.3389/fradi.2025.1648145,https://api.crossref.org/works/10.3389/fradi.2025.1648145,https://doi.org/10.3389/fradi.2025.1648145,2025-11-10,day,unknown,Frontiers Media SA,"These findings suggest significant potential for clinical deployment, especially in scenarios where invasive tissue sampling is impractical or risky.",same_abstract_sentence,,0.825,1,relevant_works_in_top_200_crossref_results,curated_application+crossref_title_abstract_term_overlap+recent_science,Crossref publication supports search-term overlap only; weak-signal status and exact application require expert review.,unavailable,,,,,,,no_relevant_result,,,,,,,,,,,,,,,,no_relevant_result,,,,,,,,,,,0,0,0,1,0,0.865,,,,,,,,,,0.693147,0.693147,0.693147,,0.0,0.0,,,,,,,,,,,,,,,,,1,,,,,,,,,,,0.0,0.063636,0.0,,,,,,0,,0,1,1,1,1
pos_3ae595cc72f7abc5,1,bronze,provisional_positive,needs_human_review,2026-09-22,weak-signals-63-v2,tech_914ccf8d83e7,AI security,Защита ИИ,memory poisoning defense for AI agents,защита памяти ИИ-агентов от отравления,government service agents,агентов государственных сервисов,memory poisoning defense for AI agents for government service agents,защита памяти ИИ-агентов от отравления для агентов государственных сервисов,en,memory poisoning defense for AI agents government service agents,Policy-Constrained Runtime Defense for Tool-Using AI Agents in Enterprise API Ecosystems,https://doi.org/10.63412/ss28se48,https://api.crossref.org/works/10.63412/ss28se48,https://doi.org/10.63412/ss28se48,2026-09-01,day,unknown,The New World Foundation,"Tool-using AI agents can invoke internal APIs, retrieve documents, update records, and coordinate enterprise workflows.",same_abstract_sentence,,0.753333,2,relevant_works_in_top_200_crossref_results,curated_application+crossref_title_abstract_term_overlap+recent_science,Crossref publication supports search-term overlap only; weak-signal status and exact application require expert review.,unavailable,,,,,,,no_relevant_result,,,,,,,,,,,,,,,,found,The memory problem holding back AI security agents,https://www.computing.co.uk/feature/2026/the-memory-problem-holding-back-ai-security-agents,2026-07-08,www.computing.co.uk,,,,,,technology_only_not_application,1,0,0,0,0,0.723,,,,,,,,,,1.098612,1.098612,1.098612,,0.0,0.5,,,,,,,,,,,,,,,,,1,,,,,,,,,,,0.0,0.004016,1.0,,,,,,1,,0,1,1,1,1
pos_de89eb861f86b0dd,1,bronze,provisional_positive,needs_human_review,2026-09-22,weak-signals-63-v2,tech_48b6f21c07ca,Industrial AI,Индустриальный ИИ,compiler-verified language model generated PLC code,генерация кода ПЛК языковыми моделями с проверкой компилятором,chemical process plants,химических производств,compiler-verified language model generated PLC code for chemical process plants,генерация кода ПЛК языковыми моделями с проверкой компилятором для химических производств,en,compiler-verified language model generated PLC code chemical process plants,PROBE: An Executable Physics-Validation Benchmark for LLM-Generated Process Model Code,https://doi.org/10.26434/chemrxiv.15007535/v1,https://api.crossref.org/works/10.26434/chemrxiv.15007535/v1,https://doi.org/10.26434/chemrxiv.15007535/v1,2026-08-17,day,unknown,American Chemical Society (ACS),"Large language models (LLMs) are increasingly proposed as assistants for chemical process modeling, yet existing benchmarks grade them with LLM judges, which are lenient and not reproducible.",same_abstract_sentence,,0.666667,1,relevant_works_in_top_200_crossref_results,curated_application+crossref_title_abstract_term_overlap+recent_science,Crossref publication supports search-term overlap only; weak-signal status and exact application require expert review.,unavailable,,,,,,,no_relevant_result,,,,,,,,,,,,,,,,no_relevant_result,,,,,,,,,,,0,0,1,0,0,0.099,,,,,,,,,,0.693147,0.693147,0.693147,,0.0,1.0,,,,,,,,,,,,,,,,,1,,,,,,,,,,,0.0,0.016791,1.0,,,,,,0,,0,1,1,1,1
pos_783b879226b67c00,1,bronze,provisional_positive,needs_human_review,2026-09-22,weak-signals-63-v2,tech_91dbb677cb4a,AI infrastructure,Инфраструктура ИИ,photonic neural accelerators,фотонные нейросетевые ускорители,distributed model serving,распределённого обслуживания моделей,photonic neural accelerators for distributed model serving,фотонные нейросетевые ускорители для распределённого обслуживания моделей,en,photonic neural accelerators distributed model serving,Parameter inversion for rural road fiber health monitoring based on one-dimensional photonic crystal microcavities and BP neural networks,https://doi.org/10.1117/12.3125662,https://api.crossref.org/works/10.1117/12.3125662,https://doi.org/10.1117/12.3125662,2026-09-21,day,unknown,SPIE,"Rural roads are widely distributed and maintenance funds are limited, creating an urgent need for low-cost health monitoring technologies. This paper proposes a parameter inversion method based on a one-dimensional photonic crystal microcavity and a BP neural network, utilizing band structure data to achieve rapid prediction of the period length. Band structure data for 550 sets of different period lengths were generated via MPB software simulation, and 180-dimensional features were extracted as input. A 180-9-1 BP neural network was designed and trained using the Levenberg-Marquardt algorithm",title_or_abstract_terms,,0.666667,1,relevant_works_in_top_200_crossref_results,curated_application+crossref_title_abstract_term_overlap+recent_science,Crossref publication supports search-term overlap only; weak-signal status and exact application require expert review.,unavailable,,,,,,,no_relevant_result,,,,,,,,,,,,,,,,found,Photonic Neural Network Architectures for Energy-Efficient Computing,https://www.nature.com/nature-index/topics/l4/photonic-neural-network-architectures-for-energy-efficient-computing,2026-04-30,www.nature.com,,,,,,technology_only_not_application,0,0,0,1,0,0.003,,,,,,,,,,0.693147,0.693147,0.693147,,0.0,0.0,,,,,,,,,,,,,,,,,1,,,,,,,,,,,0.0,0.04375,0.0,,,,,,0,,0,1,1,1,1
pos_3f077d20e4e7aeba,1,bronze,provisional_positive,needs_human_review,2026-09-22,weak-signals-63-v2,tech_dca0e2cee355,Quantum technology,Квантовые технологии,integrated photonic quantum processors,интегральные фотонные квантовые процессоры,geophysical exploration,геофизической разведки,integrated photonic quantum processors for geophysical exploration,интегральные фотонные квантовые процессоры для геофизической разведки,en,integrated photonic quantum processors geophysical exploration,Forecasting the future: From quantum chips to neuromorphic engineering and bio-integrated processors,https://doi.org/10.70593/978-93-49910-47-8_12,https://api.crossref.org/works/10.70593/978-93-49910-47-8_12,https://doi.org/10.70593/978-93-49910-47-8_12,2025-05-07,day,unknown,Deep Science Publishing,"Computing is at the forefront of advances in human civilization and technology. Alongside communication, it is a critical technology that often drives improvements in many other scientific fields. Over the last 60 years, computing has achieved unprecedented advances attributed to scaling laws predicted by Moore’s law, whereby the number of components on a chip doubles every two years, and Dennard’s voltage scaling, whereby the voltage of components is also halved. However, continuous similar advances are no longer necessarily guaranteed, leading to the potential emergence of the so-called ‘Bey",title_or_abstract_terms,,0.5,1,relevant_works_in_top_200_crossref_results,curated_application+crossref_title_abstract_term_overlap+recent_science,Crossref publication supports search-term overlap only; weak-signal status and exact application require expert review.,unavailable,,,,,,,no_relevant_result,,,,,,,,,,,,,,,,found,Neutral-atom quantum processors get chip-scale photonic link: Osaka hits 10 channels,https://www.msn.com/en-us/technology/quantum-computing/neutral-atom-quantum-processors-get-chip-scale-photonic-link-osaka-hits-10-channels/ar-AA2blWPz,2026-09-01,www.msn.com,,,,,,technology_only_not_application,1,0,0,0,0,1.377,,,,,,,,,,0.693147,0.693147,0.693147,,0.0,0.0,,,,,,,,,,,,,,,,,1,,,,,,,,,,,5.555556,0.044444,0.0,,,,,,0,,0,1,1,1,1
pos_fb1f49de4616c3a0,1,bronze,provisional_positive,needs_human_review,2026-09-22,weak-signals-63-v2,tech_a3e80da2a70e,Space and ocean,Космос и океан,autonomous underwater sensor networks,автономные подводные сенсорные сети,mineral exploration,разведки полезных ископаемых,autonomous underwater sensor networks for mineral exploration,автономные подводные сенсорные сети для разведки полезных ископаемых,en,autonomous underwater sensor networks mineral exploration,Scalable Data Management Techniques for Large-Scale Underwater Wireless Sensor Networks (UWSNs),https://doi.org/10.21203/rs.3.rs-10510538/v1,https://api.crossref.org/works/10.21203/rs.3.rs-10510538/v1,https://doi.org/10.21203/rs.3.rs-10510538/v1,2026-08-20,day,unknown,Springer Science and Business Media LLC,Abstract Underwater Wireless Sensor Networks have a part in environmental monitoring and disaster management in the oceans and exploration of off-shore areas.,same_abstract_sentence,,0.6625,7,relevant_works_in_top_200_crossref_results,curated_application+crossref_title_abstract_term_overlap+recent_science,Crossref publication supports search-term overlap only; weak-signal status and exact application require expert review.,unavailable,,,,,,,found,"Eco Minerals, Inc.: Eco Minerals Announces Procurement of Kongsberg HUGIN Superior Autonomous Underwater Vehicle",https://www.finanznachrichten.de/nachrichten-2026-08/69264041-eco-minerals-inc-eco-minerals-announces-procurement-of-kongsberg-hugin-superior-autonomous-underwater-vehicle-200.htm,2026-08-10,www.finanznachrichten.de,"Acquisition of 6,000m-rated HUGIN Superior AUV expands deep-ocean survey capabilities and supports critical mineral exploration initiatives Investment reinforces the Company's position as a leading ...",,,,,,,,,,,found,"Nauticus Robotics, Inc. and Strangeworks Collaborate on AI-Optimized Deployment of Undersea Fiber-Optic Sensing Networks",https://www.morningstar.com/news/pr-newswire/20260804da18576/nauticus-robotics-inc-and-strangeworks-collaborate-on-ai-optimized-deployment-of-undersea-fiber-optic-sensing-networks,2026-08-04,www.morningstar.com,,,,,,technology_only_not_application,0,0,0,1,0,7.288,,,,,,,,,,1.386294,-0.287682,-1.673976,,0.0,1.0,,,,,,,,,,,,,,,,,2,,,,,,,,,,,0.0,0.025174,1.0,,,,,,0,,0,1,1,1,1
pos_b5cce33660287901,1,bronze,provisional_positive,needs_human_review,2026-09-22,weak-signals-63-v2,tech_36ac1cd33281,Advanced materials,Передовые материалы,two-dimensional semiconductor devices,устройства на двумерных полупроводниках,aerospace structures,аэрокосмических конструкций,two-dimensional semiconductor devices for aerospace structures,устройства на двумерных полупроводниках для аэрокосмических конструкций,en,two-dimensional semiconductor devices aerospace structures,A review of research on Two-Dimensional semiconductor materials,https://doi.org/10.54254/2977-3903/2025.23985,https://api.crossref.org/works/10.54254/2977-3903/2025.23985,https://doi.org/10.54254/2977-3903/2025.23985,2025-06-10,day,unknown,EWA Publishing,"Since their emergence, Two-Dimensional (2D) materials have garnered significant attention due to their unique crystal structures and electronic properties, which offer distinct advantages for various applications.",same_abstract_sentence,,0.825,7,relevant_works_in_top_200_crossref_results,curated_application+crossref_title_abstract_term_overlap+recent_science,Crossref publication supports search-term overlap only; weak-signal status and exact application require expert review.,unavailable,,,,,,,no_relevant_result,,,,,,,,,,,,,,,,found,IISER scientists develop ultra-thin electronic devices using novel 2D semiconductor,https://www.hindustantimes.com/cities/pune-news/iiser-scientists-develop-ultra-thin-electronic-devices-using-novel-2d-semiconductor-101771527761115.html,2026-02-19,www.hindustantimes.com,,,,,,technology_only_not_application,1,0,0,0,0,4.23,,,,,,,,,,1.94591,1.098612,1.098612,,0.0,0.0,,,,,,,,,,,,,,,,,1,,,,,,,,,,,0.0,0.014252,0.142857,,,,,,1,,0,1,1,1,1
pos_d21366435d483efb,1,bronze,provisional_positive,needs_human_review,2026-09-22,weak-signals-63-v2,tech_5d4cec363302,Food and agriculture,Пищевые и агротехнологии,plant bioelectronic interfaces,биоэлектронные интерфейсы растений,sustainable aquaculture,устойчивой аквакультуры,plant bioelectronic interfaces for sustainable aquaculture,биоэлектронные интерфейсы растений для устойчивой аквакультуры,en,plant bioelectronic interfaces sustainable aquaculture,Biofabrication Strategies for Biodegradable Piezoelectric Interfaces Toward Bioelectronic Systems,https://doi.org/10.1002/admt.71287,https://api.crossref.org/works/10.1002/admt.71287,https://doi.org/10.1002/admt.71287,2026-08-31,day,unknown,Wiley,"ABSTRACT Piezoelectricity enabled direct interconversion of mechanical and electrical signals underpin a broad range of biomedical and electronic technologies. However, state‐of‐the‐art ceramic and fluoropolymer piezoelectrics remain fundamentally mismatched with biological systems due to mechanical rigidity, toxicity, limited degradability, and regulatory constraints. In contrast, biodegradable and bio‐derived piezoelectric materials offer intrinsic electromechanical activity combined with mechanical compliance, biocompatibility, and environmental sustainability. Recent advances reveal that m",title_or_abstract_terms,,0.608333,2,relevant_works_in_top_200_crossref_results,curated_application+crossref_title_abstract_term_overlap+recent_science,Crossref publication supports search-term overlap only; weak-signal status and exact application require expert review.,unavailable,,,,,,,no_relevant_result,,,,,,,,,,,,,,,,found,'Drop-printing' shows potential for constructing bioelectronic interfaces that conform to complex surfaces,https://www.msn.com/en-us/health/other/drop-printing-shows-potential-for-constructing-bioelectronic-interfaces-that-conform-to-complex-surfaces/ar-AA1MUPek,2025-09-19,www.msn.com,,,,,,technology_only_not_application,1,0,0,0,0,0.203,,,,,,,,,,1.098612,1.098612,1.098612,,1.0,0.0,,,,,,,,,,,,,,,,,1,,,,,,,,,,,2.336449,0.004673,0.5,,,,,,1,,0,1,1,1,1
pos_9dbd3eddde968ead,1,bronze,provisional_positive,needs_human_review,2026-09-22,weak-signals-63-v2,tech_fe13f42274f2,Fintech,Финтех,AI agent payment authorization protocols,протоколы авторизации платежей ИИ-агентов,emerging market financial inclusion,финансовой доступности на развивающихся рынках,AI agent payment authorization protocols for emerging market financial inclusion,протоколы авторизации платежей ИИ-агентов для финансовой доступности на развивающихся рынках,en,AI agent payment authorization protocols emerging market financial inclusion,Purpose-Built Payment Infrastructure for Autonomous AI Agents,https://doi.org/10.2139/ssrn.6265040,https://api.crossref.org/works/10.2139/ssrn.6265040,https://doi.org/10.2139/ssrn.6265040,2026-01-01,year,unknown,Elsevier BV,"Artificial intelligence agents are emerging as autonomous economic actors capable of initiating, negotiating, and settling financial transactions without human intervention, yet the payment infrastructure they require does not exist in adequate form.",same_abstract_sentence,,0.695,3,relevant_works_in_top_200_crossref_results,curated_application+crossref_title_abstract_term_overlap+recent_science,Crossref publication supports search-term overlap only; weak-signal status and exact application require expert review.,unavailable,,,,,,,no_relevant_result,,,,,,,,,,,,,,,,no_relevant_result,,,,,,,,,,,0,0,0,1,0,0.841,,,,,,,,,,1.386294,1.386294,1.386294,,0.0,0.666667,,,,,,,,,,,,,,,,,1,,,,,,,,,,,0.0,0.024602,0.333333,,,,,,1,,0,1,1,1,1
pos_e7c79cfbbccd06c4,1,bronze,provisional_positive,needs_human_review,2026-09-22,weak-signals-63-v2,tech_9b82715fb847,Clean energy,Энергетика и климат,electrochemical direct air carbon capture,электрохимический прямой захват углерода из воздуха,zero-carbon shipping,безуглеродного судоходства,electrochemical direct air carbon capture for zero-carbon shipping,электрохимический прямой захват углерода из воздуха для безуглеродного судоходства,en,electrochemical direct air carbon capture zero-carbon shipping,In-depth direct air capture integration to achieve zero-carbon and water data center,https://doi.org/10.1016/j.ccst.2026.100615,https://api.crossref.org/works/10.1016/j.ccst.2026.100615,https://doi.org/10.1016/j.ccst.2026.100615,2026-06-01,month,unknown,Elsevier BV,In-depth direct air capture integration to achieve zero-carbon and water data center,title_terms_only,,0.565,1,relevant_works_in_top_200_crossref_results,curated_application+crossref_title_abstract_term_overlap+recent_science,Crossref publication supports search-term overlap only; weak-signal status and exact application require expert review.,unavailable,,,,,,,no_relevant_result,,,,,,,,,,,,,,,,found,How Can Direct Air Capture Scale to Deliver Real Carbon Removal for Climate Solutions,https://www.techtimes.com/articles/315533/20260403/how-can-direct-air-capture-scale-deliver-real-carbon-removal-climate-solutions.htm,2026-04-03,www.techtimes.com,https://www.buffalo.edu/undergrad-research/opportunities.host.html/content/shared/www/undergrad-research/research-opportunities/incovering-important-reactions-for-electrochemical-carbon-capture.detail.html,,,,,technology_only_not_application,1,0,0,0,0,0.309,,,,,,,,,,0.693147,0.693147,0.693147,,0.0,0.0,,,,,,,,,,,,,,,,,1,,,,,,,,,,,0.0,0.0,0.0,,,,,,0,,0,1,1,1,1
pos_1b1c987ee1c1308d,1,bronze,provisional_positive,needs_human_review,2026-09-22,weak-signals-63-v2,tech_44b6494eee17,Edge AI,Edge,adaptive edge-to-cloud inference routing,адаптивная маршрутизация инференса между устройством и облаком,factory machine monitoring,мониторинга промышленного оборудования,adaptive edge-to-cloud inference routing for factory machine monitoring,адаптивная маршрутизация инференса между устройством и облаком для мониторинга промышленного оборудования,en,adaptive edge-to-cloud inference routing factory machine monitoring,A Cloud-Edge Digital Twin Architecture for Adaptive Battery Health Management in Sustainable Transport Systems,https://doi.org/10.20944/preprints202601.1217.v1,https://api.crossref.org/works/10.20944/preprints202601.1217.v1,https://doi.org/10.20944/preprints202601.1217.v1,2026-01-16,day,unknown,MDPI AG,"This adaptive digital twin supports predictive maintenance, real-time health monitoring, and optimized battery utilization, aligning with smart manufacturing and sustainable energy system goals by extending operational life and improving reliability in EV applications.",same_abstract_sentence,,0.558333,1,relevant_works_in_top_200_crossref_results,curated_application+crossref_title_abstract_term_overlap+recent_science,Crossref publication supports search-term overlap only; weak-signal status and exact application require expert review.,unavailable,,,,,,,no_relevant_result,,,,,,,,,,,,,,,,no_relevant_result,,,,,,,,,,,0,0,0,1,0,0.682,,,,,,,,,,0.693147,0.693147,0.693147,,0.125,1.0,,,,,,,,,,,,,,,,,1,,,,,,,,,,,0.0,0.067568,1.0,,,,,,0,,0,1,1,1,1
pos_0c4a1b6be602e2d7,1,bronze,provisional_positive,needs_human_review,2026-09-22,weak-signals-63-v2,tech_b59177054834,Biotechnology,Биотехнологии и медицина,biohybrid living actuators,биогибридные приводы из живой ткани,brain-computer interfaces,интерфейсов мозг–компьютер,biohybrid living actuators for brain-computer interfaces,биогибридные приводы из живой ткани для интерфейсов мозг–компьютер,en,biohybrid living actuators brain-computer interfaces,Modular Assembly of Biohybrid Machines Using Force-Enhanced Skeletal Muscle Actuators,https://doi.org/10.1101/2025.07.06.663299,https://api.crossref.org/works/10.1101/2025.07.06.663299,https://doi.org/10.1101/2025.07.06.663299,2025-07-10,day,unknown,openRxiv,"Muscle-based biohybrid systems integrate living muscle with engineered structures to create soft robots, biological models, and regenerative platforms. However, current actuators often lack strength and are difficult to assemble into complex devices. This study presents a suspended compliant skeleton that enhances muscle maturation by providing passive resistance, enabling high-stroke self-exercise without external stimulation. Using immortalized C2C12 cells, the resulting actuators achieved millimeter-scale strokes and millinewton-scale forces, surpassing previous benchmarks. Magnetic interfa",title_or_abstract_terms,,0.825,3,relevant_works_in_top_200_crossref_results,curated_application+crossref_title_abstract_term_overlap+recent_science,Crossref publication supports search-term overlap only; weak-signal status and exact application require expert review.,unavailable,,,,,,,no_relevant_result,,,,,,,,,,,,,,,,found,Biohybrid Robotics,https://www.nature.com/collections/ccagjehcfi/participating-journals,2025-12-22,www.nature.com,https://www.mccormick.northwestern.edu/magazine/spring-2025/biohybrid-systems-for-better-living/,,,,,technology_only_not_application,1,0,0,0,0,8.255,,,,,,,,,,1.098612,1.098612,1.098612,,3.676692,0.5,,,,,,,,,,,,,,,,,1,,,,,,,,,,,0.0,0.00545,0.0,,,,,,1,,0,1,1,1,1
pos_2678310f82ff06b3,1,bronze,provisional_positive,needs_human_review,2026-09-22,weak-signals-63-v2,tech_914ccf8d83e7,AI security,Защита ИИ,memory poisoning defense for AI agents,защита памяти ИИ-агентов от отравления,multi-agent enterprise workflows,многоагентных корпоративных процессов,memory poisoning defense for AI agents for multi-agent enterprise workflows,защита памяти ИИ-агентов от отравления для многоагентных корпоративных процессов,en,memory poisoning defense for AI agents multi-agent enterprise workflows,Policy-Constrained Runtime Defense for Tool-Using AI Agents in Enterprise API Ecosystems,https://doi.org/10.63412/ss28se48,https://api.crossref.org/works/10.63412/ss28se48,https://doi.org/10.63412/ss28se48,2026-09-01,day,unknown,The New World Foundation,"Tool-using AI agents can invoke internal APIs, retrieve documents, update records, and coordinate enterprise workflows.",same_abstract_sentence,,0.753333,3,relevant_works_in_top_200_crossref_results,curated_application+crossref_title_abstract_term_overlap+recent_science,Crossref publication supports search-term overlap only; weak-signal status and exact application require expert review.,unavailable,,,,,,,no_relevant_result,,,,,,,,,,,,,,,,found,The memory problem holding back AI security agents,https://www.computing.co.uk/feature/2026/the-memory-problem-holding-back-ai-security-agents,2026-07-08,www.computing.co.uk,,,,,,technology_only_not_application,0,0,0,1,0,1.043,,,,,,,,,,1.386294,1.386294,1.386294,,0.0,0.333333,,,,,,,,,,,,,,,,,1,,,,,,,,,,,1.295337,0.010363,1.0,,,,,,1,,0,1,1,1,1
pos_12f9b793680ffb9c,1,bronze,provisional_positive,needs_human_review,2026-09-22,weak-signals-63-v2,tech_f4583fff1f59,Industrial AI,Индустриальный ИИ,adaptive vision-guided robotic welding,адаптивная роботизированная сварка с машинным зрением,aerospace assembly,аэрокосмической сборки,adaptive vision-guided robotic welding for aerospace assembly,адаптивная роботизированная сварка с машинным зрением для аэрокосмической сборки,en,adaptive vision-guided robotic welding aerospace assembly,A novel robotic welding trajectory planning system for steel structure workpieces based on vision-guided virtual assembly,https://doi.org/10.1016/j.rcim.2026.103243,https://api.crossref.org/works/10.1016/j.rcim.2026.103243,https://doi.org/10.1016/j.rcim.2026.103243,2026-08-01,month,unknown,Elsevier BV,A novel robotic welding trajectory planning system for steel structure workpieces based on vision-guided virtual assembly,title_terms_only,,0.6625,12,relevant_works_in_top_200_crossref_results,curated_application+crossref_title_abstract_term_overlap+recent_science,Crossref publication supports search-term overlap only; weak-signal status and exact application require expert review.,unavailable,,,,,,,no_relevant_result,,,,,,,,,,,,,,,,no_relevant_result,,,,,,,,,,,1,0,0,0,0,5.722,,,,,,,,,,2.302585,1.504077,2.197225,,0.055556,0.125,,,,,,,,,,,,,,,,,1,,,,,,,,,,,0.0,0.010731,1.0,,,,,,1,,0,1,1,1,1
pos_33ad75fb1c1bb728,1,bronze,provisional_positive,needs_human_review,2026-09-22,weak-signals-63-v2,tech_81d96d5dd7dc,AI infrastructure,Инфраструктура ИИ,disaggregated KV-cache storage,дезагрегированное хранение KV-кэша,large-scale recommendation systems,крупномасштабных рекомендательных систем,disaggregated KV-cache storage for large-scale recommendation systems,дезагрегированное хранение KV-кэша для крупномасштабных рекомендательных систем,en,disaggregated KV-cache storage large-scale recommendation systems,FPCache: A Fingerprint-Rectified Learned Index Cache for Disaggregated Memory,https://doi.org/10.3390/electronics15102210,https://api.crossref.org/works/10.3390/electronics15102210,https://doi.org/10.3390/electronics15102210,2026-05-21,day,unknown,MDPI AG,The rapid growth of data-intensive applications has increased the demand for efficient storage in large-scale key-value (KV) stores.,same_abstract_sentence,,0.666667,1,relevant_works_in_top_200_crossref_results,curated_application+crossref_title_abstract_term_overlap+recent_science,Crossref publication supports search-term overlap only; weak-signal status and exact application require expert review.,unavailable,,,,,,,no_relevant_result,,,,,,,,,,,,,,,,found,KV-cache churn burns through SSDs: ScaleFlux built drive-level storage for NVIDIA CMX,https://www.msn.com/en-us/news/technology/kv-cache-churn-burns-through-ssds-scaleflux-built-drive-level-storage-for-nvidia-cmx/ar-AA29cTva,2026-08-01,www.msn.com,,,,,,technology_only_not_application,1,0,0,0,0,0.339,,,,,,,,,,0.693147,0.693147,0.693147,,0.0,0.0,,,,,,,,,,,,,,,,,1,,,,,,,,,,,0.0,0.0,1.0,,,,,,0,,0,1,1,1,1
pos_408a34a2208f520f,1,bronze,provisional_positive,needs_human_review,2026-09-22,weak-signals-63-v2,tech_a3e80da2a70e,Space and ocean,Космос и океан,autonomous underwater sensor networks,автономные подводные сенсорные сети,precision agriculture,точного земледелия,autonomous underwater sensor networks for precision agriculture,автономные подводные сенсорные сети для точного земледелия,en,autonomous underwater sensor networks precision agriculture,Machine Learning-Based Prediction System for Optimizing Underwater Wireless Sensor Networks,https://doi.org/10.17485/ijst/v19i13.127,https://api.crossref.org/works/10.17485/ijst/v19i13.127,https://doi.org/10.17485/ijst/v19i13.127,2026-04-17,day,unknown,Indian Society for Education and Environment,"Background/Objectives: UWSNs have significant applications in the marine ecosystem, oceanographic research, and inspection of marine infrastructures underwater. But the rough underwater conditions come with the problem of a long latency, loss of packets, attenuation of signals and a scarcity of energy, which lower network reliability and performance. This study aims at designing a machine learning-based prediction system to enhance the performance, reliability and energy efficiency of UWSNs by predicting the network behaviour and sensor node states given different underwater environmental and ",title_or_abstract_terms,,0.6625,1,relevant_works_in_top_200_crossref_results,curated_application+crossref_title_abstract_term_overlap+recent_science,Crossref publication supports search-term overlap only; weak-signal status and exact application require expert review.,unavailable,,,,,,,found,Precision Agriculture Technology Adoption and Impact,https://www.nature.com/nature-index/topics/l4/precision-agriculture-technology-adoption-and-impact,2025-05-31,www.nature.com,"Precision agriculture encompasses a suite of technologies and practices that enable site-specific crop management through the integration of sensor networks, geospatial analysis and automated ...",,,,,,,,,,,found,"Nauticus Robotics, Inc. and Strangeworks Collaborate on AI-Optimized Deployment of Undersea Fiber-Optic Sensing Networks",https://www.morningstar.com/news/pr-newswire/20260804da18576/nauticus-robotics-inc-and-strangeworks-collaborate-on-ai-optimized-deployment-of-undersea-fiber-optic-sensing-networks,2026-08-04,www.morningstar.com,,,,,,technology_only_not_application,1,0,0,0,0,0.433,,,,,,,,,,0.693147,0.693147,0.693147,,0.0,0.0,,,,,,,,,,,,,,,,,2,,,,,,,,,,,0.0,0.041475,1.0,,,,,,0,,0,1,1,1,1
pos_afa4c08498f5e106,1,bronze,provisional_positive,needs_human_review,2026-09-22,weak-signals-63-v2,tech_36ac1cd33281,Advanced materials,Передовые материалы,two-dimensional semiconductor devices,устройства на двумерных полупроводниках,biodegradable electronics,биоразлагаемой электроники,two-dimensional semiconductor devices for biodegradable electronics,устройства на двумерных полупроводниках для биоразлагаемой электроники,en,two-dimensional semiconductor devices biodegradable electronics,Principles and Applications of Two-Dimensional Semiconductor Material Devices for Reconfigurable Electronics,https://doi.org/10.3390/nano15030201,https://api.crossref.org/works/10.3390/nano15030201,https://doi.org/10.3390/nano15030201,2025-01-27,day,unknown,MDPI AG,"This work focuses on the working principles of 2D material devices used for reconfigurable electronics, discusses applications of 2D-material-based reconfigurable electronics in logic operation and artificial intelligence, and further provides a future outlook for the development of reconfigurable electronics based on 2D material devices.",same_abstract_sentence,,0.825,5,relevant_works_in_top_200_crossref_results,curated_application+crossref_title_abstract_term_overlap+recent_science,Crossref publication supports search-term overlap only; weak-signal status and exact application require expert review.,unavailable,,,,,,,no_relevant_result,,,,,,,,,,,,,,,,found,IISER scientists develop ultra-thin electronic devices using novel 2D semiconductor,https://www.hindustantimes.com/cities/pune-news/iiser-scientists-develop-ultra-thin-electronic-devices-using-novel-2d-semiconductor-101771527761115.html,2026-02-19,www.hindustantimes.com,,,,,,technology_only_not_application,1,0,0,0,0,8.099,,,,,,,,,,1.386294,1.386294,2.079442,,0.0,0.0,,,,,,,,,,,,,,,,,1,,,,,,,,,,,1.113586,0.013363,0.6,,,,,,1,,0,1,1,1,1
pos_b8b5ad4b48d3bda3,1,bronze,provisional_positive,needs_human_review,2026-09-22,weak-signals-63-v2,tech_f9192b14a45b,Food and agriculture,Пищевые и агротехнологии,vision-guided robotic weeding,роботизированная прополка с машинным зрением,controlled-environment agriculture,земледелия в контролируемой среде,vision-guided robotic weeding for controlled-environment agriculture,роботизированная прополка с машинным зрением для земледелия в контролируемой среде,en,vision-guided robotic weeding controlled-environment agriculture,A Review of Robotic Weeding Modalities for Site-Specific Weed Management,https://doi.org/10.3390/s26102925,https://api.crossref.org/works/10.3390/s26102925,https://doi.org/10.3390/s26102925,2026-05-07,day,unknown,MDPI AG,"Recent advances in precision agriculture and robotic systems have enabled site-specific weed management, where interventions are applied selectively based on detected weed locations.",same_abstract_sentence,,0.608333,6,relevant_works_in_top_200_crossref_results,curated_application+crossref_title_abstract_term_overlap+recent_science,Crossref publication supports search-term overlap only; weak-signal status and exact application require expert review.,unavailable,,,,,,,no_relevant_result,,,,,,,,,,,,,,,,no_relevant_result,,,,,,,,,,,0,0,0,1,0,8.282,,,,,,,,,,1.791759,1.791759,1.791759,,0.25,0.2,,,,,,,,,,,,,,,,,1,,,,,,,,,,,0.0,0.00615,0.666667,,,,,,1,,0,1,1,1,1
pos_678ed38676829c55,1,bronze,provisional_positive,needs_human_review,2026-09-22,weak-signals-63-v2,tech_fe13f42274f2,Fintech,Финтех,AI agent payment authorization protocols,протоколы авторизации платежей ИИ-агентов,anti-money laundering,противодействия отмыванию денег,AI agent payment authorization protocols for anti-money laundering,протоколы авторизации платежей ИИ-агентов для противодействия отмыванию денег,en,AI agent payment authorization protocols anti-money laundering,AuthorityFlow: Information May Influence an AI Agent It Must Never Manufacture Authority Measuring Illegitimate Authority Creation in Multi-Agent AI Systems via 7-Hop Empirical Benchmarking,https://doi.org/10.2139/ssrn.7454139,https://api.crossref.org/works/10.2139/ssrn.7454139,https://doi.org/10.2139/ssrn.7454139,2026-01-01,year,unknown,Elsevier BV,"We introduce three novel metrics: the Authority Amplification Factor (AAF), quantifying the ratio of effective to granted authority; Authority Laundering Depth (ALD), measuring the number of legitimate transformations separating the contamination source from the authorization decision; and Signals Corrupted Count (SCC), tracking how many independent trust signals are compromised through cascading contamination.",same_abstract_sentence,,0.695,2,relevant_works_in_top_200_crossref_results,curated_application+crossref_title_abstract_term_overlap+recent_science,Crossref publication supports search-term overlap only; weak-signal status and exact application require expert review.,unavailable,,,,,,,no_relevant_result,,,,,,,,,,,,,,,,no_relevant_result,,,,,,,,,,,0,0,0,1,0,0.723,,,,,,,,,,1.098612,1.098612,1.098612,,0.0,1.0,,,,,,,,,,,,,,,,,1,,,,,,,,,,,0.0,0.0,0.0,,,,,,1,,0,1,1,1,1
pos_c74b5536d8a5e030,1,bronze,provisional_positive,needs_human_review,2026-09-22,weak-signals-63-v2,tech_0a74e5afbe45,Edge AI,Edge,tinyML neural processing units,нейропроцессоры tinyML,wearable health monitoring,носимого мониторинга здоровья,tinyML neural processing units for wearable health monitoring,нейропроцессоры tinyML для носимого мониторинга здоровья,en,tinyML neural processing units wearable health monitoring,A Convolutional Neural Network with Bidirectional Gated Recurrent Units Architecture for Enhanced Stress Monitoring from Wearable Signals,https://doi.org/10.1109/spicscon69221.2025.11504136,https://api.crossref.org/works/10.1109/spicscon69221.2025.11504136,https://doi.org/10.1109/spicscon69221.2025.11504136,2025-11-21,day,unknown,IEEE,A Convolutional Neural Network with Bidirectional Gated Recurrent Units Architecture for Enhanced Stress Monitoring from Wearable Signals,title_terms_only,,0.558333,2,relevant_works_in_top_200_crossref_results,curated_application+crossref_title_abstract_term_overlap+recent_science,Crossref publication supports search-term overlap only; weak-signal status and exact application require expert review.,unavailable,,,,,,,no_relevant_result,,,,,,,,,,,,,,,,no_relevant_result,,,,,,,,,,,0,0,0,1,0,1.317,,,,,,,,,,1.098612,1.098612,1.098612,,0.05,0.0,,,,,,,,,,,,,,,,,1,,,,,,,,,,,0.0,0.033333,1.0,,,,,,1,,0,1,1,1,1
pos_6dacff1438233a78,1,bronze,provisional_positive,needs_human_review,2026-09-22,weak-signals-63-v2,tech_b59177054834,Biotechnology,Биотехнологии и медицина,biohybrid living actuators,биогибридные приводы из живой ткани,tissue regeneration,регенерации тканей,biohybrid living actuators for tissue regeneration,биогибридные приводы из живой ткани для регенерации тканей,en,biohybrid living actuators tissue regeneration,Biohybrid Living Material with Antibacterial and Regenerating Properties Based on Probiotic Bacteria Stress Metabolism Modulation,https://doi.org/10.1002/mabi.202500452,https://api.crossref.org/works/10.1002/mabi.202500452,https://doi.org/10.1002/mabi.202500452,2025-09-17,day,unknown,Wiley,"We have developed biohybrid living material with antibacterial and regenerating properties based on induced hormesis by oxidative stress onto probiotic bacteria with prolonged synthesis of hydrogen peroxide, increased antibacterial action, and regeneration of the burn wound.",same_abstract_sentence,,0.783333,13,relevant_works_in_top_200_crossref_results,curated_application+crossref_title_abstract_term_overlap+recent_science,Crossref publication supports search-term overlap only; weak-signal status and exact application require expert review.,unavailable,,,,,,,no_relevant_result,,,,,,,,,,,,,,,,found,Biohybrid Robotics,https://www.nature.com/collections/ccagjehcfi/participating-journals,2025-12-22,www.nature.com,https://www.mccormick.northwestern.edu/magazine/spring-2025/biohybrid-systems-for-better-living/,,,,,technology_only_not_application,1,0,0,0,0,8.255,,,,,,,,,,2.079442,-0.980829,-1.673976,,3.64693,0.0,,,,,,,,,,,,,,,,,1,,,,,,,,,,,0.525762,0.006835,0.461538,,,,,,0,,0,1,1,1,1
pos_66905df37ca5e668,1,bronze,provisional_positive,needs_human_review,2026-09-22,weak-signals-63-v2,tech_caf2eda14975,AI security,Защита ИИ,continuous automated AI red teaming,непрерывный автоматизированный red teaming ИИ,critical infrastructure operations,эксплуатации критической инфраструктуры,continuous automated AI red teaming for critical infrastructure operations,непрерывный автоматизированный red teaming ИИ для эксплуатации критической инфраструктуры,en,continuous automated AI red teaming critical infrastructure operations,Quantifying Model Vulnerabilities through Automated Red Teaming Frameworks Leveraging Generative Adversarial Reasoning,https://doi.org/10.66280/ijair.v1i2.141,https://api.crossref.org/works/10.66280/ijair.v1i2.141,https://doi.org/10.66280/ijair.v1i2.141,2026-05-19,day,unknown,International Science Innovation Press Limited,"Furthermore, the paper analyzes the infrastructure required to deploy these automated frameworks at scale, the sustainability of continuous testing cycles, and the policy frameworks necessary to manage the resulting security data.",same_abstract_sentence,,0.753333,4,relevant_works_in_top_200_crossref_results,curated_application+crossref_title_abstract_term_overlap+recent_science,Crossref publication supports search-term overlap only; weak-signal status and exact application require expert review.,unavailable,,,,,,,no_relevant_result,,,,,,,,,,,,,,,,found,Snyk unveils continuous AI pentesting and agent red teaming,https://www.helpnetsecurity.com/2026/08/04/snyk-evo-continuous-offensive-security-cos/,2026-08-04,www.helpnetsecurity.com,,,,,,technology_only_not_application,0,0,0,1,0,3.723,,,,,,,,,,1.098612,0.0,-1.098612,,0.0,0.0,,,,,,,,,,,,,,,,,1,,,,,,,,,,,3.108808,0.02487,0.25,,,,,,0,,0,1,1,1,1
pos_1bb600faeb5304e4,1,bronze,provisional_positive,needs_human_review,2026-09-22,weak-signals-63-v2,tech_2821e567cd98,Industrial AI,Индустриальный ИИ,reinforcement learning on industrial controllers,обучение с подкреплением на промышленных контроллерах,mineral processing,обогащения полезных ископаемых,reinforcement learning on industrial controllers for mineral processing,обучение с подкреплением на промышленных контроллерах для обогащения полезных ископаемых,en,reinforcement learning on industrial controllers mineral processing,INTEGRATION OF REINFORCEMENT LEARNING WITH SENSOR DATA IN SMART ROBOTICS,https://doi.org/10.71443/9789349552050-14,https://api.crossref.org/works/10.71443/9789349552050-14,https://doi.org/10.71443/9789349552050-14,2026-07-27,day,unknown,RADemics Research Institute,"The combination of these technologies improves the ability of robots to operate efficiently in dynamic and uncertain environments across various application domains.This chapter presents the fundamental concepts of smart robotics, reinforcement learning, and robotic sensor technologies, followed by an overview of sensor data processing, sensor fusion, and deep reinforcement learning techniques.",same_abstract_sentence,,0.6625,4,relevant_works_in_top_200_crossref_results,curated_application+crossref_title_abstract_term_overlap+recent_science,Crossref publication supports search-term overlap only; weak-signal status and exact application require expert review.,unavailable,,,,,,,no_relevant_result,,,,,,,,,,,,,,,,found,“Reinforcement Learning” Fuels the Rise of Adaptive Controllers (Download),https://www.electronicdesign.com/technologies/industrial/document/55361687/reinforcement-learning-fuels-the-rise-of-adaptive-controllers-download,2026-03-03,www.electronicdesign.com,,,,,,technology_only_not_application,0,0,0,1,0,5.035,,,,,,,,,,1.098612,0.405465,0.405465,,0.038462,0.5,,,,,,,,,,,,,,,,,1,,,,,,,,,,,0.0,0.042162,0.25,,,,,,1,,0,1,1,1,1
pos_423b65d1ba3a10d5,1,bronze,provisional_positive,needs_human_review,2026-09-22,weak-signals-63-v2,tech_81d96d5dd7dc,AI infrastructure,Инфраструктура ИИ,disaggregated KV-cache storage,дезагрегированное хранение KV-кэша,energy-efficient edge inference,энергоэффективного edge-инференса,disaggregated KV-cache storage for energy-efficient edge inference,дезагрегированное хранение KV-кэша для энергоэффективного edge-инференса,en,disaggregated KV-cache storage energy-efficient edge inference,A ferroelectric-resistive dual-mode capacitor for unified KV-cache and weight storage toward Transformer acceleration,https://doi.org/10.1039/d6mh01307d,https://api.crossref.org/works/10.1039/d6mh01307d,https://doi.org/10.1039/d6mh01307d,2026-01-01,year,unknown,Royal Society of Chemistry (RSC),"A dual-mode ferroelectric-resistive capacitor unifies KV-cache and weight storage in one cell, using fast FTJ switching for KV updates and stable multilevel RRAM states for weights, enabling in-memory MAC and energy-efficient Transformer inference.",same_abstract_sentence,,0.666667,1,relevant_works_in_top_200_crossref_results,curated_application+crossref_title_abstract_term_overlap+recent_science,Crossref publication supports search-term overlap only; weak-signal status and exact application require expert review.,unavailable,,,,,,,no_relevant_result,,,,,,,,,,,,,,,,found,KV-cache churn burns through SSDs: ScaleFlux built drive-level storage for NVIDIA CMX,https://www.msn.com/en-us/news/technology/kv-cache-churn-burns-through-ssds-scaleflux-built-drive-level-storage-for-nvidia-cmx/ar-AA29cTva,2026-08-01,www.msn.com,,,,,,technology_only_not_application,1,0,0,0,0,0.723,,,,,,,,,,0.693147,0.693147,0.693147,,0.0,0.0,,,,,,,,,,,,,,,,,1,,,,,,,,,,,0.0,0.0,0.0,,,,,,0,,0,1,1,1,1
pos_2a49a349728f7854,1,bronze,provisional_positive,needs_human_review,2026-09-22,weak-signals-63-v2,tech_a3e80da2a70e,Space and ocean,Космос и океан,autonomous underwater sensor networks,автономные подводные сенсорные сети,wildfire detection,выявления лесных пожаров,autonomous underwater sensor networks for wildfire detection,автономные подводные сенсорные сети для выявления лесных пожаров,en,autonomous underwater sensor networks wildfire detection,Underwater Wireless Sensor Networks for Sea Border Security using Hexagonal Node Deployment Strategy and Inter-Sensor Region to Region Routing,https://doi.org/10.21203/rs.3.rs-8991230/v1,https://api.crossref.org/works/10.21203/rs.3.rs-8991230/v1,https://doi.org/10.21203/rs.3.rs-8991230/v1,2026-04-17,day,unknown,Springer Science and Business Media LLC,"Abstract Securing a nation’s sea borders through effective maritime surveillance is vital, as the infiltration of trespassers and terrorists poses a significant threat to national security and stability. To address this challenge, this work enhances sea border monitoring by mitigating the communication and energy constraints inherent in Underwater Wireless Sensor Networks (UWSNs) through a novel deployment and routing framework. Specifically, we propose a Hexagonal Node Deployment Strategy (HNDS) integrated with an Inter-Sensor Region-to-Region Routing (ISRRR) protocol. The hexagonal deploymen",title_or_abstract_terms,,0.6625,8,relevant_works_in_top_200_crossref_results,curated_application+crossref_title_abstract_term_overlap+recent_science,Crossref publication supports search-term overlap only; weak-signal status and exact application require expert review.,unavailable,,,,,,,found,"Dryad Networks Reaches XPRIZE Wildfire Finals Milestone, Demonstrating Autonomous Detection and Suppression of Wildfires in Alaska",https://www.finanznachrichten.de/nachrichten-2026-07/68976487-dryad-networks-reaches-xprize-wildfire-finals-milestone-demonstrating-autonomous-detection-and-suppression-of-wildfires-in-alaska-004.htm,2026-08-07,www.finanznachrichten.de,"Dryad Networks, the leader in ultra-early wildfire detection technology, today announced a major achievement in the finals of the Autonomous Wildfire Response track of XPRIZE Wildfire, a four-year, ...",,,,,,,,,,,found,"Nauticus Robotics, Inc. and Strangeworks Collaborate on AI-Optimized Deployment of Undersea Fiber-Optic Sensing Networks",https://www.morningstar.com/news/pr-newswire/20260804da18576/nauticus-robotics-inc-and-strangeworks-collaborate-on-ai-optimized-deployment-of-undersea-fiber-optic-sensing-networks,2026-08-04,www.morningstar.com,,,,,,technology_only_not_application,0,0,0,1,0,8.638,,,,,,,,,,1.386294,0.693147,0.693147,,0.0,0.333333,,,,,,,,,,,,,,,,,2,,,,,,,,,,,0.0,0.03166,0.75,,,,,,1,,0,1,1,1,1
pos_0f81bbfebf605965,1,bronze,provisional_positive,needs_human_review,2026-09-22,weak-signals-63-v2,tech_36ac1cd33281,Advanced materials,Передовые материалы,two-dimensional semiconductor devices,устройства на двумерных полупроводниках,wearable electronics,носимой электроники,two-dimensional semiconductor devices for wearable electronics,устройства на двумерных полупроводниках для носимой электроники,en,two-dimensional semiconductor devices wearable electronics,Principles and Applications of Two-Dimensional Semiconductor Material Devices for Reconfigurable Electronics,https://doi.org/10.3390/nano15030201,https://api.crossref.org/works/10.3390/nano15030201,https://doi.org/10.3390/nano15030201,2025-01-27,day,unknown,MDPI AG,"This work focuses on the working principles of 2D material devices used for reconfigurable electronics, discusses applications of 2D-material-based reconfigurable electronics in logic operation and artificial intelligence, and further provides a future outlook for the development of reconfigurable electronics based on 2D material devices.",same_abstract_sentence,,0.825,5,relevant_works_in_top_200_crossref_results,curated_application+crossref_title_abstract_term_overlap+recent_science,Crossref publication supports search-term overlap only; weak-signal status and exact application require expert review.,unavailable,,,,,,,no_relevant_result,,,,,,,,,,,,,,,,found,IISER scientists develop ultra-thin electronic devices using novel 2D semiconductor,https://www.hindustantimes.com/cities/pune-news/iiser-scientists-develop-ultra-thin-electronic-devices-using-novel-2d-semiconductor-101771527761115.html,2026-02-19,www.hindustantimes.com,,,,,,technology_only_not_application,1,0,0,0,0,8.099,,,,,,,,,,1.386294,1.386294,2.079442,,0.0,0.0,,,,,,,,,,,,,,,,,1,,,,,,,,,,,1.113586,0.013363,0.6,,,,,,1,,0,1,1,1,1
pos_e08c90464bec4851,1,bronze,provisional_positive,needs_human_review,2026-09-22,weak-signals-63-v2,tech_f9192b14a45b,Food and agriculture,Пищевые и агротехнологии,vision-guided robotic weeding,роботизированная прополка с машинным зрением,early crop disease detection,раннего выявления болезней растений,vision-guided robotic weeding for early crop disease detection,роботизированная прополка с машинным зрением для раннего выявления болезней растений,en,vision-guided robotic weeding early crop disease detection,A Review of Robotic Weeding Modalities for Site-Specific Weed Management,https://doi.org/10.3390/s26102925,https://api.crossref.org/works/10.3390/s26102925,https://doi.org/10.3390/s26102925,2026-05-07,day,unknown,MDPI AG,"While extensive research has focused on improving weed detection algorithms, comparatively less attention has been paid to the characteristics and constraints of different weeding modalities, which ultimately determine field performance.",same_abstract_sentence,,0.608333,1,relevant_works_in_top_200_crossref_results,curated_application+crossref_title_abstract_term_overlap+recent_science,Crossref publication supports search-term overlap only; weak-signal status and exact application require expert review.,unavailable,,,,,,,no_relevant_result,,,,,,,,,,,,,,,,no_relevant_result,,,,,,,,,,,0,0,0,1,0,0.378,,,,,,,,,,0.693147,0.693147,0.693147,,0.25,0.0,,,,,,,,,,,,,,,,,1,,,,,,,,,,,0.0,0.0,0.0,,,,,,0,,0,1,1,1,1
pos_79cd7eaeb3d60bc6,1,bronze,provisional_positive,needs_human_review,2026-09-22,weak-signals-63-v2,tech_4afb7ce056f3,Fintech,Финтех,purpose-bound programmable money,программируемые деньги с целевыми ограничениями,digital asset custody,хранения цифровых активов,purpose-bound programmable money for digital asset custody,программируемые деньги с целевыми ограничениями для хранения цифровых активов,en,purpose-bound programmable money digital asset custody,Digital Gold and Programmable Money: Which Cryptocurrencies Suit Which Investor,https://doi.org/10.2139/ssrn.7378278,https://api.crossref.org/works/10.2139/ssrn.7378278,https://doi.org/10.2139/ssrn.7378278,2026-01-01,year,unknown,Elsevier BV,"Eighteen years after Nakamoto's (2008) white paper, cryptocurrencies form an asset class of their own, worth USD 2.73 trillion and reaching governments, central banks, pension funds, insurers, university endowments and sovereign wealth funds. This paper introduces the major cryptocurrencies-from Bitcoin and Ether through XRP, Solana, BNB, TRON and Cardano to the stablecoins Tether and USD Coin-naming their creators, their supply rules and their economic uses beyond speculation: cross-border remittances at a fraction of traditional cost, contracts that execute themselves on the blockchain, and ",title_or_abstract_terms,,0.666667,1,relevant_works_in_top_200_crossref_results,curated_application+crossref_title_abstract_term_overlap+recent_science,Crossref publication supports search-term overlap only; weak-signal status and exact application require expert review.,unavailable,,,,,,,found,How AI and Tokenisation are reshaping financial infrastructure,https://cio.economictimes.indiatimes.com/news/corporate-news/how-ai-and-tokenisation-are-reshaping-financial-infrastructure/133568784,2026-08-27,cio.economictimes.indiatimes.com,"India's digital financial infrastructure is set to transform, moving beyond mere transactions and identity checks. With advances like tokenisation and programmable money, asset management takes a ...",,,,,,,,,,,no_relevant_result,,,,,,,,,,,1,0,0,0,0,0.723,,,,,,,,,,0.693147,0.693147,0.693147,,0.0,1.0,,,,,,,,,,,,,,,,,2,,,,,,,,,,,0.0,0.0,0.0,,,,,,0,,0,1,1,1,1
pos_89ff82d078d6bc86,1,bronze,provisional_positive,needs_human_review,2026-09-22,weak-signals-63-v2,tech_44b6494eee17,Edge AI,Edge,adaptive edge-to-cloud inference routing,адаптивная маршрутизация инференса между устройством и облаком,battery-powered IoT,IoT-устройств с батарейным питанием,adaptive edge-to-cloud inference routing for battery-powered IoT,адаптивная маршрутизация инференса между устройством и облаком для IoT-устройств с батарейным питанием,en,adaptive edge-to-cloud inference routing battery-powered IoT,Heterogeneity-Aware Dynamic Federated Split Learning with Adaptive Compression (HADFL-AC) Edge–Cloud Inference in IoT Environments,https://doi.org/10.3390/fi18040213,https://api.crossref.org/works/10.3390/fi18040213,https://doi.org/10.3390/fi18040213,2026-04-17,day,unknown,MDPI AG,"In resource-constrained environments, distributed split learning allows for collaborative training; however, the system suffers from high communication overhead and is sensitive to system heterogeneity. Despite advances in IoT data reduction and distributed learning, existing approaches treat heterogeneity, adaptability, and communication efficiency as separate problems. As a result, the Heterogeneity-Aware Dynamic Federated Split Learning with Adaptive Compression (HADFL-AC) framework is proposed, enabling adaptive adjustment of communication payloads to instantaneous bandwidth conditions dur",title_or_abstract_terms,,0.5,3,relevant_works_in_top_200_crossref_results,curated_application+crossref_title_abstract_term_overlap+recent_science,Crossref publication supports search-term overlap only; weak-signal status and exact application require expert review.,unavailable,,,,,,,no_relevant_result,,,,,,,,,,,,,,,,no_relevant_result,,,,,,,,,,,0,0,0,1,0,2.7,,,,,,,,,,1.386294,0.405465,-0.287682,,0.0,0.5,,,,,,,,,,,,,,,,,1,,,,,,,,,,,0.0,0.043909,1.0,,,,,,1,,0,1,1,1,1
pos_37a68e621baa9793,1,bronze,provisional_positive,needs_human_review,2026-09-22,weak-signals-63-v2,tech_b59177054834,Biotechnology,Биотехнологии и медицина,biohybrid living actuators,биогибридные приводы из живой ткани,targeted drug delivery,адресной доставки лекарств,biohybrid living actuators for targeted drug delivery,биогибридные приводы из живой ткани для адресной доставки лекарств,en,biohybrid living actuators targeted drug delivery,Biohybrid Robots: Living Cell-Powered Systems for Medicine and Environmental Solutions,https://doi.org/10.62311/nesx/77531,https://api.crossref.org/works/10.62311/nesx/77531,https://doi.org/10.62311/nesx/77531,2025-01-01,day,unknown,National Education Services,"Keywords: Biohybrid robots, living cells, synthetic materials, targeted drug delivery, regenerative medicine, diagnostics, pollution cleanup, sustainability, ecosystem monitoring, biofabrication, 3D printing, ethical challenges, self-healing robots, interdisciplinary innovation, global challenges",same_abstract_sentence,,0.783333,3,relevant_works_in_top_200_crossref_results,curated_application+crossref_title_abstract_term_overlap+recent_science,Crossref publication supports search-term overlap only; weak-signal status and exact application require expert review.,unavailable,,,,,,,no_relevant_result,,,,,,,,,,,,,,,,found,Biohybrid Robotics,https://www.nature.com/collections/ccagjehcfi/participating-journals,2025-12-22,www.nature.com,https://www.mccormick.northwestern.edu/magazine/spring-2025/biohybrid-systems-for-better-living/,,,,,technology_only_not_application,0,1,0,0,0,1.722,,,,,,,,,,1.386294,1.386294,1.386294,,0.0,0.0,,,,,,,,,,,,,,,,,1,,,,,,,,,,,1.886792,0.0,0.0,,,,,,1,,0,1,1,1,1
pos_12d82a05b3517e0e,1,bronze,provisional_positive,needs_human_review,2026-09-22,weak-signals-63-v2,tech_caf2eda14975,AI security,Защита ИИ,continuous automated AI red teaming,непрерывный автоматизированный red teaming ИИ,scientific research agents,агентов научных исследований,continuous automated AI red teaming for scientific research agents,непрерывный автоматизированный red teaming ИИ для агентов научных исследований,en,continuous automated AI red teaming scientific research agents,Quantifying Model Vulnerabilities through Automated Red Teaming Frameworks Leveraging Generative Adversarial Reasoning,https://doi.org/10.66280/ijair.v1i2.141,https://api.crossref.org/works/10.66280/ijair.v1i2.141,https://doi.org/10.66280/ijair.v1i2.141,2026-05-19,day,unknown,International Science Innovation Press Limited,"The discussion focuses on the structural trade-offs inherent in these frameworks, specifically addressing the balance between exploration and exploitation in vulnerability discovery, the governance of automated testing environments, and the ethical implications of creating highly capable adversarial agents.",same_abstract_sentence,,0.753333,2,relevant_works_in_top_200_crossref_results,curated_application+crossref_title_abstract_term_overlap+recent_science,Crossref publication supports search-term overlap only; weak-signal status and exact application require expert review.,unavailable,,,,,,,no_relevant_result,,,,,,,,,,,,,,,,found,Snyk unveils continuous AI pentesting and agent red teaming,https://www.helpnetsecurity.com/2026/08/04/snyk-evo-continuous-offensive-security-cos/,2026-08-04,www.helpnetsecurity.com,,,,,,technology_only_not_application,0,0,0,1,0,0.345,,,,,,,,,,1.098612,1.098612,1.098612,,0.0,0.0,,,,,,,,,,,,,,,,,1,,,,,,,,,,,2.118644,0.016949,1.0,,,,,,1,,0,1,1,1,1
pos_1a0440d93cb06df6,1,bronze,provisional_positive,needs_human_review,2026-09-22,weak-signals-63-v2,tech_f4583fff1f59,Industrial AI,Индустриальный ИИ,adaptive vision-guided robotic welding,адаптивная роботизированная сварка с машинным зрением,semiconductor fabrication,полупроводниковых фабрик,adaptive vision-guided robotic welding for semiconductor fabrication,адаптивная роботизированная сварка с машинным зрением для полупроводниковых фабрик,en,adaptive vision-guided robotic welding semiconductor fabrication,Vision-Driven Adaptive Welding Solutions for the Top Three Challenges in Welding Fabrication,https://doi.org/10.21203/rs.3.rs-5375561/v1,https://api.crossref.org/works/10.21203/rs.3.rs-5375561/v1,https://doi.org/10.21203/rs.3.rs-5375561/v1,2024-11-28,day,unknown,Springer Science and Business Media LLC,"Abstract With experience in more than over 100 robotic deployments in pipe prefabrication and a decade-long dedication to welding automation, we've pinpointed the key challenges, notably fit-up variation, tack adaptation, and live seam tracking. We engineered an innovative adaptive welding solution that integrates the perceptual and cognitive abilities of welders into articulated robots. This system dynamically responds to real-time welding scenarios, effectively tackling associated challenges. Unlike existing methods reliant on pre-scanning or laser readings before welding, our vision-based a",title_or_abstract_terms,,0.6625,3,relevant_works_in_top_200_crossref_results,curated_application+crossref_title_abstract_term_overlap+recent_science,Crossref publication supports search-term overlap only; weak-signal status and exact application require expert review.,unavailable,,,,,,,no_relevant_result,,,,,,,,,,,,,,,,no_relevant_result,,,,,,,,,,,0,0,0,1,0,6.543,,,,,,,,,,1.098612,1.098612,1.098612,,0.052632,0.5,,,,,,,,,,,,,,,,,1,,,,,,,,,,,0.0,0.001901,0.333333,,,,,,1,,0,1,1,1,1
pos_510177cb74f4c793,1,bronze,provisional_positive,needs_human_review,2026-09-22,weak-signals-63-v2,tech_81d96d5dd7dc,AI infrastructure,Инфраструктура ИИ,disaggregated KV-cache storage,дезагрегированное хранение KV-кэша,low-energy AI data centers,энергоэффективных центров обработки данных ИИ,disaggregated KV-cache storage for low-energy AI data centers,дезагрегированное хранение KV-кэша для энергоэффективных центров обработки данных ИИ,en,disaggregated KV-cache storage low-energy AI data centers,Speeding Up Write-Read Orders in Disaggregated Storage,https://doi.org/10.1145/3829363,https://api.crossref.org/works/10.1145/3829363,https://doi.org/10.1145/3829363,2026-07-13,day,unknown,Association for Computing Machinery (ACM),"Modern data centers adopt disaggregated storage architectures via network storage protocols, such as NVMe-over-Fabrics (NVMe-oF), to achieve fine-grained resource elasticity and enhanced resource utilization.",same_abstract_sentence,,0.608333,2,relevant_works_in_top_200_crossref_results,curated_application+crossref_title_abstract_term_overlap+recent_science,Crossref publication supports search-term overlap only; weak-signal status and exact application require expert review.,unavailable,,,,,,,no_relevant_result,,,,,,,,,,,,,,,,found,KV-cache churn burns through SSDs: ScaleFlux built drive-level storage for NVIDIA CMX,https://www.msn.com/en-us/news/technology/kv-cache-churn-burns-through-ssds-scaleflux-built-drive-level-storage-for-nvidia-cmx/ar-AA29cTva,2026-08-01,www.msn.com,,,,,,technology_only_not_application,0,0,0,1,0,0.723,,,,,,,,,,1.098612,1.098612,1.098612,,0.0,0.5,,,,,,,,,,,,,,,,,1,,,,,,,,,,,0.0,0.037363,1.0,,,,,,1,,0,1,1,1,1
pos_07fd5bfb79ef5e0a,1,bronze,provisional_positive,needs_human_review,2026-09-22,weak-signals-63-v2,tech_a3e80da2a70e,Space and ocean,Космос и океан,autonomous underwater sensor networks,автономные подводные сенсорные сети,resilient communications,устойчивой связи,autonomous underwater sensor networks for resilient communications,автономные подводные сенсорные сети для устойчивой связи,en,autonomous underwater sensor networks resilient communications,A Q-Learning Framework for Disaster Resilient Data Transfer in Underwater Wİreless Sensor Networks,https://doi.org/10.21203/rs.3.rs-8877266/v1,https://api.crossref.org/works/10.21203/rs.3.rs-8877266/v1,https://doi.org/10.21203/rs.3.rs-8877266/v1,2026-02-17,day,unknown,Springer Science and Business Media LLC,"Abstract Underwater Wireless Sensor Networks (UWSNs) play a critical role in real-time environmental monitoring during disasters such as earthquakes, tsunamis, and underwater landslides. However, highly dynamic and hazardous underwater conditions significantly reduce the effectiveness of conventional routing protocols. This study addresses data transmission challenges in disaster-prone UWSNs by proposing a Q-learning-based Adaptive Data Transfer Algorithm (QL-ADTA). The proposed approach employs a multi-objective reward function that dynamically adapts to contextual parameters including data p",title_or_abstract_terms,,0.6625,2,relevant_works_in_top_200_crossref_results,curated_application+crossref_title_abstract_term_overlap+recent_science,Crossref publication supports search-term overlap only; weak-signal status and exact application require expert review.,unavailable,,,,,,,no_relevant_result,,,,,,,,,,,,,,,,found,"Nauticus Robotics, Inc. and Strangeworks Collaborate on AI-Optimized Deployment of Undersea Fiber-Optic Sensing Networks",https://www.morningstar.com/news/pr-newswire/20260804da18576/nauticus-robotics-inc-and-strangeworks-collaborate-on-ai-optimized-deployment-of-undersea-fiber-optic-sensing-networks,2026-08-04,www.morningstar.com,,,,,,technology_only_not_application,1,0,0,0,0,4.723,,,,,,,,,,0.693147,0.693147,1.386294,,0.0,1.0,,,,,,,,,,,,,,,,,1,,,,,,,,,,,0.0,0.023207,1.0,,,,,,0,,0,1,1,1,1
pos_dd684dc89e276c8e,1,bronze,provisional_positive,needs_human_review,2026-09-22,weak-signals-63-v2,tech_36ac1cd33281,Advanced materials,Передовые материалы,two-dimensional semiconductor devices,устройства на двумерных полупроводниках,high-flux thermal management,управления высокими тепловыми потоками,two-dimensional semiconductor devices for high-flux thermal management,устройства на двумерных полупроводниках для управления высокими тепловыми потоками,en,two-dimensional semiconductor devices high-flux thermal management,Phonon Engineering in Two-Dimensional Materials for Thermal Devices,https://doi.org/10.53941/ldm.2026.100003,https://api.crossref.org/works/10.53941/ldm.2026.100003,https://doi.org/10.53941/ldm.2026.100003,2026-03-23,day,unknown,Scilight Press Pty Ltd,Phonon engineering in two-dimensional (2D) materials provides a method to regulate heat transfer for information processing and thermal management beyond conventional electronics.,same_abstract_sentence,,0.666667,2,relevant_works_in_top_200_crossref_results,curated_application+crossref_title_abstract_term_overlap+recent_science,Crossref publication supports search-term overlap only; weak-signal status and exact application require expert review.,unavailable,,,,,,,no_relevant_result,,,,,,,,,,,,,,,,found,IISER scientists develop ultra-thin electronic devices using novel 2D semiconductor,https://www.hindustantimes.com/cities/pune-news/iiser-scientists-develop-ultra-thin-electronic-devices-using-novel-2d-semiconductor-101771527761115.html,2026-02-19,www.hindustantimes.com,,,,,,technology_only_not_application,1,0,0,0,0,6.393,,,,,,,,,,0.693147,0.693147,0.693147,,0.0,0.0,,,,,,,,,,,,,,,,,1,,,,,,,,,,,0.0,0.005435,0.5,,,,,,0,,0,1,1,1,1
pos_d2fee21d118f54db,1,bronze,provisional_positive,needs_human_review,2026-09-22,weak-signals-63-v2,tech_f9192b14a45b,Food and agriculture,Пищевые и агротехнологии,vision-guided robotic weeding,роботизированная прополка с машинным зрением,sustainable aquaculture,устойчивой аквакультуры,vision-guided robotic weeding for sustainable aquaculture,роботизированная прополка с машинным зрением для устойчивой аквакультуры,en,vision-guided robotic weeding sustainable aquaculture,A Vision-Guided Autonomous Weeding Robot Using Image-Based Weed Classification for Sustainable Agriculture,https://doi.org/10.1007/978-3-032-08508-5_3,https://api.crossref.org/works/10.1007/978-3-032-08508-5_3,https://doi.org/10.1007/978-3-032-08508-5_3,2026-01-01,year,unknown,Springer Nature Switzerland,A Vision-Guided Autonomous Weeding Robot Using Image-Based Weed Classification for Sustainable Agriculture,title_terms_only,,0.608333,1,relevant_works_in_top_200_crossref_results,curated_application+crossref_title_abstract_term_overlap+recent_science,Crossref publication supports search-term overlap only; weak-signal status and exact application require expert review.,unavailable,,,,,,,no_relevant_result,,,,,,,,,,,,,,,,no_relevant_result,,,,,,,,,,,1,0,0,0,0,0.723,,,,,,,,,,0.693147,0.693147,0.693147,,0.25,0.0,,,,,,,,,,,,,,,,,1,,,,,,,,,,,0.0,0.090909,0.0,,,,,,0,,0,1,1,1,1
pos_3b3459f51ed00323,1,bronze,provisional_positive,needs_human_review,2026-09-22,weak-signals-63-v2,tech_5241ac78eed1,Fintech,Финтех,zero-knowledge reusable identity credentials,переиспользуемые идентификационные данные с доказательствами с нулевым разглашением,central bank digital currency,цифровых валют центральных банков,zero-knowledge reusable identity credentials for central bank digital currency,переиспользуемые идентификационные данные с доказательствами с нулевым разглашением для цифровых валют центральных банков,en,zero-knowledge reusable identity credentials central bank digital currency,Zero-Knowledge Proof Framework for Identity Verification and Interoperable Payments on the Decentralized Web,https://doi.org/10.1145/3795774,https://api.crossref.org/works/10.1145/3795774,https://doi.org/10.1145/3795774,2026-09-16,day,unknown,Association for Computing Machinery (ACM),Digital identity verification is central to trust management on the evolving decentralized web.,same_abstract_sentence,,0.6625,2,relevant_works_in_top_200_crossref_results,curated_application+crossref_title_abstract_term_overlap+recent_science,Crossref publication supports search-term overlap only; weak-signal status and exact application require expert review.,unavailable,,,,,,,no_relevant_result,,,,,,,,,,,,,,,,found,From Wallets To Passports To Monetization: Your Identity Reimagined,https://www.forbes.com/sites/digital-assets/2025/10/12/from-wallets-to-passports-to-monetization-your-identity-reimagined/,2025-10-12,www.forbes.com,,,,,,technology_only_not_application,0,0,0,1,0,0.723,,,,,,,,,,1.098612,1.098612,1.098612,,1.0,0.5,,,,,,,,,,,,,,,,,1,,,,,,,,,,,0.0,0.004008,0.0,,,,,,1,,0,1,1,1,1
pos_e845efc94957cfba,1,bronze,provisional_positive,needs_human_review,2026-09-22,weak-signals-63-v2,tech_44b6494eee17,Edge AI,Edge,adaptive edge-to-cloud inference routing,адаптивная маршрутизация инференса между устройством и облаком,autonomous vehicles,автономного транспорта,adaptive edge-to-cloud inference routing for autonomous vehicles,адаптивная маршрутизация инференса между устройством и облаком для автономного транспорта,en,adaptive edge-to-cloud inference routing autonomous vehicles,A Cloud-Edge Digital Twin Architecture for Adaptive Battery Health Management in Sustainable Transport Systems,https://doi.org/10.20944/preprints202601.1217.v1,https://api.crossref.org/works/10.20944/preprints202601.1217.v1,https://doi.org/10.20944/preprints202601.1217.v1,2026-01-16,day,unknown,MDPI AG,"This paper presents a cloud-edge digital twin framework designed to enhance battery lifecycle management within electric vehicles, contributing to sustainable transportation and advanced battery system engineering. The architecture integrates a static state-of-health (SOH) model trained offline with a dynamically retrained state-of-charge (SOC) model updated periodically via cloud-based machine learning. Using a public NASA battery dataset, the system employs random forest, light gradient boosting, and deep neural networks to achieve SOH estimation errors below 1.8% RMSE and SOC errors under 0",title_or_abstract_terms,,0.5,4,relevant_works_in_top_200_crossref_results,curated_application+crossref_title_abstract_term_overlap+recent_science,Crossref publication supports search-term overlap only; weak-signal status and exact application require expert review.,unavailable,,,,,,,no_relevant_result,,,,,,,,,,,,,,,,no_relevant_result,,,,,,,,,,,0,0,0,1,0,4.723,,,,,,,,,,1.098612,0.405465,0.405465,,0.090278,0.5,,,,,,,,,,,,,,,,,1,,,,,,,,,,,0.961538,0.022115,1.0,,,,,,1,,0,1,1,1,1
pos_2080153e412f0715,1,bronze,provisional_positive,needs_human_review,2026-09-22,weak-signals-63-v2,tech_6fea4324339f,Biotechnology,Биотехнологии и медицина,organoid intelligence,органоидный интеллект,gene therapy delivery,доставки генотерапевтических препаратов,organoid intelligence for gene therapy delivery,органоидный интеллект для доставки генотерапевтических препаратов,en,organoid intelligence gene therapy delivery,Hydrogel microsphere-mediated treatment of intervertebral disc degeneration and organoid construction,https://doi.org/10.36922/or026090012,https://api.crossref.org/works/10.36922/or026090012,https://doi.org/10.36922/or026090012,2026-05-15,day,unknown,AccScience Publishing,"Finally, future directions for hydrogel microsphere-based therapies for disc degeneration are envisioned, including multimodal smart-response design, personalized manufacturing, integrated organoid applications, and non-invasive, precise delivery technologies.",same_abstract_sentence,,0.675,3,relevant_works_in_top_200_crossref_results,curated_application+crossref_title_abstract_term_overlap+recent_science,Crossref publication supports search-term overlap only; weak-signal status and exact application require expert review.,unavailable,,,,,,,no_relevant_result,,,,,,,,,,,,,,,,found,Organoid Intelligence Market - Global Forecast to 2036; Biological Computing and Brain Organoids Drive Growth,https://finance.yahoo.com/technology/ai/articles/organoid-intelligence-market-global-forecast-110200493.html,2026-09-10,finance.yahoo.com,,,,,,technology_only_not_application,1,0,0,0,0,4.26,,,,,,,,,,1.098612,1.098612,1.791759,,0.0,0.0,,,,,,,,,,,,,,,,,1,,,,,,,,,,,0.0,0.0,0.0,,,,,,1,,0,1,1,1,1
pos_ec876f5c10dfce77,1,bronze,provisional_positive,needs_human_review,2026-09-22,weak-signals-63-v2,tech_b54c259cf36d,AI security,Защита ИИ,AI agent identity and delegated authorization,идентичность ИИ-агентов и делегированная авторизация,autonomous software engineering,автономной разработки программного обеспечения,AI agent identity and delegated authorization for autonomous software engineering,идентичность ИИ-агентов и делегированная авторизация для автономной разработки программного обеспечения,en,AI agent identity and delegated authorization autonomous software engineering,Identity and Access Control for Autonomous AI Agents: Dual-Principal Authorization in Enterprise Settings,https://doi.org/10.2139/ssrn.7305358,https://api.crossref.org/works/10.2139/ssrn.7305358,https://doi.org/10.2139/ssrn.7305358,2026-01-01,year,unknown,Elsevier BV,"Autonomous and semi-autonomous software agents now call tools, change records, and coordinate with other agents at machine speed. Identity and access management (IAM) in most enterprises still treats those agents as either human users with a session or as long-lived machine accounts with a shared secret. Neither treatment answers the questions that matter after an incident: which agent instance acted, on whose authority, for what task, and how that authority can be withdrawn without disabling the human. This working paper examines that gap as a problem of authorization design rather than of mo",title_or_abstract_terms,,0.753333,3,relevant_works_in_top_200_crossref_results,curated_application+crossref_title_abstract_term_overlap+recent_science,Crossref publication supports search-term overlap only; weak-signal status and exact application require expert review.,unavailable,,,,,,,no_relevant_result,,,,,,,,,,,,,,,,found,How Do AI Agents Make Payments? From Authorization to Settlement,https://tradebrains.in/brand/how-do-ai-agents-make-payments-from-authorization-to-settlement-12566534,2026-09-21,tradebrains.in,,,,,,technology_only_not_application,0,0,0,1,0,1.177,,,,,,,,,,1.386294,1.386294,1.386294,,0.0,1.0,,,,,,,,,,,,,,,,,1,,,,,,,,,,,0.0,0.005502,0.0,,,,,,1,,0,1,1,1,1
pos_0e4759ba8371d6cc,1,bronze,provisional_positive,needs_human_review,2026-09-22,weak-signals-63-v2,tech_48b6f21c07ca,Industrial AI,Индустриальный ИИ,compiler-verified language model generated PLC code,генерация кода ПЛК языковыми моделями с проверкой компилятором,industrial microgrids,промышленных микросетей,compiler-verified language model generated PLC code for industrial microgrids,генерация кода ПЛК языковыми моделями с проверкой компилятором для промышленных микросетей,en,compiler-verified language model generated PLC code industrial microgrids,PROBE: An Executable Physics-Validation Benchmark for LLM-Generated Process Model Code,https://doi.org/10.26434/chemrxiv.15007535/v1,https://api.crossref.org/works/10.26434/chemrxiv.15007535/v1,https://doi.org/10.26434/chemrxiv.15007535/v1,2026-08-17,day,unknown,American Chemical Society (ACS),"Large language models (LLMs) are increasingly proposed as assistants for chemical process modeling, yet existing benchmarks grade them with LLM judges, which are lenient and not reproducible. We introduce PROBE, an executable benchmark that scores LLM-generated first-principles process models objectively, and report an initial pilot study across ten reference tasks. PROBE evaluates contract-bound implementation—turning a specified model into correct, simulable code under a fixed input/output contract—rather than unconstrained model formulation from an underspecified engineering description. Ea",title_or_abstract_terms,,0.608333,3,relevant_works_in_top_200_crossref_results,curated_application+crossref_title_abstract_term_overlap+recent_science,Crossref publication supports search-term overlap only; weak-signal status and exact application require expert review.,unavailable,,,,,,,no_relevant_result,,,,,,,,,,,,,,,,no_relevant_result,,,,,,,,,,,0,0,0,1,0,0.298,,,,,,,,,,1.386294,1.386294,1.386294,,0.0,0.333333,,,,,,,,,,,,,,,,,1,,,,,,,,,,,0.0,0.015873,0.333333,,,,,,1,,0,1,1,1,1
pos_8b9b40f04c0e794b,1,bronze,provisional_positive,needs_human_review,2026-09-22,weak-signals-63-v2,tech_c4d4a95e99c6,AI infrastructure,Инфраструктура ИИ,neuromorphic processors,нейроморфные процессоры,low-energy AI data centers,энергоэффективных центров обработки данных ИИ,neuromorphic processors for low-energy AI data centers,нейроморфные процессоры для энергоэффективных центров обработки данных ИИ,en,neuromorphic processors low-energy AI data centers,Network Anomaly Detection Using Neuromorphic Approaches,https://doi.org/10.5772/intechopen.1016836,https://api.crossref.org/works/10.5772/intechopen.1016836,https://doi.org/10.5772/intechopen.1016836,2026-08-25,day,unknown,IntechOpen,"While a number of surveys have looked into neuromorphic computing in the context of AI, most of them do not specifically address the unique challenges that arise in network security.",same_abstract_sentence,,0.5,1,relevant_works_in_top_200_crossref_results,curated_application+crossref_title_abstract_term_overlap+recent_science,Crossref publication supports search-term overlap only; weak-signal status and exact application require expert review.,unavailable,,,,,,,no_relevant_result,,,,,,,,,,,,,,,,found,Why Is Microchip Technology (MCHP) Getting Fresh Edge AI Validation?,https://uk.finance.yahoo.com/news/why-microchip-technology-mchp-getting-031710426.html,2026-09-18,uk.finance.yahoo.com,,,,,,technology_only_not_application,1,0,0,0,0,0.077,,,,,,,,,,0.693147,0.693147,0.693147,,0.0,0.0,,,,,,,,,,,,,,,,,1,,,,,,,,,,,0.0,0.041841,0.0,,,,,,0,,0,1,1,1,1
pos_f24977a5e0056ee9,1,bronze,provisional_positive,needs_human_review,2026-09-22,weak-signals-63-v2,tech_f6b80fafee65,Space and ocean,Космос и океан,in-space robotic manufacturing,роботизированное производство в космосе,precision agriculture,точного земледелия,in-space robotic manufacturing for precision agriculture,роботизированное производство в космосе для точного земледелия,en,in-space robotic manufacturing precision agriculture,Energy Intensity of Robotic Welding Operations in Automotive Manufacturing,https://doi.org/10.31224/6887,https://api.crossref.org/works/10.31224/6887,https://doi.org/10.31224/6887,2026-04-21,day,unknown,Open Engineering Inc,"The paper further integrates these findings with the Selective Precision Manufacturing (SPM) framework, demonstrating that tolerance-driven process simplification can directly reduce energy demand at the system level.",same_abstract_sentence,,0.608333,4,relevant_works_in_top_200_crossref_results,curated_application+crossref_title_abstract_term_overlap+recent_science,Crossref publication supports search-term overlap only; weak-signal status and exact application require expert review.,unavailable,,,,,,,no_relevant_result,,,,,,,,,,,,,,,,no_relevant_result,,,,,,,,,,,1,0,0,0,0,6.051,,,,,,,,,,1.386294,1.386294,1.386294,,0.0,0.666667,,,,,,,,,,,,,,,,,1,,,,,,,,,,,0.0,0.005386,1.0,,,,,,1,,0,1,1,1,1
pos_4ff3453af0db099b,1,bronze,provisional_positive,needs_human_review,2026-09-22,weak-signals-63-v2,tech_36ac1cd33281,Advanced materials,Передовые материалы,two-dimensional semiconductor devices,устройства на двумерных полупроводниках,grid-scale energy storage,сетевых накопителей энергии,two-dimensional semiconductor devices for grid-scale energy storage,устройства на двумерных полупроводниках для сетевых накопителей энергии,en,two-dimensional semiconductor devices grid-scale energy storage,"Review for ""Recent progress in synthesis and properties of two-dimensional boron carbon nitride for application in energy storage devices""",https://doi.org/10.1088/1402-4896/adaaac/v2/review2,https://api.crossref.org/works/10.1088/1402-4896/adaaac/v2/review2,https://doi.org/10.1088/1402-4896/adaaac/v2/review2,2024-12-28,day,unknown,IOP Publishing,"Review for ""Recent progress in synthesis and properties of two-dimensional boron carbon nitride for application in energy storage devices""",title_terms_only,,0.666667,5,relevant_works_in_top_200_crossref_results,curated_application+crossref_title_abstract_term_overlap+recent_science,Crossref publication supports search-term overlap only; weak-signal status and exact application require expert review.,unavailable,,,,,,,no_relevant_result,,,,,,,,,,,,,,,,found,IISER scientists develop ultra-thin electronic devices using novel 2D semiconductor,https://www.hindustantimes.com/cities/pune-news/iiser-scientists-develop-ultra-thin-electronic-devices-using-novel-2d-semiconductor-101771527761115.html,2026-02-19,www.hindustantimes.com,,,,,,technology_only_not_application,1,0,0,0,0,8.493,,,,,,,,,,1.609438,0.0,-1.098612,,0.0,0.0,,,,,,,,,,,,,,,,,1,,,,,,,,,,,0.0,0.041379,0.0,,,,,,0,,0,1,1,1,1
pos_42fe01b4bcf87f6e,1,bronze,provisional_positive,needs_human_review,2026-09-22,weak-signals-63-v2,tech_f9192b14a45b,Food and agriculture,Пищевые и агротехнологии,vision-guided robotic weeding,роботизированная прополка с машинным зрением,smallholder farming,малых фермерских хозяйств,vision-guided robotic weeding for smallholder farming,роботизированная прополка с машинным зрением для малых фермерских хозяйств,en,vision-guided robotic weeding smallholder farming,Precision weeding in sugar beet farming: UAV monitoring of robotic systems,https://doi.org/10.1163/9789004725232_086,https://api.crossref.org/works/10.1163/9789004725232_086,https://doi.org/10.1163/9789004725232_086,2025-06-18,day,unknown,Brill | Wageningen Academic,Precision weeding in sugar beet farming: UAV monitoring of robotic systems,title_terms_only,,0.608333,1,relevant_works_in_top_200_crossref_results,curated_application+crossref_title_abstract_term_overlap+recent_science,Crossref publication supports search-term overlap only; weak-signal status and exact application require expert review.,unavailable,,,,,,,no_relevant_result,,,,,,,,,,,,,,,,no_relevant_result,,,,,,,,,,,1,0,0,0,0,1.262,,,,,,,,,,0.693147,0.693147,0.693147,,0.133333,0.0,,,,,,,,,,,,,,,,,1,,,,,,,,,,,0.0,0.0,0.0,,,,,,0,,0,1,1,1,1
pos_1bde775c4d465e6c,1,bronze,provisional_positive,needs_human_review,2026-09-22,weak-signals-63-v2,tech_5b2a1cc5338a,Fintech,Финтех,tokenized commercial bank deposits,токенизированные депозиты коммерческих банков,trade finance,торгового финансирования,tokenized commercial bank deposits for trade finance,токенизированные депозиты коммерческих банков для торгового финансирования,en,tokenized commercial bank deposits trade finance,"Stablecoins as a New Monetary Layer: Market Structure, Reserve Design, and the Competition with Tokenized Deposits",https://doi.org/10.14505/tpref.v17.2(38).21,https://api.crossref.org/works/10.14505/tpref.v17.2(38).21,https://doi.org/10.14505/tpref.v17.2(38).21,2026-06-30,day,unknown,SC ASERS SRL,"This paper synthesizes that literature into a single integrative argument: stablecoins should be analyzed as a distinct monetary layer within tokenized finance, evaluated against the BIS framework of singleness, elasticity, and integrity, and compared with tokenized deposits as their most relevant institutional alternative.",same_abstract_sentence,,0.6625,14,relevant_works_in_top_200_crossref_results,curated_application+crossref_title_abstract_term_overlap+recent_science,Crossref publication supports search-term overlap only; weak-signal status and exact application require expert review.,unavailable,,,,,,,no_relevant_result,,,,,,,,,,,,,,,,found,Wells Fargo to launch tokenized deposits for corporate clients,https://techannouncer.com/tokenized-deposits-wells-fargo-corporate-launch/,2026-09-17,techannouncer.com,,,,,,technology_only_not_application,0,0,0,1,0,5.722,,,,,,,,,,2.564949,1.791759,2.197225,,0.0,0.636364,,,,,,,,,,,,,,,,,1,,,,,,,,,,,0.0,0.002915,0.214286,,,,,,1,,0,1,1,1,1
pos_7101fb5bc5755b24,1,bronze,provisional_positive,needs_human_review,2026-09-22,weak-signals-63-v2,tech_44b6494eee17,Edge AI,Edge,adaptive edge-to-cloud inference routing,адаптивная маршрутизация инференса между устройством и облаком,wildlife monitoring,мониторинга дикой природы,adaptive edge-to-cloud inference routing for wildlife monitoring,адаптивная маршрутизация инференса между устройством и облаком для мониторинга дикой природы,en,adaptive edge-to-cloud inference routing wildlife monitoring,A Cloud-Edge Digital Twin Architecture for Adaptive Battery Health Management in Sustainable Transport Systems,https://doi.org/10.20944/preprints202601.1217.v1,https://api.crossref.org/works/10.20944/preprints202601.1217.v1,https://doi.org/10.20944/preprints202601.1217.v1,2026-01-16,day,unknown,MDPI AG,"This adaptive digital twin supports predictive maintenance, real-time health monitoring, and optimized battery utilization, aligning with smart manufacturing and sustainable energy system goals by extending operational life and improving reliability in EV applications.",same_abstract_sentence,,0.5,3,relevant_works_in_top_200_crossref_results,curated_application+crossref_title_abstract_term_overlap+recent_science,Crossref publication supports search-term overlap only; weak-signal status and exact application require expert review.,unavailable,,,,,,,no_relevant_result,,,,,,,,,,,,,,,,no_relevant_result,,,,,,,,,,,0,0,0,1,0,0.723,,,,,,,,,,1.386294,1.386294,1.386294,,0.0,1.0,,,,,,,,,,,,,,,,,1,,,,,,,,,,,0.0,0.032323,1.0,,,,,,1,,0,1,1,1,1
pos_78e3fb84b0960d75,1,bronze,provisional_positive,needs_human_review,2026-09-22,weak-signals-63-v2,tech_ef41e16678ef,Biotechnology,Биотехнологии и медицина,programmable epigenome editing,программируемое редактирование эпигенома,rare disease treatment,лечения редких заболеваний,programmable epigenome editing for rare disease treatment,программируемое редактирование эпигенома для лечения редких заболеваний,en,programmable epigenome editing rare disease treatment,"Epigenome Editing: Emerging Tools, Therapeutic Applications, and Challenges in Human Disease Treatment",https://doi.org/10.38042/biotechstudies.1830114,https://api.crossref.org/works/10.38042/biotechstudies.1830114,https://doi.org/10.38042/biotechstudies.1830114,2026-03-05,day,unknown,Field Crops Central Research Institute,"This review explores epigenetic mechanisms, genome editing technologies for epigenetic modulation, and their applications in disease contexts, such as cancer and neurodegeneration, with reference to both in vitro and in vivo studies demonstrating therapeutic potential.",same_abstract_sentence,,0.666667,4,relevant_works_in_top_200_crossref_results,curated_application+crossref_title_abstract_term_overlap+recent_science,Crossref publication supports search-term overlap only; weak-signal status and exact application require expert review.,unavailable,,,,,,,no_relevant_result,,,,,,,,,,,,,,,,found,Omega Therapeutics Stock: Pioneering RNA Editing in Biotech Precision Medicine Landscape,https://www.ad-hoc-news.de/boerse/news/ueberblick/omega-therapeutics-stock-pioneering-rna-editing-in-biotech-precision/69007485,2026-03-27,www.ad-hoc-news.de,,Epitome Therapeutics Raises €4 Million To Advance Epigenome Editing Platform,https://pulse2.com/epitome-therapeutics-raises-e4-million-to-advance-epigenome-editing-platform/,2026-07-06,€4 M,technology_only_not_application,1,0,0,0,0,6.434,,,,,,,,,,1.098612,-0.405465,-1.504077,,0.0,0.0,,,,,,,,,,,,,,,,,1,,,,,,,,,,,1.084599,0.001085,0.25,,,,,,0,,0,1,1,1,1
pos_59f1b98bd37f0272,1,bronze,provisional_positive,needs_human_review,2026-09-22,weak-signals-63-v2,tech_b54c259cf36d,AI security,Защита ИИ,AI agent identity and delegated authorization,идентичность ИИ-агентов и делегированная авторизация,autonomous healthcare decisions,автономных решений в здравоохранении,AI agent identity and delegated authorization for autonomous healthcare decisions,идентичность ИИ-агентов и делегированная авторизация для автономных решений в здравоохранении,en,AI agent identity and delegated authorization autonomous healthcare decisions,Execution-Time Authorization for AI Agents: A Formal Framework for Deterministic Governance Boundaries,https://doi.org/10.2139/ssrn.6300558,https://api.crossref.org/works/10.2139/ssrn.6300558,https://doi.org/10.2139/ssrn.6300558,2026-01-01,year,unknown,Elsevier BV,"Execution-time authorization is established as a foundational primitive for enforcement-grade AI governance, providing pre-execution, deterministic, and independently verifiable decision control for autonomous systems.",same_abstract_sentence,,0.753333,2,relevant_works_in_top_200_crossref_results,curated_application+crossref_title_abstract_term_overlap+recent_science,Crossref publication supports search-term overlap only; weak-signal status and exact application require expert review.,unavailable,,,,,,,no_relevant_result,,,,,,,,,,,,,,,,found,How Do AI Agents Make Payments? From Authorization to Settlement,https://tradebrains.in/brand/how-do-ai-agents-make-payments-from-authorization-to-settlement-12566534,2026-09-21,tradebrains.in,,,,,,technology_only_not_application,0,0,0,1,0,1.177,,,,,,,,,,1.098612,1.098612,1.098612,,0.035714,1.0,,,,,,,,,,,,,,,,,1,,,,,,,,,,,0.0,0.002212,0.0,,,,,,1,,0,1,1,1,1
pos_e5ba578f67e7ac6f,1,bronze,provisional_positive,needs_human_review,2026-09-22,weak-signals-63-v2,tech_48b6f21c07ca,Industrial AI,Индустриальный ИИ,compiler-verified language model generated PLC code,генерация кода ПЛК языковыми моделями с проверкой компилятором,food manufacturing,пищевого производства,compiler-verified language model generated PLC code for food manufacturing,генерация кода ПЛК языковыми моделями с проверкой компилятором для пищевого производства,en,compiler-verified language model generated PLC code food manufacturing,Multi-Hardware Benchmarking of Open-Source Large Language Models with Retrieval-Augmented Generation for Mitsubishi FX-Series PLC Instruction List Code Generation,https://doi.org/10.3390/s26113602,https://api.crossref.org/works/10.3390/s26113602,https://doi.org/10.3390/s26113602,2026-06-05,day,unknown,MDPI AG,"The results indicate that for deprecated-but-deployed industrial languages a curated dialect corpus paired with a locally-hosted open-source LLM is more effective than scaling raw model size, supporting reproducible, on-premise industrial-monitoring and code-generation tooling for sustainable smart manufacturing.",same_abstract_sentence,,0.608333,1,relevant_works_in_top_200_crossref_results,curated_application+crossref_title_abstract_term_overlap+recent_science,Crossref publication supports search-term overlap only; weak-signal status and exact application require expert review.,unavailable,,,,,,,no_relevant_result,,,,,,,,,,,,,,,,no_relevant_result,,,,,,,,,,,0,0,0,1,0,0.298,,,,,,,,,,0.693147,0.693147,0.693147,,0.0,0.0,,,,,,,,,,,,,,,,,1,,,,,,,,,,,0.0,0.015385,0.0,,,,,,0,,0,1,1,1,1
pos_e5efa2c960611b96,1,bronze,provisional_positive,needs_human_review,2026-09-22,weak-signals-63-v2,tech_c4d4a95e99c6,AI infrastructure,Инфраструктура ИИ,neuromorphic processors,нейроморфные процессоры,long-context language model inference,инференса языковых моделей с длинным контекстом,neuromorphic processors for long-context language model inference,нейроморфные процессоры для инференса языковых моделей с длинным контекстом,en,neuromorphic processors long-context language model inference,Dynamical systems foundations for neuromorphic intelligence,https://doi.org/10.1088/2634-4386/ae5380,https://api.crossref.org/works/10.1088/2634-4386/ae5380,https://doi.org/10.1088/2634-4386/ae5380,2026-03-01,day,unknown,IOP Publishing,"Abstract Neuromorphic computing seeks to replicate the remarkable efficiency, flexibility, and adaptability of the human brain in artificial systems. Unlike conventional digital approaches, which suffer from the Von Neumann bottleneck and depend on massive computational and energy resources, neuromorphic systems exploit brain-inspired principles of computation to achieve orders of magnitude greater energy efficiency. By drawing on insights from a wide range of disciplines—including artificial intelligence (AI), physics, chemistry, biology, neuroscience, cognitive science and materials science—",title_or_abstract_terms,,0.5,1,relevant_works_in_top_200_crossref_results,curated_application+crossref_title_abstract_term_overlap+recent_science,Crossref publication supports search-term overlap only; weak-signal status and exact application require expert review.,unavailable,,,,,,,found,Neuromorphic Spike-Based Large Language Model (NSLLM): The next-generation AI inference architecture for enhanced efficiency and interpretability,https://www.eurekalert.org/news-releases/1110996,2025-12-23,www.eurekalert.org,"Large language models (LLMs) have become crucial tools in the pursuit of artificial general intelligence (AGI). However, as the user base expands and the frequency of usage increases, deploying these ...",,,,,,,,,,,found,Why Is Microchip Technology (MCHP) Getting Fresh Edge AI Validation?,https://uk.finance.yahoo.com/news/why-microchip-technology-mchp-getting-031710426.html,2026-09-18,uk.finance.yahoo.com,,,,,,technology_only_not_application,1,0,0,0,0,0.561,,,,,,,,,,0.693147,0.693147,0.693147,,0.0,0.0,,,,,,,,,,,,,,,,,2,,,,,,,,,,,0.0,0.019324,1.0,,,,,,0,,0,1,1,1,1
pos_04265fe376b6d0ef,1,bronze,provisional_positive,needs_human_review,2026-09-22,weak-signals-63-v2,tech_f6b80fafee65,Space and ocean,Космос и океан,in-space robotic manufacturing,роботизированное производство в космосе,mineral exploration,разведки полезных ископаемых,in-space robotic manufacturing for mineral exploration,роботизированное производство в космосе для разведки полезных ископаемых,en,in-space robotic manufacturing mineral exploration,Space debris material sourcing for in-space manufacturing: a quantitative evaluation framework,https://doi.org/10.3389/frspt.2025.1690460,https://api.crossref.org/works/10.3389/frspt.2025.1690460,https://doi.org/10.3389/frspt.2025.1690460,2026-01-09,day,unknown,Frontiers Media SA,The increasing accumulation of space debris presents significant challenges to sustainable space exploration while offering opportunities for material reuse through in-space manufacturing.,same_abstract_sentence,,0.608333,9,relevant_works_in_top_200_crossref_results,curated_application+crossref_title_abstract_term_overlap+recent_science,Crossref publication supports search-term overlap only; weak-signal status and exact application require expert review.,unavailable,,,,,,,no_relevant_result,,,,,,,,,,,,,,,,no_relevant_result,,,,,,,,,,,1,0,0,0,0,6.431,,,,,,,,,,0.693147,0.693147,0.693147,,0.125,0.0,,,,,,,,,,,,,,,,,1,,,,,,,,,,,0.0,0.002571,0.111111,,,,,,0,,0,1,1,1,1
pos_6f1c4579dabc7d7d,1,bronze,provisional_positive,needs_human_review,2026-09-22,weak-signals-63-v2,tech_36ac1cd33281,Advanced materials,Передовые материалы,two-dimensional semiconductor devices,устройства на двумерных полупроводниках,circular manufacturing,циклического производства,two-dimensional semiconductor devices for circular manufacturing,устройства на двумерных полупроводниках для циклического производства,en,two-dimensional semiconductor devices circular manufacturing,Advances in Semiconductor Materials and Devices: Beyond the Silicon Horizon,https://doi.org/10.5772/intechopen.1014039,https://api.crossref.org/works/10.5772/intechopen.1014039,https://doi.org/10.5772/intechopen.1014039,2026-08-17,day,unknown,IntechOpen,"This chapter provides a comprehensive overview of these emerging semiconductor frontiers, emphasizing the convergence of materials science, device physics, manufacturing technologies, and artificial intelligence in shaping the next generation of electronic systems.",same_abstract_sentence,,0.608333,1,relevant_works_in_top_200_crossref_results,curated_application+crossref_title_abstract_term_overlap+recent_science,Crossref publication supports search-term overlap only; weak-signal status and exact application require expert review.,unavailable,,,,,,,no_relevant_result,,,,,,,,,,,,,,,,found,IISER scientists develop ultra-thin electronic devices using novel 2D semiconductor,https://www.hindustantimes.com/cities/pune-news/iiser-scientists-develop-ultra-thin-electronic-devices-using-novel-2d-semiconductor-101771527761115.html,2026-02-19,www.hindustantimes.com,,,,,,technology_only_not_application,1,0,0,0,0,0.099,,,,,,,,,,0.693147,0.693147,0.693147,,0.0,0.0,,,,,,,,,,,,,,,,,1,,,,,,,,,,,3.90625,0.070312,1.0,,,,,,0,,0,1,1,1,1
pos_059798122d602cdb,1,bronze,provisional_positive,needs_human_review,2026-09-22,weak-signals-63-v2,tech_f9192b14a45b,Food and agriculture,Пищевые и агротехнологии,vision-guided robotic weeding,роботизированная прополка с машинным зрением,vertical farming,вертикального земледелия,vision-guided robotic weeding for vertical farming,роботизированная прополка с машинным зрением для вертикального земледелия,en,vision-guided robotic weeding vertical farming,Precision weeding in sugar beet farming: UAV monitoring of robotic systems,https://doi.org/10.1163/9789004725232_086,https://api.crossref.org/works/10.1163/9789004725232_086,https://doi.org/10.1163/9789004725232_086,2025-06-18,day,unknown,Brill | Wageningen Academic,Precision weeding in sugar beet farming: UAV monitoring of robotic systems,title_terms_only,,0.608333,1,relevant_works_in_top_200_crossref_results,curated_application+crossref_title_abstract_term_overlap+recent_science,Crossref publication supports search-term overlap only; weak-signal status and exact application require expert review.,unavailable,,,,,,,no_relevant_result,,,,,,,,,,,,,,,,no_relevant_result,,,,,,,,,,,1,0,0,0,0,1.262,,,,,,,,,,0.693147,0.693147,0.693147,,0.133333,0.0,,,,,,,,,,,,,,,,,1,,,,,,,,,,,0.0,0.0,0.0,,,,,,0,,0,1,1,1,1
pos_2887150655bef402,1,bronze,provisional_positive,needs_human_review,2026-09-22,weak-signals-63-v2,tech_5b2a1cc5338a,Fintech,Финтех,tokenized commercial bank deposits,токенизированные депозиты коммерческих банков,insurance underwriting,страхового андеррайтинга,tokenized commercial bank deposits for insurance underwriting,токенизированные депозиты коммерческих банков для страхового андеррайтинга,en,tokenized commercial bank deposits insurance underwriting,Stablecoins vs. Tokenized Deposits: The Narrow Banking Debate Revisited,https://doi.org/10.59576/sr.1179,https://api.crossref.org/works/10.59576/sr.1179,https://doi.org/10.59576/sr.1179,2026-02-01,month,unknown,Federal Reserve Bank of New York,"We study how the type of money used in blockchain-based trade affects interest rates, investment, and welfare. Stablecoins in our model are backed by safe assets, while banks issue deposits (both traditional and tokenized) to fund a portfolio of safe and risky assets. Deposit insurance creates a risk-shifting incentive for banks, and regulation increases banks’ costs. If regulatory costs are large and risk-shifting is limited, we show that allowing only tokenized deposits to be used in crypto trade raises welfare by expanding bank credit. If regulation is lighter and the risk-shifting incentiv",title_or_abstract_terms,,0.6625,7,relevant_works_in_top_200_crossref_results,curated_application+crossref_title_abstract_term_overlap+recent_science,Crossref publication supports search-term overlap only; weak-signal status and exact application require expert review.,unavailable,,,,,,,no_relevant_result,,,,,,,,,,,,,,,,found,Wells Fargo to launch tokenized deposits for corporate clients,https://techannouncer.com/tokenized-deposits-wells-fargo-corporate-launch/,2026-09-17,techannouncer.com,,,,,,technology_only_not_application,1,0,0,0,0,7.723,,,,,,,,,,1.609438,1.609438,2.70805,,0.0,0.75,,,,,,,,,,,,,,,,,1,,,,,,,,,,,0.0,0.00304,0.142857,,,,,,1,,0,1,1,1,1
pos_49169836549bf9cf,1,bronze,provisional_positive,needs_human_review,2026-09-22,weak-signals-63-v2,tech_44b6494eee17,Edge AI,Edge,adaptive edge-to-cloud inference routing,адаптивная маршрутизация инференса между устройством и облаком,point-of-care diagnostics,диагностики непосредственно у пациента,adaptive edge-to-cloud inference routing for point-of-care diagnostics,адаптивная маршрутизация инференса между устройством и облаком для диагностики непосредственно у пациента,en,adaptive edge-to-cloud inference routing point-of-care diagnostics,Hierarchical Adaptive Conformal Inference for Reliable Uncertainty Quantification in Edge-Deployable Medical Wearables,https://doi.org/10.2139/ssrn.6094246,https://api.crossref.org/works/10.2139/ssrn.6094246,https://doi.org/10.2139/ssrn.6094246,2026-01-01,year,unknown,Elsevier BV,"Wearable medical devices enable continuous health monitoring, yet deploying reliable AI diagnostics remains challenging. Deep learning classifiers lack statistically rigorous uncertainty quantification, and standard conformal prediction methods fail under the multi-scale physiological drift inherent to streaming biosignals. We present Hierarchical Adaptive Conformal Inference (H-ACI), a framework achieving valid coverage guarantees while operating within tight memory constraints (&lt;3 KB). H-ACI employs parallel adaptive conformal predictors at different timescales, aggregated via exponential",title_or_abstract_terms,,0.5,1,relevant_works_in_top_200_crossref_results,curated_application+crossref_title_abstract_term_overlap+recent_science,Crossref publication supports search-term overlap only; weak-signal status and exact application require expert review.,unavailable,,,,,,,no_relevant_result,,,,,,,,,,,,,,,,no_relevant_result,,,,,,,,,,,0,0,0,1,0,0.723,,,,,,,,,,0.693147,0.693147,0.693147,,0.0,1.0,,,,,,,,,,,,,,,,,1,,,,,,,,,,,0.0,0.006536,0.0,,,,,,0,,0,1,1,1,1
pos_e1cc96562817c072,1,bronze,provisional_positive,needs_human_review,2026-09-22,weak-signals-63-v2,tech_b59177054834,Biotechnology,Биотехнологии и медицина,biohybrid living actuators,биогибридные приводы из живой ткани,rare disease treatment,лечения редких заболеваний,biohybrid living actuators for rare disease treatment,биогибридные приводы из живой ткани для лечения редких заболеваний,en,biohybrid living actuators rare disease treatment,Biohybrid miniature robots using living organisms,https://doi.org/10.1088/2631-7990/ae34f9,https://api.crossref.org/works/10.1088/2631-7990/ae34f9,https://doi.org/10.1088/2631-7990/ae34f9,2026-02-13,day,unknown,IOP Publishing,"Due to their superior biocompatibility and living biological function, living biohybrid miniature robots (LBMs) have great clinical applications in vivo disease diagnosis and treatment, and in extreme environment sensing, search, and rescue.",same_abstract_sentence,,0.666667,1,relevant_works_in_top_200_crossref_results,curated_application+crossref_title_abstract_term_overlap+recent_science,Crossref publication supports search-term overlap only; weak-signal status and exact application require expert review.,unavailable,,,,,,,no_relevant_result,,,,,,,,,,,,,,,,found,Biohybrid Robotics,https://www.nature.com/collections/ccagjehcfi/participating-journals,2025-12-22,www.nature.com,https://www.mccormick.northwestern.edu/magazine/spring-2025/biohybrid-systems-for-better-living/,,,,,technology_only_not_application,0,1,0,0,0,0.605,,,,,,,,,,0.693147,0.693147,0.693147,,0.0,0.0,,,,,,,,,,,,,,,,,1,,,,,,,,,,,0.0,0.0,0.0,,,,,,0,,0,1,1,1,1
pos_e1dad4bd7ca12053,1,bronze,provisional_positive,needs_human_review,2026-09-22,weak-signals-63-v2,tech_914ccf8d83e7,AI security,Защита ИИ,memory poisoning defense for AI agents,защита памяти ИИ-агентов от отравления,autonomous software engineering,автономной разработки программного обеспечения,memory poisoning defense for AI agents for autonomous software engineering,защита памяти ИИ-агентов от отравления для автономной разработки программного обеспечения,en,memory poisoning defense for AI agents autonomous software engineering,"Prompt Injection Attacks: Theory, Techniques, Defense, and Secure AI Systems",https://doi.org/10.2139/ssrn.6816879,https://api.crossref.org/works/10.2139/ssrn.6816879,https://doi.org/10.2139/ssrn.6816879,2026-01-01,year,unknown,Elsevier BV,"Unlike traditional software exploits that target code execution or memory corruption, prompt injection manipulates natural language instructions to alter an AI system's intended behavior.",same_abstract_sentence,,0.753333,1,relevant_works_in_top_200_crossref_results,curated_application+crossref_title_abstract_term_overlap+recent_science,Crossref publication supports search-term overlap only; weak-signal status and exact application require expert review.,unavailable,,,,,,,no_relevant_result,,,,,,,,,,,,,,,,found,The memory problem holding back AI security agents,https://www.computing.co.uk/feature/2026/the-memory-problem-holding-back-ai-security-agents,2026-07-08,www.computing.co.uk,,,,,,technology_only_not_application,0,0,0,1,0,0.723,,,,,,,,,,0.693147,0.693147,0.693147,,0.0,1.0,,,,,,,,,,,,,,,,,1,,,,,,,,,,,0.0,0.0,0.0,,,,,,0,,0,1,1,1,1
pos_1d1ff6080b4a9b51,1,bronze,provisional_positive,needs_human_review,2026-09-22,weak-signals-63-v2,tech_48b6f21c07ca,Industrial AI,Индустриальный ИИ,compiler-verified language model generated PLC code,генерация кода ПЛК языковыми моделями с проверкой компилятором,pharmaceutical manufacturing,фармацевтического производства,compiler-verified language model generated PLC code for pharmaceutical manufacturing,генерация кода ПЛК языковыми моделями с проверкой компилятором для фармацевтического производства,en,compiler-verified language model generated PLC code pharmaceutical manufacturing,Multi-Hardware Benchmarking of Open-Source Large Language Models with Retrieval-Augmented Generation for Mitsubishi FX-Series PLC Instruction List Code Generation,https://doi.org/10.3390/s26113602,https://api.crossref.org/works/10.3390/s26113602,https://doi.org/10.3390/s26113602,2026-06-05,day,unknown,MDPI AG,"The results indicate that for deprecated-but-deployed industrial languages a curated dialect corpus paired with a locally-hosted open-source LLM is more effective than scaling raw model size, supporting reproducible, on-premise industrial-monitoring and code-generation tooling for sustainable smart manufacturing.",same_abstract_sentence,,0.608333,1,relevant_works_in_top_200_crossref_results,curated_application+crossref_title_abstract_term_overlap+recent_science,Crossref publication supports search-term overlap only; weak-signal status and exact application require expert review.,unavailable,,,,,,,no_relevant_result,,,,,,,,,,,,,,,,no_relevant_result,,,,,,,,,,,0,0,0,1,0,0.298,,,,,,,,,,0.693147,0.693147,0.693147,,0.0,0.0,,,,,,,,,,,,,,,,,1,,,,,,,,,,,0.0,0.015385,0.0,,,,,,0,,0,1,1,1,1
pos_7eb6f7d004e7dfb9,1,bronze,provisional_positive,needs_human_review,2026-09-22,weak-signals-63-v2,tech_a53d6cffd6c7,Space and ocean,Космос и океан,orbital edge computing,орбитальные периферийные вычисления,resilient communications,устойчивой связи,orbital edge computing for resilient communications,орбитальные периферийные вычисления для устойчивой связи,en,orbital edge computing resilient communications,2026 IEEE International Conference on Edge Computing and Communications (EDGE),https://doi.org/10.1109/edge72783.2026,https://api.crossref.org/works/10.1109/edge72783.2026,https://doi.org/10.1109/edge72783.2026,2026-01-01,year,unknown,IEEE,2026 IEEE International Conference on Edge Computing and Communications (EDGE),title_terms_only,,0.608333,6,relevant_works_in_top_200_crossref_results,curated_application+crossref_title_abstract_term_overlap+recent_science,Crossref publication supports search-term overlap only; weak-signal status and exact application require expert review.,unavailable,,,,,,,found,"Nokia launches AI and edge platform to help enterprises run safer, more resilient field operations",https://www.telecomtv.com/content/digital-platforms-services/nokia-launches-ai-and-edge-platform-to-help-enterprises-run-safer-more-resilient-field-operations-56215/,2026-09-10,www.telecomtv.com,"Nokia introduces Cognitive Operations (CO), a new commercially available platform that unifies mission-critical communications, edge computing and operational ...",,,,,,,,,,,found,Sophia Space Sets $300 Million Asset Financing Framework With SLI For 10-Satellite Orbital Computing Constellation,https://pulse2.com/sophia-space-sets-300-million-asset-financing-framework-with-sli-for-10-satellite-orbital-computing-constellation/,2026-09-21,pulse2.com,,Galaxia closes $4.5 million CAD Seed round to scale orbital edge computing hardware,https://spaceq.ca/galaxia-closes-4-5-million-cad-seed-round-to-scale-orbital-edge-computing-hardware/,2026-09-11,$4.5 m,technology_only_not_application,0,0,0,1,0,4.723,,,,,,,,,,1.609438,-0.287682,-0.980829,,0.0,0.0,,,,,,,,,,,,,,,,,2,,,,,,,,,,,0.0,0.048583,0.0,,,,,,0,,0,1,1,1,1
pos_f4f0cff0249b585d,1,bronze,provisional_positive,needs_human_review,2026-09-22,weak-signals-63-v2,tech_2c1289bbede3,Advanced materials,Передовые материалы,carbon-negative cementitious materials,цементные материалы с отрицательным углеродным следом,water purification,очистки воды,carbon-negative cementitious materials for water purification,цементные материалы с отрицательным углеродным следом для очистки воды,en,carbon-negative cementitious materials water purification,Towards low-carbon deep soil mixing: a complementary review of supplementary cementitious and alkali-activated binders,https://doi.org/10.1007/s44242-026-00112-1,https://api.crossref.org/works/10.1007/s44242-026-00112-1,https://doi.org/10.1007/s44242-026-00112-1,2026-08-10,day,unknown,Springer Science and Business Media LLC,"Abstract Deep soil mixing (DSM) is a proven in situ ground improvement technique conventionally employing cement/lime as hydraulic binders. Escalating concerns regarding greenhouse gas emissions and chemical durability of these materials have prompted the exploration of sustainable alternatives, notably supplementary cementitious materials (SCMs) and alkali-activated binders (AABs). This review consolidates recent progress in binder innovations, mix design approaches, and performance evaluation for sustainable DSM. Emphasis is placed on microstructural evolution, mechanical and durability char",title_or_abstract_terms,,0.608333,7,relevant_works_in_top_200_crossref_results,curated_application+crossref_title_abstract_term_overlap+recent_science,Crossref publication supports search-term overlap only; weak-signal status and exact application require expert review.,unavailable,,,,,,,no_relevant_result,,,,,,,,,,,,,,,,found,Cementitious Materials and Pozzolanic Reactions,https://www.nature.com/nature-index/topics/l4/cementitious-materials-and-pozzolanic-reactions,2025-05-31,www.nature.com,,,,,,technology_only_not_application,1,0,0,0,0,4.898,,,,,,,,,,1.791759,0.916291,1.321756,,0.0,0.0,,,,,,,,,,,,,,,,,1,,,,,,,,,,,0.0,0.005725,1.0,,,,,,1,,0,1,1,1,1
pos_a33b43043d038718,1,bronze,provisional_positive,needs_human_review,2026-09-22,weak-signals-63-v2,tech_556ef07a633e,Food and agriculture,Пищевые и агротехнологии,precision fermentation,прецизионная ферментация,livestock health monitoring,мониторинга здоровья сельскохозяйственных животных,precision fermentation for livestock health monitoring,прецизионная ферментация для мониторинга здоровья сельскохозяйственных животных,en,precision fermentation livestock health monitoring,"Probiotics, Gut Microbiome, and Livestock Production: From Mechanisms of Action to Precision Breeding",https://doi.org/10.3390/fermentation12080342,https://api.crossref.org/works/10.3390/fermentation12080342,https://doi.org/10.3390/fermentation12080342,2026-07-23,day,unknown,MDPI AG,"Accordingly, we propose integrating microbial genome-wide association studies (mGWAS) and genomic selection to develop novel breeding programs targeting probiotic responsiveness, with the aim of establishing a precision breeding system for probiotic-friendly livestock and poultry.",same_abstract_sentence,,0.558333,1,relevant_works_in_top_200_crossref_results,curated_application+crossref_title_abstract_term_overlap+recent_science,Crossref publication supports search-term overlap only; weak-signal status and exact application require expert review.,unavailable,,,,,,,no_relevant_result,,,,,,,,,,,,,,,,found,Scientists Estimate Precision-Fermented Milk Could Use 96% Less Land,https://dairynews.today/news/scientists_estimate_precision_fermented_milk_could_use_96_less_land_2406382.html,2026-09-18,dairynews.today,,,,,,technology_only_not_application,1,0,0,0,0,0.167,,,,,,,,,,0.693147,0.693147,0.693147,,0.0,0.0,,,,,,,,,,,,,,,,,1,,,,,,,,,,,0.0,0.0,1.0,,,,,,0,,0,1,1,1,1
pos_e5cb2b5f66e20a0b,1,bronze,provisional_positive,needs_human_review,2026-09-22,weak-signals-63-v2,tech_5b2a1cc5338a,Fintech,Финтех,tokenized commercial bank deposits,токенизированные депозиты коммерческих банков,SME lending,кредитования малого и среднего бизнеса,tokenized commercial bank deposits for SME lending,токенизированные депозиты коммерческих банков для кредитования малого и среднего бизнеса,en,tokenized commercial bank deposits SME lending,"Money Market Mutual Funds, Bank Deposits, and the Supply of Bank Credit",https://doi.org/10.2139/ssrn.6621930,https://api.crossref.org/works/10.2139/ssrn.6621930,https://doi.org/10.2139/ssrn.6621930,2026-01-01,year,unknown,Elsevier BV,"We examine the interaction between money market mutual fund (MMMF) flows, bank deposits, and bank lending using quarterly U.S.",same_abstract_sentence,,0.6625,15,relevant_works_in_top_200_crossref_results,curated_application+crossref_title_abstract_term_overlap+recent_science,Crossref publication supports search-term overlap only; weak-signal status and exact application require expert review.,unavailable,,,,,,,no_relevant_result,,,,,,,,,,,,,,,,found,Wells Fargo to launch tokenized deposits for corporate clients,https://techannouncer.com/tokenized-deposits-wells-fargo-corporate-launch/,2026-09-17,techannouncer.com,,,,,,technology_only_not_application,1,0,0,0,0,8.723,,,,,,,,,,2.484907,0.587787,-1.021651,,0.0,0.75,,,,,,,,,,,,,,,,,1,,,,,,,,,,,0.0,0.002024,0.133333,,,,,,1,,0,1,1,1,1
pos_17f9b2f5282b675e,1,bronze,provisional_positive,needs_human_review,2026-09-22,weak-signals-63-v2,tech_0a74e5afbe45,Edge AI,Edge,tinyML neural processing units,нейропроцессоры tinyML,battery-powered IoT,IoT-устройств с батарейным питанием,tinyML neural processing units for battery-powered IoT,нейропроцессоры tinyML для IoT-устройств с батарейным питанием,en,tinyML neural processing units battery-powered IoT,An Anomaly-based Intrusion Detection System for IoT environments using autoencoder neural networks and TinyML,https://doi.org/10.5120/ijca2025926000,https://api.crossref.org/works/10.5120/ijca2025926000,https://doi.org/10.5120/ijca2025926000,2025-11-18,day,unknown,Foundation of Computer Science,An Anomaly-based Intrusion Detection System for IoT environments using autoencoder neural networks and TinyML,title_terms_only,,0.5,5,relevant_works_in_top_200_crossref_results,curated_application+crossref_title_abstract_term_overlap+recent_science,Crossref publication supports search-term overlap only; weak-signal status and exact application require expert review.,unavailable,,,,,,,no_relevant_result,,,,,,,,,,,,,,,,no_relevant_result,,,,,,,,,,,0,0,0,1,0,2.809,,,,,,,,,,1.791759,0.916291,0.223144,,0.05,0.0,,,,,,,,,,,,,,,,,1,,,,,,,,,,,0.0,0.025,1.0,,,,,,1,,0,1,1,1,1
pos_acc1de3184870bd6,1,bronze,provisional_positive,needs_human_review,2026-09-22,weak-signals-63-v2,tech_7b169bfa3cf0,Biotechnology,Биотехнологии и медицина,federated learning across clinical institutions,федеративное обучение между клиническими учреждениями,drug screening,скрининга лекарств,federated learning across clinical institutions for drug screening,федеративное обучение между клиническими учреждениями для скрининга лекарств,en,federated learning across clinical institutions drug screening,Federated learning for fair autism spectrum disorder screening across age-heterogeneous populations,https://doi.org/10.3389/fdgth.2026.1760849,https://api.crossref.org/works/10.3389/fdgth.2026.1760849,https://doi.org/10.3389/fdgth.2026.1760849,2026-04-07,day,unknown,Frontiers Media SA,"This study proposes a federated learning (FL) framework to enable collaborative ASD screening across children, adolescents, and adults without sharing sensitive patient data.",same_abstract_sentence,,0.6625,4,relevant_works_in_top_200_crossref_results,curated_application+crossref_title_abstract_term_overlap+recent_science,Crossref publication supports search-term overlap only; weak-signal status and exact application require expert review.,unavailable,,,,,,,no_relevant_result,,,,,,,,,,,,,,,,no_relevant_result,,,,,,,,,,,0,0,0,1,0,1.799,,,,,,,,,,1.609438,1.609438,1.609438,,0.0,0.5,,,,,,,,,,,,,,,,,1,,,,,,,,,,,1.081081,0.055135,1.0,,,,,,1,,0,1,1,1,1
pos_1d252793700ba561,1,bronze,provisional_positive,needs_human_review,2026-09-22,weak-signals-63-v2,tech_caf2eda14975,AI security,Защита ИИ,continuous automated AI red teaming,непрерывный автоматизированный red teaming ИИ,defense systems,оборонных систем,continuous automated AI red teaming for defense systems,непрерывный автоматизированный red teaming ИИ для оборонных систем,en,continuous automated AI red teaming defense systems,Automated adversarial red-teaming for evaluating robustness in LLM-based recommender systems,https://doi.org/10.1007/s44163-026-01546-z,https://api.crossref.org/works/10.1007/s44163-026-01546-z,https://doi.org/10.1007/s44163-026-01546-z,2026-06-03,day,unknown,Springer Science and Business Media LLC,Abstract Robustness testing for large language model based recommender systems (LLM4Rec) typically relies on a handful of handwritten attack prompts drawn from one injection pattern at a single perturbation rate. These narrow test suites miss most of the attack surface and paint an overly optimistic picture of system security. We introduce an automated red teaming framework that replaces static templates with an adaptive loop. An attacker model generates diverse adversarial prompts across sixteen attack categories; a judge then scores each one using ranking distortion metrics. Successful attac,title_or_abstract_terms,,0.74,19,relevant_works_in_top_200_crossref_results,curated_application+crossref_title_abstract_term_overlap+recent_science,Crossref publication supports search-term overlap only; weak-signal status and exact application require expert review.,unavailable,,,,,,,no_relevant_result,,,,,,,,,,,,,,,,found,Snyk unveils continuous AI pentesting and agent red teaming,https://www.helpnetsecurity.com/2026/08/04/snyk-evo-continuous-offensive-security-cos/,2026-08-04,www.helpnetsecurity.com,,,,,,technology_only_not_application,0,0,0,1,0,3.565,,,,,,,,,,2.944439,0.693147,-1.252763,,0.0,0.461538,,,,,,,,,,,,,,,,,1,,,,,,,,,,,0.556638,0.007515,0.473684,,,,,,1,,0,1,1,1,1
pos_825983bce1752fa9,1,bronze,provisional_positive,needs_human_review,2026-09-22,weak-signals-63-v2,tech_f4583fff1f59,Industrial AI,Индустриальный ИИ,adaptive vision-guided robotic welding,адаптивная роботизированная сварка с машинным зрением,mineral processing,обогащения полезных ископаемых,adaptive vision-guided robotic welding for mineral processing,адаптивная роботизированная сварка с машинным зрением для обогащения полезных ископаемых,en,adaptive vision-guided robotic welding mineral processing,An integrated 3D vision sensor system with adaptive point cloud processing for robotic workpiece localization in industrial bin picking,https://doi.org/10.1007/s10791-026-10410-8,https://api.crossref.org/works/10.1007/s10791-026-10410-8,https://doi.org/10.1007/s10791-026-10410-8,2026-08-08,day,unknown,Springer Science and Business Media LLC,An integrated 3D vision sensor system with adaptive point cloud processing for robotic workpiece localization in industrial bin picking,title_terms_only,,0.5,9,relevant_works_in_top_200_crossref_results,curated_application+crossref_title_abstract_term_overlap+recent_science,Crossref publication supports search-term overlap only; weak-signal status and exact application require expert review.,unavailable,,,,,,,no_relevant_result,,,,,,,,,,,,,,,,no_relevant_result,,,,,,,,,,,0,0,0,1,0,6.543,,,,,,,,,,1.791759,0.223144,-0.470004,,0.0,0.5,,,,,,,,,,,,,,,,,1,,,,,,,,,,,0.0,0.01123,1.0,,,,,,1,,0,1,1,1,1
pos_1590000d1b27a43f,1,bronze,provisional_positive,needs_human_review,2026-09-22,weak-signals-63-v2,tech_f6b80fafee65,Space and ocean,Космос и океан,in-space robotic manufacturing,роботизированное производство в космосе,lunar construction,строительства на Луне,in-space robotic manufacturing for lunar construction,роботизированное производство в космосе для строительства на Луне,en,in-space robotic manufacturing lunar construction,Environment-Aware Path Generation for Robotic Additive Manufacturing of Structures,https://doi.org/10.2139/ssrn.6353098,https://api.crossref.org/works/10.2139/ssrn.6353098,https://doi.org/10.2139/ssrn.6353098,2026-01-01,year,unknown,Elsevier BV,Robotic Additive Manufacturing (AM) has emerged as a scalable and customizable construction method in the last decade.,same_abstract_sentence,,0.608333,4,relevant_works_in_top_200_crossref_results,curated_application+crossref_title_abstract_term_overlap+recent_science,Crossref publication supports search-term overlap only; weak-signal status and exact application require expert review.,unavailable,,,,,,,no_relevant_result,,,,,,,,,,,,,,,,no_relevant_result,,,,,,,,,,,1,0,0,0,0,7.852,,,,,,,,,,0.693147,0.0,0.0,,0.0,1.0,,,,,,,,,,,,,,,,,1,,,,,,,,,,,0.0,0.001613,0.25,,,,,,0,,0,1,1,1,1
pos_1038fe0dd4389146,1,bronze,provisional_positive,needs_human_review,2026-09-22,weak-signals-63-v2,tech_36ac1cd33281,Advanced materials,Передовые материалы,two-dimensional semiconductor devices,устройства на двумерных полупроводниках,low-power sensing,малопотребляющих сенсоров,two-dimensional semiconductor devices for low-power sensing,устройства на двумерных полупроводниках для малопотребляющих сенсоров,en,two-dimensional semiconductor devices low-power sensing,Phonon Engineering in Two-Dimensional Materials for Thermal Devices,https://doi.org/10.53941/ldm.2026.100003,https://api.crossref.org/works/10.53941/ldm.2026.100003,https://doi.org/10.53941/ldm.2026.100003,2026-03-23,day,unknown,Scilight Press Pty Ltd,"The review also surveys thermal devices based on 2D materials, such as thermal rectifiers, thermal transistors, thermal memories and other functional elements for thermoacoustic generation, thermal camouflage and thermal sensing, and compares their operating principles and performance.",same_abstract_sentence,,0.608333,2,relevant_works_in_top_200_crossref_results,curated_application+crossref_title_abstract_term_overlap+recent_science,Crossref publication supports search-term overlap only; weak-signal status and exact application require expert review.,unavailable,,,,,,,no_relevant_result,,,,,,,,,,,,,,,,found,IISER scientists develop ultra-thin electronic devices using novel 2D semiconductor,https://www.hindustantimes.com/cities/pune-news/iiser-scientists-develop-ultra-thin-electronic-devices-using-novel-2d-semiconductor-101771527761115.html,2026-02-19,www.hindustantimes.com,,,,,,technology_only_not_application,1,0,0,0,0,2.491,,,,,,,,,,1.098612,0.0,-0.693147,,0.0,0.0,,,,,,,,,,,,,,,,,1,,,,,,,,,,,0.0,0.021538,0.0,,,,,,0,,0,1,1,1,1
pos_72d19b22a31475e8,1,bronze,provisional_positive,needs_human_review,2026-09-22,weak-signals-63-v2,tech_4afb7ce056f3,Fintech,Финтех,purpose-bound programmable money,программируемые деньги с целевыми ограничениями,trade finance,торгового финансирования,purpose-bound programmable money for trade finance,программируемые деньги с целевыми ограничениями для торгового финансирования,en,purpose-bound programmable money trade finance,"The Observational Collapse: How Digital Measurement Threatens Civilizational Resilience &lt;br&gt; &lt;br&gt; Subtitle: A Quantum Framework for Surveillance, Transcaption, and Programmable Money &lt;br&gt; &lt;br&gt;",https://doi.org/10.2139/ssrn.6241298,https://api.crossref.org/works/10.2139/ssrn.6241298,https://doi.org/10.2139/ssrn.6241298,2026-01-01,year,unknown,Elsevier BV,"This book argues that modern societies are entering a new governance regime in which measurement does not merely observe social life but increasingly decides it. Across finance, employment, health, education, platforms, and security, institutions now rely on durable, searchable, and actionable records to allocate access and risk. As these records become interoperable across domains, they compress the plurality of human identity into portable classifications that can trigger binding outcomes. The central claim is that this shift is not only a privacy problem; it is a civilizational problem: the",title_or_abstract_terms,,0.608333,2,relevant_works_in_top_200_crossref_results,curated_application+crossref_title_abstract_term_overlap+recent_science,Crossref publication supports search-term overlap only; weak-signal status and exact application require expert review.,unavailable,,,,,,,no_relevant_result,,,,,,,,,,,,,,,,no_relevant_result,,,,,,,,,,,1,0,0,0,0,4.057,,,,,,,,,,0.693147,0.693147,1.386294,,0.0,1.0,,,,,,,,,,,,,,,,,1,,,,,,,,,,,0.0,0.001984,0.0,,,,,,0,,0,1,1,1,1
pos_6fa54d10558deb21,1,bronze,provisional_positive,needs_human_review,2026-09-22,weak-signals-63-v2,tech_44b6494eee17,Edge AI,Edge,adaptive edge-to-cloud inference routing,адаптивная маршрутизация инференса между устройством и облаком,drone navigation,навигации беспилотников,adaptive edge-to-cloud inference routing for drone navigation,адаптивная маршрутизация инференса между устройством и облаком для навигации беспилотников,en,adaptive edge-to-cloud inference routing drone navigation,EDRNet: Edge-Enhanced Dynamic Routing Adaptive for Depth Completion,https://doi.org/10.3390/math13060953,https://api.crossref.org/works/10.3390/math13060953,https://doi.org/10.3390/math13060953,2025-03-13,day,unknown,MDPI AG,"Depth completion is a technique to densify the sparse depth maps acquired by depth sensors (e.g., RGB-D cameras, LiDAR) to generate complete and accurate depth maps. This technique has important application value in autonomous driving, robot navigation, and virtual reality. Currently, deep learning has become a mainstream method for depth completion. Therefore, we propose an edge-enhanced dynamically routed adaptive depth completion network, EDRNet, to achieve efficient and accurate depth completion through lightweight design and boundary optimisation. Firstly, we introduce the Canny operator ",title_or_abstract_terms,,0.5,2,relevant_works_in_top_200_crossref_results,curated_application+crossref_title_abstract_term_overlap+recent_science,Crossref publication supports search-term overlap only; weak-signal status and exact application require expert review.,unavailable,,,,,,,no_relevant_result,,,,,,,,,,,,,,,,no_relevant_result,,,,,,,,,,,0,0,0,1,0,4.723,,,,,,,,,,0.693147,0.693147,1.386294,,0.055556,0.0,,,,,,,,,,,,,,,,,1,,,,,,,,,,,0.0,0.014493,1.0,,,,,,0,,0,1,1,1,1
pos_4d583195d6404bef,1,bronze,provisional_positive,needs_human_review,2026-09-22,weak-signals-63-v2,tech_7b169bfa3cf0,Biotechnology,Биотехнологии и медицина,federated learning across clinical institutions,федеративное обучение между клиническими учреждениями,precision diagnostics,точной диагностики,federated learning across clinical institutions for precision diagnostics,федеративное обучение между клиническими учреждениями для точной диагностики,en,federated learning across clinical institutions precision diagnostics,Application and Effectiveness Evaluation of Federated Learning Methods in Anti-Money Laundering Collaborative Modeling Across Inter-Institutional Transaction Networks,https://doi.org/10.20944/preprints202510.1828.v1,https://api.crossref.org/works/10.20944/preprints202510.1828.v1,https://doi.org/10.20944/preprints202510.1828.v1,2025-10-24,day,unknown,MDPI AG,"On 95 million transactions across 5 institutions, GFM—deployed as a freezing backbone + lightweight adapter—achieved 23–31% higher PR-AUC and 9–13 percentage points higher Recall (with Precision fixed ≥0.92) compared to independently trained GNNs per institution.",same_abstract_sentence,,0.6625,6,relevant_works_in_top_200_crossref_results,curated_application+crossref_title_abstract_term_overlap+recent_science,Crossref publication supports search-term overlap only; weak-signal status and exact application require expert review.,unavailable,,,,,,,no_relevant_result,,,,,,,,,,,,,,,,no_relevant_result,,,,,,,,,,,0,0,0,1,0,1.799,,,,,,,,,,1.94591,1.94591,1.94591,,0.0,0.333333,,,,,,,,,,,,,,,,,1,,,,,,,,,,,2.033898,0.054915,1.0,,,,,,1,,0,1,1,1,1
pos_a318639ea994a511,1,bronze,provisional_positive,needs_human_review,2026-09-22,weak-signals-63-v2,tech_914ccf8d83e7,AI security,Защита ИИ,memory poisoning defense for AI agents,защита памяти ИИ-агентов от отравления,critical infrastructure operations,эксплуатации критической инфраструктуры,memory poisoning defense for AI agents for critical infrastructure operations,защита памяти ИИ-агентов от отравления для эксплуатации критической инфраструктуры,en,memory poisoning defense for AI agents critical infrastructure operations,Skill Poisoning: Attack Taxonomies and Defense Architectures for Composable Agent Skill Ecosystems in AI-Driven Cyber-Physical Systems,https://doi.org/10.2139/ssrn.6408998,https://api.crossref.org/works/10.2139/ssrn.6408998,https://doi.org/10.2139/ssrn.6408998,2026-01-01,year,unknown,Elsevier BV,"Introduced as an open standard in December 2025, Skills enable agents that control physical processes, access enterprise infrastructure, and execute code on host systems to dynamically acquire domain-specific capabilities.",same_abstract_sentence,,0.74,3,relevant_works_in_top_200_crossref_results,curated_application+crossref_title_abstract_term_overlap+recent_science,Crossref publication supports search-term overlap only; weak-signal status and exact application require expert review.,unavailable,,,,,,,no_relevant_result,,,,,,,,,,,,,,,,found,The memory problem holding back AI security agents,https://www.computing.co.uk/feature/2026/the-memory-problem-holding-back-ai-security-agents,2026-07-08,www.computing.co.uk,,,,,,technology_only_not_application,1,0,0,0,0,0.997,,,,,,,,,,1.386294,1.386294,1.386294,,0.0,0.666667,,,,,,,,,,,,,,,,,1,,,,,,,,,,,0.0,0.007022,1.0,,,,,,1,,0,1,1,1,1
pos_7ed6a6bde7ede790,1,bronze,provisional_positive,needs_human_review,2026-09-22,weak-signals-63-v2,tech_48b6f21c07ca,Industrial AI,Индустриальный ИИ,compiler-verified language model generated PLC code,генерация кода ПЛК языковыми моделями с проверкой компилятором,mineral processing,обогащения полезных ископаемых,compiler-verified language model generated PLC code for mineral processing,генерация кода ПЛК языковыми моделями с проверкой компилятором для обогащения полезных ископаемых,en,compiler-verified language model generated PLC code mineral processing,Intelligent Natural Language Programming System: GEN - AN AI Powered Compiler for Translating English Instructions into Executable Code,https://doi.org/10.22214/ijraset.2026.81517,https://api.crossref.org/works/10.22214/ijraset.2026.81517,https://doi.org/10.22214/ijraset.2026.81517,2026-05-31,day,unknown,International Journal for Research in Applied Science and Engineering Technology,The proposed system integrates Natural Language Processing (NLP) techniques with Large Language Models (LLMs) to translate human language into a structured domain-specific programming language.,same_abstract_sentence,,0.5,2,relevant_works_in_top_200_crossref_results,curated_application+crossref_title_abstract_term_overlap+recent_science,Crossref publication supports search-term overlap only; weak-signal status and exact application require expert review.,unavailable,,,,,,,no_relevant_result,,,,,,,,,,,,,,,,no_relevant_result,,,,,,,,,,,1,0,0,0,0,2.256,,,,,,,,,,1.098612,0.0,-0.693147,,0.0,0.0,,,,,,,,,,,,,,,,,1,,,,,,,,,,,0.0,0.010638,0.5,,,,,,0,,0,1,1,1,1
pos_18fcc66eb8bcdef3,1,bronze,provisional_positive,needs_human_review,2026-09-22,weak-signals-63-v2,tech_a53d6cffd6c7,Space and ocean,Космос и океан,orbital edge computing,орбитальные периферийные вычисления,maritime security,морской безопасности,orbital edge computing for maritime security,орбитальные периферийные вычисления для морской безопасности,en,orbital edge computing maritime security,Edge computing research: a bibliometric analysis and JEC Volume 3 Issue 2 (2024) highlights,https://doi.org/10.55056/jec.853,https://api.crossref.org/works/10.55056/jec.853,https://doi.org/10.55056/jec.853,2024-11-21,day,unknown,Academy of Cognitive and Natural Sciences,"The IEEE Access analysis reveals key trends and themes in edge computing research, including IoT integration, AI and machine learning applications, resource management, wireless networks, and security concerns.",same_abstract_sentence,,0.608333,8,relevant_works_in_top_200_crossref_results,curated_application+crossref_title_abstract_term_overlap+recent_science,Crossref publication supports search-term overlap only; weak-signal status and exact application require expert review.,unavailable,,,,,,,no_relevant_result,,,,,,,,,,,,,,,,found,Sophia Space Sets $300 Million Asset Financing Framework With SLI For 10-Satellite Orbital Computing Constellation,https://pulse2.com/sophia-space-sets-300-million-asset-financing-framework-with-sli-for-10-satellite-orbital-computing-constellation/,2026-09-21,pulse2.com,,Galaxia closes $4.5 million CAD Seed round to scale orbital edge computing hardware,https://spaceq.ca/galaxia-closes-4-5-million-cad-seed-round-to-scale-orbital-edge-computing-hardware/,2026-09-11,$4.5 m,technology_only_not_application,0,0,0,1,0,7.228,,,,,,,,,,1.098612,-0.405465,-0.117783,,0.090909,0.0,,,,,,,,,,,,,,,,,1,,,,,,,,,,,0.0,0.046196,0.125,,,,,,0,,0,1,1,1,1
pos_37b4172b84e61a84,1,bronze,provisional_positive,needs_human_review,2026-09-22,weak-signals-63-v2,tech_36ac1cd33281,Advanced materials,Передовые материалы,two-dimensional semiconductor devices,устройства на двумерных полупроводниках,water purification,очистки воды,two-dimensional semiconductor devices for water purification,устройства на двумерных полупроводниках для очистки воды,en,two-dimensional semiconductor devices water purification,Research Progress of Two-Dimensional Semiconductor Materials in Photocatalysis,https://doi.org/10.54254/2755-2721/2025.23744,https://api.crossref.org/works/10.54254/2755-2721/2025.23744,https://doi.org/10.54254/2755-2721/2025.23744,2025-06-11,day,unknown,EWA Publishing,"With the rapid development of the economy, there is no doubt that photocatalytic technology is becoming increasingly important in the preparation of green and clean energy as well as in environmental protection fields. Traditional photocatalysts have disadvantages such as rapid electron-hole recombination and low light utilization rates, which limit their application in the field of photocatalysis. Two-dimensional (2D) semiconductor materials, due to their unique structures and properties, can suppress electron-hole recombination and shorten the bandgap to improve light utilization by construc",title_or_abstract_terms,,0.608333,1,relevant_works_in_top_200_crossref_results,curated_application+crossref_title_abstract_term_overlap+recent_science,Crossref publication supports search-term overlap only; weak-signal status and exact application require expert review.,unavailable,,,,,,,no_relevant_result,,,,,,,,,,,,,,,,found,IISER scientists develop ultra-thin electronic devices using novel 2D semiconductor,https://www.hindustantimes.com/cities/pune-news/iiser-scientists-develop-ultra-thin-electronic-devices-using-novel-2d-semiconductor-101771527761115.html,2026-02-19,www.hindustantimes.com,,,,,,technology_only_not_application,1,0,0,0,0,1.281,,,,,,,,,,0.693147,0.693147,0.693147,,0.0,0.0,,,,,,,,,,,,,,,,,1,,,,,,,,,,,0.0,0.018405,1.0,,,,,,0,,0,1,1,1,1
pos_ea9e620066508c57,1,bronze,provisional_positive,needs_human_review,2026-09-22,weak-signals-63-v2,tech_e9c200d65f1c,Fintech,Финтех,federated learning for financial crime detection,федеративное обучение для выявления финансовых преступлений,insurance underwriting,страхового андеррайтинга,federated learning for financial crime detection for insurance underwriting,федеративное обучение для выявления финансовых преступлений для страхового андеррайтинга,en,federated learning for financial crime detection insurance underwriting,Enhancing Money Laundering Detection in Insurance: A Machine Learning Approach Using Related Financial-Crime Labels,https://doi.org/10.2139/ssrn.7240161,https://api.crossref.org/works/10.2139/ssrn.7240161,https://doi.org/10.2139/ssrn.7240161,2026-01-01,year,unknown,Elsevier BV,"Money laundering is the handling of criminal proceeds to make illicit assets appear legitimate. While laundering is most commonly associated with banking, it can also be carried out through insurance claims, posing a threat to insurers both through fraudulent payouts and reputational and regulatory risk. Despite this, little research has examined how such laundering can be prevented. One challenge is that laundering cases are extremely rare, leaving too few positive examples for models to generalise well. This paper proposes leveraging labels from related financial crimes to improve machine le",title_or_abstract_terms,,0.565,1,relevant_works_in_top_200_crossref_results,curated_application+crossref_title_abstract_term_overlap+recent_science,Crossref publication supports search-term overlap only; weak-signal status and exact application require expert review.,unavailable,,,,,,,no_relevant_result,,,,,,,,,,,,,,,,found,Sigma360 And Consilient Announce Strategic Integration To Transform Financial Crime Detection With Federated Machine Learning Driven Pkyc And Transaction Risk Monitoring,https://menafn.com/1110962653/Sigma360-And-Consilient-Announce-Strategic-Integration-To-Transform-Financial-Crime-Detection-With-Federated-Machine-Learning-Driven-Pkyc-And-Transaction-Risk-Monitoring,2026-04-09,menafn.com,,,,,,technology_only_not_application,1,0,0,0,0,0.723,,,,,,,,,,0.693147,0.693147,0.693147,,0.0,1.0,,,,,,,,,,,,,,,,,1,,,,,,,,,,,0.0,0.018349,0.0,,,,,,0,,0,1,1,1,1
pos_0ca8b3dce3a24be5,1,bronze,provisional_positive,needs_human_review,2026-09-22,weak-signals-63-v2,tech_b59177054834,Biotechnology,Биотехнологии и медицина,biohybrid living actuators,биогибридные приводы из живой ткани,drug screening,скрининга лекарств,biohybrid living actuators for drug screening,биогибридные приводы из живой ткани для скрининга лекарств,en,biohybrid living actuators drug screening,"Living Biohybrid Hydrogels for Co‐Delivery of Oxygen, Anti‐Cancer Drugs, and Probiotics: Effects on Cancer and Healthy Cell Viability",https://doi.org/10.1002/mabi.70233,https://api.crossref.org/works/10.1002/mabi.70233,https://doi.org/10.1002/mabi.70233,2026-09-01,month,unknown,Wiley,"In this study, we report a new probiotic‐enriched 3D‐printed biomaterial (3D‐BioHybrid‐DOX/SPEP) that is capable of O 2 , probiotic, and acidic pH (pH 6.0) sensitive anticancer drug (Doxorubicin = DOX) co‐release.",same_abstract_sentence,,0.608333,4,relevant_works_in_top_200_crossref_results,curated_application+crossref_title_abstract_term_overlap+recent_science,Crossref publication supports search-term overlap only; weak-signal status and exact application require expert review.,unavailable,,,,,,,no_relevant_result,,,,,,,,,,,,,,,,found,Biohybrid Robotics,https://www.nature.com/collections/ccagjehcfi/participating-journals,2025-12-22,www.nature.com,https://www.mccormick.northwestern.edu/magazine/spring-2025/biohybrid-systems-for-better-living/,,,,,technology_only_not_application,0,1,0,0,0,1.722,,,,,,,,,,1.609438,1.609438,1.609438,,0.0,0.0,,,,,,,,,,,,,,,,,1,,,,,,,,,,,1.831502,0.0,0.0,,,,,,1,,0,1,1,1,1
pos_bc3f3a2a30b93ee5,1,bronze,provisional_positive,needs_human_review,2026-09-22,weak-signals-63-v2,tech_b54c259cf36d,AI security,Защита ИИ,AI agent identity and delegated authorization,идентичность ИИ-агентов и делегированная авторизация,healthcare copilots,медицинских копилотов,AI agent identity and delegated authorization for healthcare copilots,идентичность ИИ-агентов и делегированная авторизация для медицинских копилотов,en,AI agent identity and delegated authorization healthcare copilots,Identity and Access Control for Autonomous AI Agents: Dual-Principal Authorization in Enterprise Settings,https://doi.org/10.2139/ssrn.7305358,https://api.crossref.org/works/10.2139/ssrn.7305358,https://doi.org/10.2139/ssrn.7305358,2026-01-01,year,unknown,Elsevier BV,"I then set out a six-part control-plane reading of the same problem (identity, delegation, policy, enforcement, evidence, and lifecycle) and discuss how the combination behaves in common enterprise patterns, including user-delegated copilots, headless workers, tool gateways, and multi-agent chains.",same_abstract_sentence,,0.695,3,relevant_works_in_top_200_crossref_results,curated_application+crossref_title_abstract_term_overlap+recent_science,Crossref publication supports search-term overlap only; weak-signal status and exact application require expert review.,unavailable,,,,,,,no_relevant_result,,,,,,,,,,,,,,,,found,How Do AI Agents Make Payments? From Authorization to Settlement,https://tradebrains.in/brand/how-do-ai-agents-make-payments-from-authorization-to-settlement-12566534,2026-09-21,tradebrains.in,,,,,,technology_only_not_application,0,0,0,1,0,0.723,,,,,,,,,,1.386294,1.386294,1.386294,,0.0,1.0,,,,,,,,,,,,,,,,,1,,,,,,,,,,,0.0,0.003774,0.0,,,,,,1,,0,1,1,1,1
pos_9976f145b9c84d55,1,bronze,provisional_positive,needs_human_review,2026-09-22,weak-signals-63-v2,tech_2821e567cd98,Industrial AI,Индустриальный ИИ,reinforcement learning on industrial controllers,обучение с подкреплением на промышленных контроллерах,semiconductor fabrication,полупроводниковых фабрик,reinforcement learning on industrial controllers for semiconductor fabrication,обучение с подкреплением на промышленных контроллерах для полупроводниковых фабрик,en,reinforcement learning on industrial controllers semiconductor fabrication,Adversarial learning enhanced multi-agent cooperative reinforcement learning for parallel batch processing machine scheduling in wafer fabrication,https://doi.org/10.1016/j.cie.2025.111660,https://api.crossref.org/works/10.1016/j.cie.2025.111660,https://doi.org/10.1016/j.cie.2025.111660,2026-02-01,month,unknown,Elsevier BV,Adversarial learning enhanced multi-agent cooperative reinforcement learning for parallel batch processing machine scheduling in wafer fabrication,title_terms_only,,0.5,2,relevant_works_in_top_200_crossref_results,curated_application+crossref_title_abstract_term_overlap+recent_science,Crossref publication supports search-term overlap only; weak-signal status and exact application require expert review.,unavailable,,,,,,,no_relevant_result,,,,,,,,,,,,,,,,found,“Reinforcement Learning” Fuels the Rise of Adaptive Controllers (Download),https://www.electronicdesign.com/technologies/industrial/document/55361687/reinforcement-learning-fuels-the-rise-of-adaptive-controllers-download,2026-03-03,www.electronicdesign.com,,,,,,technology_only_not_application,1,0,0,0,0,3.795,,,,,,,,,,0.693147,0.0,-0.693147,,0.0,0.0,,,,,,,,,,,,,,,,,1,,,,,,,,,,,0.0,0.023973,0.0,,,,,,0,,0,1,1,1,1
pos_75327aa0e80f3046,1,bronze,provisional_positive,needs_human_review,2026-09-22,weak-signals-63-v2,tech_a53d6cffd6c7,Space and ocean,Космос и океан,orbital edge computing,орбитальные периферийные вычисления,polar research,полярных исследований,orbital edge computing for polar research,орбитальные периферийные вычисления для полярных исследований,en,orbital edge computing polar research,Edge computing research: a bibliometric analysis and JEC Volume 3 Issue 2 (2024) highlights,https://doi.org/10.55056/jec.853,https://api.crossref.org/works/10.55056/jec.853,https://doi.org/10.55056/jec.853,2024-11-21,day,unknown,Academy of Cognitive and Natural Sciences,"This editorial presents a bibliometric analysis of edge computing research published in IEEE Access from 2018 to 2023, followed by an overview and discussion of the papers featured in the current issue of the Journal of Edge Computing (JEC), Volume 3, Issue 2 (2024).",same_abstract_sentence,,0.608333,1,relevant_works_in_top_200_crossref_results,curated_application+crossref_title_abstract_term_overlap+recent_science,Crossref publication supports search-term overlap only; weak-signal status and exact application require expert review.,unavailable,,,,,,,no_relevant_result,,,,,,,,,,,,,,,,found,Sophia Space Sets $300 Million Asset Financing Framework With SLI For 10-Satellite Orbital Computing Constellation,https://pulse2.com/sophia-space-sets-300-million-asset-financing-framework-with-sli-for-10-satellite-orbital-computing-constellation/,2026-09-21,pulse2.com,,Galaxia closes $4.5 million CAD Seed round to scale orbital edge computing hardware,https://spaceq.ca/galaxia-closes-4-5-million-cad-seed-round-to-scale-orbital-edge-computing-hardware/,2026-09-11,$4.5 m,technology_only_not_application,1,0,0,0,0,1.834,,,,,,,,,,0.693147,0.693147,0.693147,,0.090909,0.0,,,,,,,,,,,,,,,,,1,,,,,,,,,,,0.0,0.047619,0.0,,,,,,0,,0,1,1,1,1
pos_744d7138cb434e56,1,bronze,provisional_positive,needs_human_review,2026-09-22,weak-signals-63-v2,tech_36ac1cd33281,Advanced materials,Передовые материалы,two-dimensional semiconductor devices,устройства на двумерных полупроводниках,corrosion protection,защиты от коррозии,two-dimensional semiconductor devices for corrosion protection,устройства на двумерных полупроводниках для защиты от коррозии,en,two-dimensional semiconductor devices corrosion protection,Research Progress of Two-Dimensional Semiconductor Materials in Photocatalysis,https://doi.org/10.54254/2755-2721/2025.23744,https://api.crossref.org/works/10.54254/2755-2721/2025.23744,https://doi.org/10.54254/2755-2721/2025.23744,2025-06-11,day,unknown,EWA Publishing,"With the rapid development of the economy, there is no doubt that photocatalytic technology is becoming increasingly important in the preparation of green and clean energy as well as in environmental protection fields. Traditional photocatalysts have disadvantages such as rapid electron-hole recombination and low light utilization rates, which limit their application in the field of photocatalysis. Two-dimensional (2D) semiconductor materials, due to their unique structures and properties, can suppress electron-hole recombination and shorten the bandgap to improve light utilization by construc",title_or_abstract_terms,,0.608333,1,relevant_works_in_top_200_crossref_results,curated_application+crossref_title_abstract_term_overlap+recent_science,Crossref publication supports search-term overlap only; weak-signal status and exact application require expert review.,unavailable,,,,,,,no_relevant_result,,,,,,,,,,,,,,,,found,IISER scientists develop ultra-thin electronic devices using novel 2D semiconductor,https://www.hindustantimes.com/cities/pune-news/iiser-scientists-develop-ultra-thin-electronic-devices-using-novel-2d-semiconductor-101771527761115.html,2026-02-19,www.hindustantimes.com,,,,,,technology_only_not_application,1,0,0,0,0,1.281,,,,,,,,,,0.693147,0.693147,0.693147,,0.0,0.0,,,,,,,,,,,,,,,,,1,,,,,,,,,,,0.0,0.018405,1.0,,,,,,0,,0,1,1,1,1
pos_48b1f907b8b65ca1,1,bronze,provisional_positive,needs_human_review,2026-09-22,weak-signals-63-v2,tech_5241ac78eed1,Fintech,Финтех,zero-knowledge reusable identity credentials,переиспользуемые идентификационные данные с доказательствами с нулевым разглашением,digital asset custody,хранения цифровых активов,zero-knowledge reusable identity credentials for digital asset custody,переиспользуемые идентификационные данные с доказательствами с нулевым разглашением для хранения цифровых активов,en,zero-knowledge reusable identity credentials digital asset custody,A Zero-Knowledge Proof-Based Pool Architecture for Privacy-Preserving Digital Asset Transfers Using Social Identity,https://doi.org/10.1109/isades69945.2026.11608142,https://api.crossref.org/works/10.1109/isades69945.2026.11608142,https://doi.org/10.1109/isades69945.2026.11608142,2026-06-01,month,unknown,IEEE,A Zero-Knowledge Proof-Based Pool Architecture for Privacy-Preserving Digital Asset Transfers Using Social Identity,title_terms_only,,0.558333,1,relevant_works_in_top_200_crossref_results,curated_application+crossref_title_abstract_term_overlap+recent_science,Crossref publication supports search-term overlap only; weak-signal status and exact application require expert review.,unavailable,,,,,,,no_relevant_result,,,,,,,,,,,,,,,,found,From Wallets To Passports To Monetization: Your Identity Reimagined,https://www.forbes.com/sites/digital-assets/2025/10/12/from-wallets-to-passports-to-monetization-your-identity-reimagined/,2025-10-12,www.forbes.com,,,,,,technology_only_not_application,1,0,0,0,0,0.309,,,,,,,,,,0.693147,0.693147,0.693147,,0.0,0.0,,,,,,,,,,,,,,,,,1,,,,,,,,,,,0.0,0.0,0.0,,,,,,0,,0,1,1,1,1
pos_1e1da1fcc1ecca9f,1,bronze,provisional_positive,needs_human_review,2026-09-22,weak-signals-63-v2,tech_ef41e16678ef,Biotechnology,Биотехнологии и медицина,programmable epigenome editing,программируемое редактирование эпигенома,tissue regeneration,регенерации тканей,programmable epigenome editing for tissue regeneration,программируемое редактирование эпигенома для регенерации тканей,en,programmable epigenome editing tissue regeneration,Beyond Permanent Genome Editing: Molecular Delivery Strategies for RNA Editing and Epigenome-Editing Therapeutics,https://doi.org/10.3390/ijms27146467,https://api.crossref.org/works/10.3390/ijms27146467,https://doi.org/10.3390/ijms27146467,2026-07-21,day,unknown,MDPI AG,"Overall, delivery systems for reversible genetic medicines should be judged by tissue selectivity, functional editing, duration of action, reversibility after treatment withdrawal, safety, manufacturability, and clinical controllability.",same_abstract_sentence,,0.608333,2,relevant_works_in_top_200_crossref_results,curated_application+crossref_title_abstract_term_overlap+recent_science,Crossref publication supports search-term overlap only; weak-signal status and exact application require expert review.,unavailable,,,,,,,no_relevant_result,,,,,,,,,,,,,,,,found,Omega Therapeutics Stock: Pioneering RNA Editing in Biotech Precision Medicine Landscape,https://www.ad-hoc-news.de/boerse/news/ueberblick/omega-therapeutics-stock-pioneering-rna-editing-in-biotech-precision/69007485,2026-03-27,www.ad-hoc-news.de,,Epitome Therapeutics Raises €4 Million To Advance Epigenome Editing Platform,https://pulse2.com/epitome-therapeutics-raises-e4-million-to-advance-epigenome-editing-platform/,2026-07-06,€4 M,technology_only_not_application,1,0,0,0,0,2.382,,,,,,,,,,1.098612,0.0,-0.693147,,0.0,0.0,,,,,,,,,,,,,,,,,1,,,,,,,,,,,2.197802,0.002198,0.0,,,,,,0,,0,1,1,1,1
pos_bbd68b5185cb0b49,1,bronze,provisional_positive,needs_human_review,2026-09-22,weak-signals-63-v2,tech_ca6c013b1e26,AI security,Защита ИИ,AI model provenance and software bills of materials,провенанс моделей ИИ и ведомости компонентов,critical infrastructure operations,эксплуатации критической инфраструктуры,AI model provenance and software bills of materials for critical infrastructure operations,провенанс моделей ИИ и ведомости компонентов для эксплуатации критической инфраструктуры,en,AI model provenance and software bills of materials critical infrastructure operations,"UACI Framework: A Unified Architecture for Atomic, Inference-Time Provenance Across AI-Generated Modalities",https://doi.org/10.2139/ssrn.7085538,https://api.crossref.org/works/10.2139/ssrn.7085538,https://doi.org/10.2139/ssrn.7085538,2026-01-01,year,unknown,Elsevier BV,"Existing approaches-metadata manifests [1], post-hoc watermarking [2][3], and proprietary signal systems [4]each address a fragment of this problem but fail collectively on three critical dimensions: they operate after inference rather than during it, they cover only a subset of modalities, and they do not bind cryptographic identity with tamper-resistant content signals and encrypted provenance metadata in a single, atomic operation.",same_abstract_sentence,,0.675,2,relevant_works_in_top_200_crossref_results,curated_application+crossref_title_abstract_term_overlap+recent_science,Crossref publication supports search-term overlap only; weak-signal status and exact application require expert review.,unavailable,,,,,,,no_relevant_result,,,,,,,,,,,,,,,,no_relevant_result,,,,,,,,,,,1,0,0,0,0,0.723,,,,,,,,,,1.098612,1.098612,1.098612,,0.0,1.0,,,,,,,,,,,,,,,,,1,,,,,,,,,,,0.0,0.005319,0.5,,,,,,1,,0,1,1,1,1
pos_92fd776255fb305e,1,bronze,provisional_positive,needs_human_review,2026-09-22,weak-signals-63-v2,tech_9d9eafce0d17,Space and ocean,Космос и океан,onboard hyperspectral satellite AI,бортовой ИИ для гиперспектральных спутников,ocean carbon monitoring,мониторинга углерода в океане,onboard hyperspectral satellite AI for ocean carbon monitoring,бортовой ИИ для гиперспектральных спутников для мониторинга углерода в океане,en,onboard hyperspectral satellite AI ocean carbon monitoring,Analysis of Volcanic CO₂ Emissions Using Next-Generation Satellite Hyperspectral Data,https://doi.org/10.5194/egusphere-egu26-12806,https://api.crossref.org/works/10.5194/egusphere-egu26-12806,https://doi.org/10.5194/egusphere-egu26-12806,2026-03-14,day,unknown,Copernicus GmbH,The present work investigates advanced methodologies for detecting and quantifying volcanic carbon dioxide (CO₂) emissions from degassing plumes and fumarole fields using hyperspectral data acquired by satellite and airborne sensors.,same_abstract_sentence,,0.558333,2,relevant_works_in_top_200_crossref_results,curated_application+crossref_title_abstract_term_overlap+recent_science,Crossref publication supports search-term overlap only; weak-signal status and exact application require expert review.,unavailable,,,,,,,no_relevant_result,,,,,,,,,,,,,,,,found,TelePIX proves onboard AI pre-processing of satellite imagery without ground stations,https://www.dongascience.com/en/news/79744,2026-09-03,www.dongascience.com,,,,,,technology_only_not_application,1,0,0,0,0,3.863,,,,,,,,,,0.693147,0.0,-0.693147,,0.0,1.0,,,,,,,,,,,,,,,,,1,,,,,,,,,,,0.0,0.005859,0.5,,,,,,0,,0,1,1,1,1
pos_f2740e8395fa9507,1,bronze,provisional_positive,needs_human_review,2026-09-22,weak-signals-63-v2,tech_2c1289bbede3,Advanced materials,Передовые материалы,carbon-negative cementitious materials,цементные материалы с отрицательным углеродным следом,circular manufacturing,циклического производства,carbon-negative cementitious materials for circular manufacturing,цементные материалы с отрицательным углеродным следом для циклического производства,en,carbon-negative cementitious materials circular manufacturing,Establishing strength prediction models for low-carbon rubberized cementitious mortar using advanced AI tools,https://doi.org/10.1515/rams-2025-0135,https://api.crossref.org/works/10.1515/rams-2025-0135,https://doi.org/10.1515/rams-2025-0135,2025-01-01,day,unknown,Walter de Gruyter GmbH,Abstract Rubberized cementitious composites have emerged as a sustainable alternative in the construction sector by promoting circular economy principles.,same_abstract_sentence,,0.608333,2,relevant_works_in_top_200_crossref_results,curated_application+crossref_title_abstract_term_overlap+recent_science,Crossref publication supports search-term overlap only; weak-signal status and exact application require expert review.,unavailable,,,,,,,no_relevant_result,,,,,,,,,,,,,,,,found,Cementitious Materials and Pozzolanic Reactions,https://www.nature.com/nature-index/topics/l4/cementitious-materials-and-pozzolanic-reactions,2025-05-31,www.nature.com,,,,,,technology_only_not_application,1,0,0,0,0,4.723,,,,,,,,,,0.693147,0.693147,1.386294,,0.05,0.0,,,,,,,,,,,,,,,,,1,,,,,,,,,,,0.0,0.005333,1.0,,,,,,0,,0,1,1,1,1
pos_200a9c8bb24a2344,1,bronze,provisional_positive,needs_human_review,2026-09-22,weak-signals-63-v2,tech_5b2a1cc5338a,Fintech,Финтех,tokenized commercial bank deposits,токенизированные депозиты коммерческих банков,offline retail payments,офлайн-розничных платежей,tokenized commercial bank deposits for offline retail payments,токенизированные депозиты коммерческих банков для офлайн-розничных платежей,en,tokenized commercial bank deposits offline retail payments,"Central Bank Digital Currency (CBDC), Bank Deposits, and Digital Payments: First Evidence from a Live Retail CBDC",https://doi.org/10.2139/ssrn.4779520,https://api.crossref.org/works/10.2139/ssrn.4779520,https://doi.org/10.2139/ssrn.4779520,2026-01-01,year,unknown,Elsevier BV,"The RBI’s staggered bank authorization and coordinated marketing campaigns show that CBDC eligibility lowers retail deposits by 2.7%, driven by liquid savings accounts; term deposits are unaffected.",same_abstract_sentence,,0.558333,5,relevant_works_in_top_200_crossref_results,curated_application+crossref_title_abstract_term_overlap+recent_science,Crossref publication supports search-term overlap only; weak-signal status and exact application require expert review.,unavailable,,,,,,,no_relevant_result,,,,,,,,,,,,,,,,found,Wells Fargo to launch tokenized deposits for corporate clients,https://techannouncer.com/tokenized-deposits-wells-fargo-corporate-launch/,2026-09-17,techannouncer.com,,,,,,technology_only_not_application,1,0,0,0,0,8.723,,,,,,,,,,1.609438,0.0,-1.098612,,0.0,1.0,,,,,,,,,,,,,,,,,1,,,,,,,,,,,0.0,0.005464,0.0,,,,,,0,,0,1,1,1,1
pos_1a506eb8baecb3b5,1,bronze,provisional_positive,needs_human_review,2026-09-22,weak-signals-63-v2,tech_b59177054834,Biotechnology,Биотехнологии и медицина,biohybrid living actuators,биогибридные приводы из живой ткани,antimicrobial therapy,антимикробной терапии,biohybrid living actuators for antimicrobial therapy,биогибридные приводы из живой ткани для антимикробной терапии,en,biohybrid living actuators antimicrobial therapy,Biohybrid Living Material with Antibacterial and Regenerating Properties Based on Probiotic Bacteria Stress Metabolism Modulation,https://doi.org/10.1002/mabi.202500452,https://api.crossref.org/works/10.1002/mabi.202500452,https://doi.org/10.1002/mabi.202500452,2025-09-17,day,unknown,Wiley,"ABSTRACT Wound healing is an intricate process that involves various biochemical pathways at each stage of tissue regeneration. Wound therapy is a series of distinct treatment stages that has a limited efficacy if wounds are of complex etiologies. A modern approach to this problem may be the development of bifunctional adaptive biohybrid systems that can concurrently affect pathogens' growth, inflammation, and tissue regeneration. We have developed biohybrid living material with antibacterial and regenerating properties based on induced hormesis by oxidative stress onto probiotic bacteria with",title_or_abstract_terms,,0.608333,2,relevant_works_in_top_200_crossref_results,curated_application+crossref_title_abstract_term_overlap+recent_science,Crossref publication supports search-term overlap only; weak-signal status and exact application require expert review.,unavailable,,,,,,,no_relevant_result,,,,,,,,,,,,,,,,found,Biohybrid Robotics,https://www.nature.com/collections/ccagjehcfi/participating-journals,2025-12-22,www.nature.com,https://www.mccormick.northwestern.edu/magazine/spring-2025/biohybrid-systems-for-better-living/,,,,,technology_only_not_application,1,0,0,0,0,2.16,,,,,,,,,,1.098612,0.0,-0.693147,,0.083333,0.0,,,,,,,,,,,,,,,,,1,,,,,,,,,,,0.0,0.007895,0.5,,,,,,0,,0,1,1,1,1
pos_c6070a01c069c1e6,1,bronze,provisional_positive,needs_human_review,2026-09-22,weak-signals-63-v2,tech_ca6c013b1e26,AI security,Защита ИИ,AI model provenance and software bills of materials,провенанс моделей ИИ и ведомости компонентов,financial service agents,агентов финансовых сервисов,AI model provenance and software bills of materials for financial service agents,провенанс моделей ИИ и ведомости компонентов для агентов финансовых сервисов,en,AI model provenance and software bills of materials financial service agents,The Agentic Governance Ribbon: A Provenance-first Framework for Governing Agentic AI across Regulatory Regimes,https://doi.org/10.2139/ssrn.6803162,https://api.crossref.org/works/10.2139/ssrn.6803162,https://doi.org/10.2139/ssrn.6803162,2026-01-01,year,unknown,Elsevier BV,"They have comparatively little to say about what agentic systems do: the autonomous actions, tool calls, and runtime-evolving behaviour that distinguish agents from prior generations of AI.",same_abstract_sentence,,0.666667,2,relevant_works_in_top_200_crossref_results,curated_application+crossref_title_abstract_term_overlap+recent_science,Crossref publication supports search-term overlap only; weak-signal status and exact application require expert review.,unavailable,,,,,,,no_relevant_result,,,,,,,,,,,,,,,,no_relevant_result,,,,,,,,,,,0,0,0,1,0,0.723,,,,,,,,,,1.098612,1.098612,1.098612,,0.0,1.0,,,,,,,,,,,,,,,,,1,,,,,,,,,,,1.865672,0.016791,0.0,,,,,,1,,0,1,1,1,1
pos_6a04f54f499b07cf,1,bronze,provisional_positive,needs_human_review,2026-09-22,weak-signals-63-v2,tech_9d9eafce0d17,Space and ocean,Космос и океан,onboard hyperspectral satellite AI,бортовой ИИ для гиперспектральных спутников,lunar construction,строительства на Луне,onboard hyperspectral satellite AI for lunar construction,бортовой ИИ для гиперспектральных спутников для строительства на Луне,en,onboard hyperspectral satellite AI lunar construction,Performance of the fiber tracker of the Zirè detector onboard NUSES satellite,https://doi.org/10.1088/1748-0221/21/06/c06001,https://api.crossref.org/works/10.1088/1748-0221/21/06/c06001,https://doi.org/10.1088/1748-0221/21/06/c06001,2026-06-01,day,unknown,IOP Publishing,"NUSES is a satellite mission, currently under construction, aiming to test innovative observational and technological approaches to study cosmic radiation.",same_abstract_sentence,,0.5,1,relevant_works_in_top_200_crossref_results,curated_application+crossref_title_abstract_term_overlap+recent_science,Crossref publication supports search-term overlap only; weak-signal status and exact application require expert review.,unavailable,,,,,,,no_relevant_result,,,,,,,,,,,,,,,,found,TelePIX proves onboard AI pre-processing of satellite imagery without ground stations,https://www.dongascience.com/en/news/79744,2026-09-03,www.dongascience.com,,,,,,technology_only_not_application,1,0,0,0,0,0.309,,,,,,,,,,0.693147,0.693147,0.693147,,0.0,0.0,,,,,,,,,,,,,,,,,1,,,,,,,,,,,0.0,0.0,0.0,,,,,,0,,0,1,1,1,1
pos_4772ad81c4063e1b,1,bronze,provisional_positive,needs_human_review,2026-09-22,weak-signals-63-v2,tech_36ac1cd33281,Advanced materials,Передовые материалы,two-dimensional semiconductor devices,устройства на двумерных полупроводниках,hydrogen storage,хранения водорода,two-dimensional semiconductor devices for hydrogen storage,устройства на двумерных полупроводниках для хранения водорода,en,two-dimensional semiconductor devices hydrogen storage,"Review for ""Recent progress in synthesis and properties of two-dimensional boron carbon nitride for application in energy storage devices""",https://doi.org/10.1088/1402-4896/adaaac/v2/review2,https://api.crossref.org/works/10.1088/1402-4896/adaaac/v2/review2,https://doi.org/10.1088/1402-4896/adaaac/v2/review2,2024-12-28,day,unknown,IOP Publishing,"Review for ""Recent progress in synthesis and properties of two-dimensional boron carbon nitride for application in energy storage devices""",title_terms_only,,0.608333,6,relevant_works_in_top_200_crossref_results,curated_application+crossref_title_abstract_term_overlap+recent_science,Crossref publication supports search-term overlap only; weak-signal status and exact application require expert review.,unavailable,,,,,,,no_relevant_result,,,,,,,,,,,,,,,,found,IISER scientists develop ultra-thin electronic devices using novel 2D semiconductor,https://www.hindustantimes.com/cities/pune-news/iiser-scientists-develop-ultra-thin-electronic-devices-using-novel-2d-semiconductor-101771527761115.html,2026-02-19,www.hindustantimes.com,,,,,,technology_only_not_application,1,0,0,0,0,8.493,,,,,,,,,,1.609438,0.0,-1.098612,,0.0,0.0,,,,,,,,,,,,,,,,,1,,,,,,,,,,,0.0,0.038929,0.0,,,,,,0,,0,1,1,1,1
pos_af055af5956ea41f,1,bronze,provisional_positive,needs_human_review,2026-09-22,weak-signals-63-v2,tech_5241ac78eed1,Fintech,Финтех,zero-knowledge reusable identity credentials,переиспользуемые идентификационные данные с доказательствами с нулевым разглашением,emerging market financial inclusion,финансовой доступности на развивающихся рынках,zero-knowledge reusable identity credentials for emerging market financial inclusion,переиспользуемые идентификационные данные с доказательствами с нулевым разглашением для финансовой доступности на развивающихся рынках,en,zero-knowledge reusable identity credentials emerging market financial inclusion,ZKP-IDFS: A Zero-Knowledge Proof-Based Digital Identity Framework for Financial Inclusion in Sub-Saharan Africa,https://doi.org/10.2139/ssrn.6629418,https://api.crossref.org/works/10.2139/ssrn.6629418,https://doi.org/10.2139/ssrn.6629418,2026-01-01,year,unknown,Elsevier BV,"This paper proposes ZKP-IDFS (Zero-Knowledge Proof Identity for Financial Services), a novel privacy-preserving digital identity framework that enables individuals to prove identityrelated predicates to financial institutions without disclosing the underlying personal attributes.",same_abstract_sentence,,0.5,1,relevant_works_in_top_200_crossref_results,curated_application+crossref_title_abstract_term_overlap+recent_science,Crossref publication supports search-term overlap only; weak-signal status and exact application require expert review.,unavailable,,,,,,,no_relevant_result,,,,,,,,,,,,,,,,found,From Wallets To Passports To Monetization: Your Identity Reimagined,https://www.forbes.com/sites/digital-assets/2025/10/12/from-wallets-to-passports-to-monetization-your-identity-reimagined/,2025-10-12,www.forbes.com,,,,,,technology_only_not_application,0,0,0,1,0,0.723,,,,,,,,,,0.693147,0.693147,0.693147,,0.0,1.0,,,,,,,,,,,,,,,,,1,,,,,,,,,,,0.0,0.006623,0.0,,,,,,0,,0,1,1,1,1
pos_f30a3273a57581d2,1,bronze,provisional_positive,needs_human_review,2026-09-22,weak-signals-63-v2,tech_6fea4324339f,Biotechnology,Биотехнологии и медицина,organoid intelligence,органоидный интеллект,targeted drug delivery,адресной доставки лекарств,organoid intelligence for targeted drug delivery,органоидный интеллект для адресной доставки лекарств,en,organoid intelligence targeted drug delivery,Brain organoids and brain disease organoids modeling in the age of artificial intelligence,https://doi.org/10.26599/co.2026.9410024,https://api.crossref.org/works/10.26599/co.2026.9410024,https://doi.org/10.26599/co.2026.9410024,2026-07-01,month,unknown,Tsinghua University Press,"Abstract The human brain governs bodily functions with exceptional complexity, yet neuroscience research is hindered by limited access to authentic human tissues, restricted availability of region-specific specimens, and a lack of physiologically relevant experimental models. Brain organoids and disease-specific brain organoids have emerged as transformative research platforms to address these bottlenecks. This review systematically summarizes advances in normal brain organoids, including cortical, cerebellar, meningeal, cerebrovascular, and blood–brain barrier models, as well as disease organ",title_or_abstract_terms,,0.558333,4,relevant_works_in_top_200_crossref_results,curated_application+crossref_title_abstract_term_overlap+recent_science,Crossref publication supports search-term overlap only; weak-signal status and exact application require expert review.,unavailable,,,,,,,no_relevant_result,,,,,,,,,,,,,,,,found,Organoid Intelligence Market - Global Forecast to 2036; Biological Computing and Brain Organoids Drive Growth,https://finance.yahoo.com/technology/ai/articles/organoid-intelligence-market-global-forecast-110200493.html,2026-09-10,finance.yahoo.com,,,,,,technology_only_not_application,1,0,0,0,0,1.161,,,,,,,,,,1.609438,1.609438,1.609438,,0.0,0.0,,,,,,,,,,,,,,,,,1,,,,,,,,,,,1.438849,0.0,0.0,,,,,,1,,0,1,1,1,1
pos_9050134a2b8b5a8c,1,bronze,provisional_positive,needs_human_review,2026-09-22,weak-signals-63-v2,tech_ca6c013b1e26,AI security,Защита ИИ,AI model provenance and software bills of materials,провенанс моделей ИИ и ведомости компонентов,scientific research agents,агентов научных исследований,AI model provenance and software bills of materials for scientific research agents,провенанс моделей ИИ и ведомости компонентов для агентов научных исследований,en,AI model provenance and software bills of materials scientific research agents,The Agentic Governance Ribbon: A Provenance-first Framework for Governing Agentic AI across Regulatory Regimes,https://doi.org/10.2139/ssrn.6803162,https://api.crossref.org/works/10.2139/ssrn.6803162,https://doi.org/10.2139/ssrn.6803162,2026-01-01,year,unknown,Elsevier BV,"They have comparatively little to say about what agentic systems do: the autonomous actions, tool calls, and runtime-evolving behaviour that distinguish agents from prior generations of AI.",same_abstract_sentence,,0.666667,3,relevant_works_in_top_200_crossref_results,curated_application+crossref_title_abstract_term_overlap+recent_science,Crossref publication supports search-term overlap only; weak-signal status and exact application require expert review.,unavailable,,,,,,,no_relevant_result,,,,,,,,,,,,,,,,no_relevant_result,,,,,,,,,,,1,0,0,0,0,1.843,,,,,,,,,,1.386294,1.386294,1.386294,,0.0,0.666667,,,,,,,,,,,,,,,,,1,,,,,,,,,,,0.0,0.009938,0.0,,,,,,1,,0,1,1,1,1
pos_3eb3607d44812a39,1,bronze,provisional_positive,needs_human_review,2026-09-22,weak-signals-63-v2,tech_9d9eafce0d17,Space and ocean,Космос и океан,onboard hyperspectral satellite AI,бортовой ИИ для гиперспектральных спутников,fisheries monitoring,мониторинга рыболовства,onboard hyperspectral satellite AI for fisheries monitoring,бортовой ИИ для гиперспектральных спутников для мониторинга рыболовства,en,onboard hyperspectral satellite AI fisheries monitoring,AI-Driven Hyperspectral Morphotoxic Profiling of Opportunistic Pathogens in Mixed Biofilm Contaminations,https://doi.org/10.37547/tajas/warm-08,https://api.crossref.org/works/10.37547/tajas/warm-08,https://doi.org/10.37547/tajas/warm-08,2026-05-16,day,unknown,The USA Journals,"The current framework of hyperspectral imaging, artificial intelligence, and web-based implementation with a focus on microbial profiling in only a few seconds is discussed as a potential option, and hyperspectral imaging could be used in the context of environmental toxicology, monitoring infections, water quality assessment, and managing biofilm in industries.",same_abstract_sentence,,0.5,19,relevant_works_in_top_200_crossref_results,curated_application+crossref_title_abstract_term_overlap+recent_science,Crossref publication supports search-term overlap only; weak-signal status and exact application require expert review.,unavailable,,,,,,,no_relevant_result,,,,,,,,,,,,,,,,found,TelePIX proves onboard AI pre-processing of satellite imagery without ground stations,https://www.dongascience.com/en/news/79744,2026-09-03,www.dongascience.com,,,,,,technology_only_not_application,0,0,0,1,0,6.828,,,,,,,,,,2.70805,1.252763,-0.133531,,0.0,0.692308,,,,,,,,,,,,,,,,,1,,,,,,,,,,,0.0,0.006292,0.894737,,,,,,1,,0,1,1,1,1
pos_71ac8382e83f7f66,1,bronze,provisional_positive,needs_human_review,2026-09-22,weak-signals-63-v2,tech_2c1289bbede3,Advanced materials,Передовые материалы,carbon-negative cementitious materials,цементные материалы с отрицательным углеродным следом,corrosion protection,защиты от коррозии,carbon-negative cementitious materials for corrosion protection,цементные материалы с отрицательным углеродным следом для защиты от коррозии,en,carbon-negative cementitious materials corrosion protection,Evaluation on Preparation and Performance of a Low-Carbon Alkali-Activated Recycled Concrete under Different Cementitious Material Systems,https://doi.org/10.3390/ma17194869,https://api.crossref.org/works/10.3390/ma17194869,https://doi.org/10.3390/ma17194869,2024-10-03,day,unknown,MDPI AG,"A green, low-carbon concrete is a top way to recycle waste in construction. This study uses industrial solid waste slag powder (S95) and fly ash (FA) as binders to completely replace cement. This study used recycled coarse aggregate (RCA) instead of natural coarse aggregate (NCA). This is to prepare alkali-activated recycled concrete (AARC) with different cementitious material systems. Alkali-activated concrete (AAC) mixtures are modified for strength and performance based on the mechanical qualities and durability of AARC. Also, the time-varying effects of the environment on AARC properties a",title_or_abstract_terms,,0.608333,1,relevant_works_in_top_200_crossref_results,curated_application+crossref_title_abstract_term_overlap+recent_science,Crossref publication supports search-term overlap only; weak-signal status and exact application require expert review.,unavailable,,,,,,,no_relevant_result,,,,,,,,,,,,,,,,found,Cementitious Materials and Pozzolanic Reactions,https://www.nature.com/nature-index/topics/l4/cementitious-materials-and-pozzolanic-reactions,2025-05-31,www.nature.com,,,,,,technology_only_not_application,1,0,0,0,0,1.969,,,,,,,,,,0.693147,0.693147,0.693147,,0.391304,0.0,,,,,,,,,,,,,,,,,1,,,,,,,,,,,0.0,0.0,1.0,,,,,,0,,0,1,1,1,1
pos_f7ae914c5d49bb7b,1,bronze,provisional_positive,needs_human_review,2026-09-22,weak-signals-63-v2,tech_5241ac78eed1,Fintech,Финтех,zero-knowledge reusable identity credentials,переиспользуемые идентификационные данные с доказательствами с нулевым разглашением,trade finance,торгового финансирования,zero-knowledge reusable identity credentials for trade finance,переиспользуемые идентификационные данные с доказательствами с нулевым разглашением для торгового финансирования,en,zero-knowledge reusable identity credentials trade finance,Binding LLM Providers to Product Liability: A Cryptographic Identity and Recursive Zero-Knowledge Proof-of-Usage Framework,https://doi.org/10.2139/ssrn.7404614,https://api.crossref.org/works/10.2139/ssrn.7404614,https://doi.org/10.2139/ssrn.7404614,2026-01-01,year,unknown,Elsevier BV,"The rapid integration of Large Language Models (LLMs) into autonomous workflows has outpaced legal frameworks. This creates a critical accountability gap under the EU AI Act and Product Liability Directive when AI systems cause real-world harm. Courts now shift the burden of proof to providers via a ”presumption of defectiveness” where the LLM provider must prove that it is not responsible for the harm caused by its LLM. However, isolating supply chain faults remains impossible without exposing proprietary weights or risking data tampering.To bridge this gap, this paper introduces a cryptograp",title_or_abstract_terms,,0.5,2,relevant_works_in_top_200_crossref_results,curated_application+crossref_title_abstract_term_overlap+recent_science,Crossref publication supports search-term overlap only; weak-signal status and exact application require expert review.,unavailable,,,,,,,no_relevant_result,,,,,,,,,,,,,,,,found,From Wallets To Passports To Monetization: Your Identity Reimagined,https://www.forbes.com/sites/digital-assets/2025/10/12/from-wallets-to-passports-to-monetization-your-identity-reimagined/,2025-10-12,www.forbes.com,,,,,,technology_only_not_application,0,0,0,1,0,1.183,,,,,,,,,,1.098612,1.098612,1.098612,,0.25,0.5,,,,,,,,,,,,,,,,,1,,,,,,,,,,,0.0,0.004348,0.5,,,,,,1,,0,1,1,1,1
pos_8a5e26c11d6b2100,1,bronze,provisional_positive,needs_human_review,2026-09-22,weak-signals-63-v2,tech_a2bd4124bb6f,Biotechnology,Биотехнологии и медицина,magnetically guided medical microrobots,магнитоуправляемые медицинские микророботы,personalized cancer therapy,персонализированной терапии рака,magnetically guided medical microrobots for personalized cancer therapy,магнитоуправляемые медицинские микророботы для персонализированной терапии рака,en,magnetically guided medical microrobots personalized cancer therapy,Correction to “Janus Magnetic‐Plasmonic Nanoparticles for Magnetically Guided and Thermally Activated Cancer Therapy”,https://doi.org/10.1002/smll.202513806,https://api.crossref.org/works/10.1002/smll.202513806,https://doi.org/10.1002/smll.202513806,2026-01-19,day,unknown,Wiley,Correction to “Janus Magnetic‐Plasmonic Nanoparticles for Magnetically Guided and Thermally Activated Cancer Therapy”,title_terms_only,,0.558333,6,relevant_works_in_top_200_crossref_results,curated_application+crossref_title_abstract_term_overlap+recent_science,Crossref publication supports search-term overlap only; weak-signal status and exact application require expert review.,unavailable,,,,,,,no_relevant_result,,,,,,,,,,,,,,,,found,Liquid Metal Microrobots for Magnetically Guided Transvascular Navigation,https://www.nature.com/nature-index/article/10.1002/adma.202518382,2025-12-18,www.nature.com,,,,,,technology_only_not_application,1,0,0,0,0,7.203,,,,,,,,,,1.386294,-0.916291,-2.525729,,0.0,0.0,,,,,,,,,,,,,,,,,1,,,,,,,,,,,0.0,0.0,0.5,,,,,,0,,0,1,1,1,1
